<?xml version="1.0" encoding="utf-8" ?>
<kml xmlns="http://www.opengis.net/kml/2.2">
<Document id="root_doc">
<Schema name="Areas_de_Derechos_Acuícolas" id="Areas_de_Derechos_Acuícolas">
	<SimpleField name="Name" type="string"></SimpleField>
	<SimpleField name="Description" type="string"></SimpleField>
	<SimpleField name="CODIGO" type="float"></SimpleField>
	<SimpleField name="RESOLUCION" type="string"></SimpleField>
	<SimpleField name="FECHA_EMIS" type="string"></SimpleField>
	<SimpleField name="FECHA_VIGE" type="string"></SimpleField>
	<SimpleField name="AREA_TOTAL" type="float"></SimpleField>
	<SimpleField name="LOTE" type="string"></SimpleField>
	<SimpleField name="NRO_ZONA" type="float"></SimpleField>
	<SimpleField name="AREA_ZONA_" type="float"></SimpleField>
	<SimpleField name="TIPO_RECUR" type="string"></SimpleField>
	<SimpleField name="NOMBRE_REC" type="string"></SimpleField>
	<SimpleField name="ESPECIE" type="string"></SimpleField>
	<SimpleField name="AMBITO" type="string"></SimpleField>
	<SimpleField name="TIPO_DEREC" type="string"></SimpleField>
	<SimpleField name="CATEGORIA_" type="string"></SimpleField>
	<SimpleField name="ESTADO" type="string"></SimpleField>
	<SimpleField name="DEPARTAMEN" type="string"></SimpleField>
	<SimpleField name="PROVINCIA" type="string"></SimpleField>
	<SimpleField name="DISTRITO" type="string"></SimpleField>
	<SimpleField name="ZONA" type="string"></SimpleField>
	<SimpleField name="RESOLUCI_1" type="string"></SimpleField>
	<SimpleField name="FECHA_MODI" type="string"></SimpleField>
	<SimpleField name="OBS_MODIFI" type="string"></SimpleField>
	<SimpleField name="TIPO_COORD" type="string"></SimpleField>
	<SimpleField name="DATUM" type="string"></SimpleField>
	<SimpleField name="LATITUD" type="string"></SimpleField>
	<SimpleField name="LONGITUD" type="string"></SimpleField>
	<SimpleField name="FLAG" type="float"></SimpleField>
	<SimpleField name="Shape_STAr" type="float"></SimpleField>
	<SimpleField name="Shape_STLe" type="float"></SimpleField>
</Schema>
<Folder><name>Areas_de_Derechos_Acuícolas</name>
  <Placemark>
	<name>JAKL INVESTMENTS SOCIEDAD ANONIMA CERRADA - JAKL INVESTMENTS S.A.C., NEPTUNO OCEAN  &amp;amp; AQUACULTURE S.A.C - NEPTUNO O &amp;amp; A S.A.C</name>
	<description>JAKL INVESTMENTS SOCIEDAD ANONIMA CERRADA - JAKL INVESTMENTS S.A.C., NEPTUNO OCEAN  &amp;amp; AQUACULTURE S.A.C - NEPTUNO O &amp;amp; A S.A.C</description>
	<Style><LineStyle><color>ff0000ff</color></LineStyle><PolyStyle><fill>0</fill></PolyStyle></Style>
	<ExtendedData><SchemaData schemaUrl="#Areas_de_Derechos_Acuícolas">
		<SimpleData name="CODIGO">8902</SimpleData>
		<SimpleData name="RESOLUCION">R.D. Nº 315-2016-PRODUCE/DGCHD</SimpleData>
		<SimpleData name="FECHA_EMIS">2016/07/27</SimpleData>
		<SimpleData name="FECHA_VIGE">2046/07/27</SimpleData>
		<SimpleData name="AREA_TOTAL">144.99900000</SimpleData>
		<SimpleData name="NRO_ZONA">1</SimpleData>
		<SimpleData name="AREA_ZONA_">144.99900000</SimpleData>
		<SimpleData name="TIPO_RECUR">NO ESPECIFICADO</SimpleData>
		<SimpleData name="ESPECIE">COCHAYUYO, EISENIA COKERI</SimpleData>
		<SimpleData name="AMBITO">MARICULTURA</SimpleData>
		<SimpleData name="TIPO_DEREC">CONCESION</SimpleData>
		<SimpleData name="CATEGORIA_">ACUICULTURA DE MEDIANA Y GRAN EMPRESA (AMYGE)</SimpleData>
		<SimpleData name="ESTADO">VIGENTE</SimpleData>
		<SimpleData name="DEPARTAMEN">PIURA</SimpleData>
		<SimpleData name="PROVINCIA">SECHURA</SimpleData>
		<SimpleData name="DISTRITO">SECHURA</SimpleData>
		<SimpleData name="ZONA">CHULLIYACHI</SimpleData>
		<SimpleData name="RESOLUCI_1">R.D. N° 002-2017-PRODUCE/DGCHD</SimpleData>
		<SimpleData name="OBS_MODIFI">SE RESUELVE APROBAR A FAVOR DE LA EMPRESA JAKL INVESTMENTS S.A.C. , EN EL EXTREMO REFERIDO A LA TITULARIDAD QUE CORRESPONDA A LA TITULARIDAD DE MARITZA VERONICA ALCOCER DELELLIS.</SimpleData>
		<SimpleData name="TIPO_COORD">Ubicación RD</SimpleData>
		<SimpleData name="DATUM">WGS 84</SimpleData>
		<SimpleData name="LATITUD">PTO A 05°33'03.0&quot; ,  PTO B 05°33'03.00&quot; ,  PTO C 05°33'29.00&quot; ,  PTO D 05°33'28.981&quot;</SimpleData>
		<SimpleData name="LONGITUD">PTO A 80°54'44.014&quot; ,  PTO B 80°53'35.00&quot; ,  PTO C 80°53'35.00&quot; ,  PTO D 80°54'24.106&quot;</SimpleData>
		<SimpleData name="FLAG">1</SimpleData>
		<SimpleData name="Shape_STAr">0.00011843399</SimpleData>
		<SimpleData name="Shape_STLe">0.04912537423</SimpleData>
	</SchemaData></ExtendedData>
      <Polygon><outerBoundaryIs><LinearRing><coordinates>-80.8930555559999,-5.55083333299991 -80.8930555559999,-5.55805555599992 -80.906696111,-5.55805027799992 -80.9122261109999,-5.55083333299991 -80.8930555559999,-5.55083333299991</coordinates></LinearRing></outerBoundaryIs></Polygon>
  </Placemark>
  <Placemark>
	<name>SISTEMAS AMBIENTALES ARPSON PERU S.C.R.L.</name>
	<description>SISTEMAS AMBIENTALES ARPSON PERU S.C.R.L.</description>
	<Style><LineStyle><color>ff0000ff</color></LineStyle><PolyStyle><fill>0</fill></PolyStyle></Style>
	<ExtendedData><SchemaData schemaUrl="#Areas_de_Derechos_Acuícolas">
		<SimpleData name="CODIGO">8901</SimpleData>
		<SimpleData name="RESOLUCION">R.D. Nº 333-2016-PRODUCE/DGCHD</SimpleData>
		<SimpleData name="FECHA_EMIS">2016/08/05</SimpleData>
		<SimpleData name="FECHA_VIGE">2046/08/05</SimpleData>
		<SimpleData name="AREA_TOTAL">81.48000000</SimpleData>
		<SimpleData name="NRO_ZONA">1</SimpleData>
		<SimpleData name="AREA_ZONA_">81.48000000</SimpleData>
		<SimpleData name="TIPO_RECUR">NO ESPECIFICADO</SimpleData>
		<SimpleData name="ESPECIE">CONCHA DE ABANICO</SimpleData>
		<SimpleData name="AMBITO">MARICULTURA</SimpleData>
		<SimpleData name="TIPO_DEREC">CONCESION</SimpleData>
		<SimpleData name="CATEGORIA_">ACUICULTURA DE MEDIANA Y GRAN EMPRESA (AMYGE)</SimpleData>
		<SimpleData name="ESTADO">VIGENTE</SimpleData>
		<SimpleData name="DEPARTAMEN">PIURA</SimpleData>
		<SimpleData name="PROVINCIA">SECHURA</SimpleData>
		<SimpleData name="DISTRITO">SECHURA</SimpleData>
		<SimpleData name="ZONA">BAHIA SECHURA</SimpleData>
		<SimpleData name="TIPO_COORD">Ubicación RD</SimpleData>
		<SimpleData name="DATUM">WGS 84</SimpleData>
		<SimpleData name="LATITUD">PTO A 05°33'40.042&quot; ,  PTO B 05°33'28.199&quot; ,  PTO C 05°33'57.128&quot; ,  PTO D 05°34'08.475&quot;</SimpleData>
		<SimpleData name="LONGITUD">PTO A 80°57'05.089&quot; ,  PTO B 80°56'36.063&quot; ,  PTO C 80°56'32.248&quot; ,  PTO D 80°56'59.617&quot;</SimpleData>
		<SimpleData name="FLAG">1</SimpleData>
		<SimpleData name="Shape_STAr">0.00006656060</SimpleData>
		<SimpleData name="Shape_STLe">0.03308740933</SimpleData>
	</SchemaData></ExtendedData>
      <Polygon><outerBoundaryIs><LinearRing><coordinates>-80.942291,-5.56586899999999 -80.949894,-5.56902099999993 -80.951414,-5.56112299999996 -80.9433509999999,-5.55783299999998 -80.942291,-5.56586899999999</coordinates></LinearRing></outerBoundaryIs></Polygon>
  </Placemark>
  <Placemark>
	<name>RUTH EUNICE SOCIEDAD ANONIMA CERRADA - RUTH EUNICE S.A.C.</name>
	<description>RUTH EUNICE SOCIEDAD ANONIMA CERRADA - RUTH EUNICE S.A.C.</description>
	<Style><LineStyle><color>ff0000ff</color></LineStyle><PolyStyle><fill>0</fill></PolyStyle></Style>
	<ExtendedData><SchemaData schemaUrl="#Areas_de_Derechos_Acuícolas">
		<SimpleData name="CODIGO">11186</SimpleData>
		<SimpleData name="RESOLUCION">R.D.R. Nº 535-2018-GOBIERNO REGIONAL PIURA-DRP-DR</SimpleData>
		<SimpleData name="FECHA_EMIS">2018/05/29</SimpleData>
		<SimpleData name="FECHA_VIGE">2028/05/29</SimpleData>
		<SimpleData name="AREA_TOTAL">31.53000000</SimpleData>
		<SimpleData name="NRO_ZONA">1</SimpleData>
		<SimpleData name="AREA_ZONA_">31.53000000</SimpleData>
		<SimpleData name="ESPECIE">CONCHA DE ABANICO</SimpleData>
		<SimpleData name="AMBITO">MARICULTURA</SimpleData>
		<SimpleData name="TIPO_DEREC">CONCESION</SimpleData>
		<SimpleData name="CATEGORIA_">ACUICULTURA DE MICRO Y PEQUEÑA EMPRESA (AMYPE)</SimpleData>
		<SimpleData name="ESTADO">VIGENTE</SimpleData>
		<SimpleData name="DEPARTAMEN">PIURA</SimpleData>
		<SimpleData name="PROVINCIA">SECHURA</SimpleData>
		<SimpleData name="DISTRITO">SECHURA</SimpleData>
		<SimpleData name="ZONA">LOTE 72-C PARACHIQUE - BAHIA SECHURA</SimpleData>
		<SimpleData name="TIPO_COORD">Ubicación RD</SimpleData>
		<SimpleData name="DATUM">WGS 84</SimpleData>
		<SimpleData name="LATITUD">PTO A 05°44'41.0820&quot; ,  PTO B 05°44'41.0820&quot; ,  PTO C 05°44'51.3510&quot; ,  PTO D 05°44'51.3510&quot;</SimpleData>
		<SimpleData name="LONGITUD">PTO A 80°57'01.1340&quot; ,  PTO B 80°56'28.6230&quot; ,  PTO C 80°56'28.6230&quot; ,  PTO D 80°57'01.1340&quot;</SimpleData>
		<SimpleData name="FLAG">1</SimpleData>
		<SimpleData name="Shape_STAr">0.00002576045</SimpleData>
		<SimpleData name="Shape_STLe">0.02376666600</SimpleData>
	</SchemaData></ExtendedData>
      <Polygon><outerBoundaryIs><LinearRing><coordinates>-80.9412841669999,-5.74759749999994 -80.950315,-5.74759749999994 -80.950315,-5.744745 -80.9412841669999,-5.744745 -80.9412841669999,-5.74759749999994</coordinates></LinearRing></outerBoundaryIs></Polygon>
  </Placemark>
  <Placemark>
	<name>SISTEMAS AMBIENTALES ARPSON PERU S.C.R.L.</name>
	<description>SISTEMAS AMBIENTALES ARPSON PERU S.C.R.L.</description>
	<Style><LineStyle><color>ff0000ff</color></LineStyle><PolyStyle><fill>0</fill></PolyStyle></Style>
	<ExtendedData><SchemaData schemaUrl="#Areas_de_Derechos_Acuícolas">
		<SimpleData name="CODIGO">8900</SimpleData>
		<SimpleData name="RESOLUCION">R.D. Nº 325-2016-PRODUCE/DGCD</SimpleData>
		<SimpleData name="FECHA_EMIS">2016/08/02</SimpleData>
		<SimpleData name="FECHA_VIGE">2046/08/02</SimpleData>
		<SimpleData name="AREA_TOTAL">100.00000000</SimpleData>
		<SimpleData name="NRO_ZONA">1</SimpleData>
		<SimpleData name="AREA_ZONA_">100.00000000</SimpleData>
		<SimpleData name="TIPO_RECUR">NO ESPECIFICADO</SimpleData>
		<SimpleData name="ESPECIE">CONCHA DE ABANICO</SimpleData>
		<SimpleData name="AMBITO">MARICULTURA</SimpleData>
		<SimpleData name="TIPO_DEREC">CONCESION</SimpleData>
		<SimpleData name="CATEGORIA_">ACUICULTURA DE MEDIANA Y GRAN EMPRESA (AMYGE)</SimpleData>
		<SimpleData name="ESTADO">VIGENTE</SimpleData>
		<SimpleData name="DEPARTAMEN">PIURA</SimpleData>
		<SimpleData name="PROVINCIA">SECHURA</SimpleData>
		<SimpleData name="DISTRITO">SECHURA</SimpleData>
		<SimpleData name="ZONA">BAHIA DE SECHURA</SimpleData>
		<SimpleData name="TIPO_COORD">Ubicación RD</SimpleData>
		<SimpleData name="DATUM">WGS 84</SimpleData>
		<SimpleData name="LATITUD">PTO A 05°33'55.30&quot; ,  PTO B 05°33'41.270&quot; ,  PTO C 05°34'09.72&quot; ,  PTO D 05°34'23.944&quot;</SimpleData>
		<SimpleData name="LONGITUD">PTO A 80°57'42.491&quot; ,  PTO B 80°57'08.100&quot; ,  PTO C 80°57'02.621&quot; ,  PTO D 80°57'36.933&quot;</SimpleData>
		<SimpleData name="FLAG">1</SimpleData>
		<SimpleData name="Shape_STAr">0.00008168355</SimpleData>
		<SimpleData name="Shape_STLe">0.03678840580</SimpleData>
	</SchemaData></ExtendedData>
      <Polygon><outerBoundaryIs><LinearRing><coordinates>-80.950728,-5.56936699999996 -80.9602589999999,-5.57331800000001 -80.961803,-5.56536099999997 -80.9522499999999,-5.56146399999994 -80.950728,-5.56936699999996</coordinates></LinearRing></outerBoundaryIs></Polygon>
  </Placemark>
  <Placemark>
	<name>LEOMARSIH SOCIEDAD ANONIMA CERRADA</name>
	<description>LEOMARSIH SOCIEDAD ANONIMA CERRADA</description>
	<Style><LineStyle><color>ff0000ff</color></LineStyle><PolyStyle><fill>0</fill></PolyStyle></Style>
	<ExtendedData><SchemaData schemaUrl="#Areas_de_Derechos_Acuícolas">
		<SimpleData name="CODIGO">10955</SimpleData>
		<SimpleData name="RESOLUCION">R.D.R. Nº 418-2018-GOBIERNO REGIONAL PIURA-DRP-DR</SimpleData>
		<SimpleData name="FECHA_EMIS">2018/03/23</SimpleData>
		<SimpleData name="FECHA_VIGE">2028/03/23</SimpleData>
		<SimpleData name="AREA_TOTAL">17.66000000</SimpleData>
		<SimpleData name="NRO_ZONA">1</SimpleData>
		<SimpleData name="AREA_ZONA_">17.66190000</SimpleData>
		<SimpleData name="ESPECIE">CONCHA DE ABANICO</SimpleData>
		<SimpleData name="AMBITO">MARICULTURA</SimpleData>
		<SimpleData name="TIPO_DEREC">CONCESION</SimpleData>
		<SimpleData name="CATEGORIA_">ACUICULTURA DE MICRO Y PEQUEÑA EMPRESA (AMYPE)</SimpleData>
		<SimpleData name="ESTADO">VIGENTE</SimpleData>
		<SimpleData name="DEPARTAMEN">PIURA</SimpleData>
		<SimpleData name="PROVINCIA">SECHURA</SimpleData>
		<SimpleData name="DISTRITO">SECHURA</SimpleData>
		<SimpleData name="ZONA">LOTE 99-B, BARRANCOS - BAHIA DE SECHURA</SimpleData>
		<SimpleData name="TIPO_COORD">UBICACIÓN RD</SimpleData>
		<SimpleData name="DATUM">WGS 84</SimpleData>
		<SimpleData name="LATITUD">PTO A 05°46'31.1445&quot; ,  PTO B 05°46'31.1445&quot; ,  PTO C 05°46'39.9939&quot; ,  PTO D 05°46'39.9939&quot;</SimpleData>
		<SimpleData name="LONGITUD">PTO A 80°57'41.5240&quot; ,  PTO B 80°57'20.3890&quot; ,  PTO C 80°57'20.3890&quot; ,  PTO D 80°57'41.5240&quot;</SimpleData>
		<SimpleData name="FLAG">1</SimpleData>
		<SimpleData name="Shape_STAr">0.00001443149</SimpleData>
		<SimpleData name="Shape_STLe">0.01665800000</SimpleData>
	</SchemaData></ExtendedData>
      <Polygon><outerBoundaryIs><LinearRing><coordinates>-80.9556636109999,-5.7777760829999 -80.961534444,-5.7777760829999 -80.961534444,-5.77531791699991 -80.9556636109999,-5.77531791699991 -80.9556636109999,-5.7777760829999</coordinates></LinearRing></outerBoundaryIs></Polygon>
  </Placemark>
  <Placemark>
	<name>ACUICULTORES CHULLIYACHI S.A.C.</name>
	<description>ACUICULTORES CHULLIYACHI S.A.C.</description>
	<Style><LineStyle><color>ff0000ff</color></LineStyle><PolyStyle><fill>0</fill></PolyStyle></Style>
	<ExtendedData><SchemaData schemaUrl="#Areas_de_Derechos_Acuícolas">
		<SimpleData name="CODIGO">12580</SimpleData>
		<SimpleData name="RESOLUCION">R.D.R. Nº 1047-2018-GOBIERNO REGIONAL  PIURA-DRP-DR</SimpleData>
		<SimpleData name="FECHA_EMIS">2018/12/31</SimpleData>
		<SimpleData name="FECHA_VIGE">2028/12/31</SimpleData>
		<SimpleData name="AREA_TOTAL">99.17000000</SimpleData>
		<SimpleData name="NRO_ZONA">1</SimpleData>
		<SimpleData name="AREA_ZONA_">99.17000000</SimpleData>
		<SimpleData name="ESPECIE">CONCHA DE ABANICO</SimpleData>
		<SimpleData name="AMBITO">MARICULTURA</SimpleData>
		<SimpleData name="TIPO_DEREC">CONCESION</SimpleData>
		<SimpleData name="CATEGORIA_">ACUICULTURA DE MICRO Y PEQUEÑA EMPRESA (AMYPE)</SimpleData>
		<SimpleData name="ESTADO">VIGENTE</SimpleData>
		<SimpleData name="DEPARTAMEN">PIURA</SimpleData>
		<SimpleData name="PROVINCIA">SECHURA</SimpleData>
		<SimpleData name="DISTRITO">SECHURA</SimpleData>
		<SimpleData name="ZONA">LOTE 05 - CULLIYACHI - BAHIA DE SECHURA</SimpleData>
		<SimpleData name="TIPO_COORD">UBICACIÓN RD</SimpleData>
		<SimpleData name="DATUM">WGS 84</SimpleData>
		<SimpleData name="LATITUD">PTO A 05°33'54.0000&quot; ,  PTO B 05°33'54.0000&quot; ,  PTO C 05°34'26.4000&quot; ,  PTO D 05°34'26.4000&quot;</SimpleData>
		<SimpleData name="LONGITUD">PTO A 80°54'36.0000&quot; ,  PTO B 80°55'08.4000&quot; ,  PTO C 80°54'52.2000&quot; ,  PTO D 80°54'19.8000&quot;</SimpleData>
		<SimpleData name="FLAG">1</SimpleData>
		<SimpleData name="Shape_STAr">0.00008100000</SimpleData>
		<SimpleData name="Shape_STLe">0.03812461180</SimpleData>
	</SchemaData></ExtendedData>
      <Polygon><outerBoundaryIs><LinearRing><coordinates>-80.9054999999999,-5.57399999999995 -80.9144999999999,-5.57399999999995 -80.919,-5.56499999999994 -80.9099999999999,-5.56499999999994 -80.9054999999999,-5.57399999999995</coordinates></LinearRing></outerBoundaryIs></Polygon>
  </Placemark>
  <Placemark>
	<name>ACUICULTORES SPONDYLUS SOCIEDAD ANONIMA CERRADA - ACUICULTORES SPONDYLUS S.A.C.</name>
	<description>ACUICULTORES SPONDYLUS SOCIEDAD ANONIMA CERRADA - ACUICULTORES SPONDYLUS S.A.C.</description>
	<Style><LineStyle><color>ff0000ff</color></LineStyle><PolyStyle><fill>0</fill></PolyStyle></Style>
	<ExtendedData><SchemaData schemaUrl="#Areas_de_Derechos_Acuícolas">
		<SimpleData name="CODIGO">12588</SimpleData>
		<SimpleData name="RESOLUCION">R.D.R. Nº 1053-2018-GOBIERNO REGIONAL PIURA-DRP-DR</SimpleData>
		<SimpleData name="FECHA_EMIS">2018/12/31</SimpleData>
		<SimpleData name="FECHA_VIGE">2028/12/31</SimpleData>
		<SimpleData name="AREA_TOTAL">30.70000000</SimpleData>
		<SimpleData name="NRO_ZONA">1</SimpleData>
		<SimpleData name="AREA_ZONA_">30.70000000</SimpleData>
		<SimpleData name="ESPECIE">CONCHA DE ABANICO</SimpleData>
		<SimpleData name="AMBITO">MARICULTURA</SimpleData>
		<SimpleData name="TIPO_DEREC">CONCESION</SimpleData>
		<SimpleData name="CATEGORIA_">ACUICULTURA DE MICRO Y PEQUEÑA EMPRESA (AMYPE)</SimpleData>
		<SimpleData name="ESTADO">VIGENTE</SimpleData>
		<SimpleData name="DEPARTAMEN">PIURA</SimpleData>
		<SimpleData name="PROVINCIA">SECHURA</SimpleData>
		<SimpleData name="DISTRITO">SECHURA</SimpleData>
		<SimpleData name="ZONA">LOTE 1, PUERTO RICO-BAYOVAR</SimpleData>
		<SimpleData name="TIPO_COORD">UBICACIÓN RD</SimpleData>
		<SimpleData name="DATUM">WGS 84</SimpleData>
		<SimpleData name="LATITUD">PTO A 05°47'27.7940&quot; ,  PTO B 05°47'27.7940&quot; ,  PTO C 05°47'38.9670&quot; ,  PTO D 05°47'38.9670&quot;</SimpleData>
		<SimpleData name="LONGITUD">PTO A 81°01'22.4160&quot; ,  PTO B 81°00'53.3330&quot; ,  PTO C 81°00'53.3330&quot; ,  PTO D 81°01'22.4160&quot;</SimpleData>
		<SimpleData name="FLAG">1</SimpleData>
		<SimpleData name="Shape_STAr">0.00002507287</SimpleData>
		<SimpleData name="Shape_STLe">0.02236444444</SimpleData>
	</SchemaData></ExtendedData>
      <Polygon><outerBoundaryIs><LinearRing><coordinates>-81.014814722,-5.79415749999995 -81.022893333,-5.79415749999995 -81.022893333,-5.79105388899993 -81.014814722,-5.79105388899993 -81.014814722,-5.79415749999995</coordinates></LinearRing></outerBoundaryIs></Polygon>
  </Placemark>
  <Placemark>
	<name>'ASOCIACION ARTESANAL DE PESCADORES DE BAYOVAR '</name>
	<description>'ASOCIACION ARTESANAL DE PESCADORES DE BAYOVAR '</description>
	<Style><LineStyle><color>ff0000ff</color></LineStyle><PolyStyle><fill>0</fill></PolyStyle></Style>
	<ExtendedData><SchemaData schemaUrl="#Areas_de_Derechos_Acuícolas">
		<SimpleData name="CODIGO">6635</SimpleData>
		<SimpleData name="RESOLUCION">R.D.R. Nº 221-2014-GOBIERNO REGIONAL PIURA-DRP-DR</SimpleData>
		<SimpleData name="FECHA_EMIS">2014/08/06</SimpleData>
		<SimpleData name="FECHA_VIGE">2044/08/06</SimpleData>
		<SimpleData name="AREA_TOTAL">30.70000000</SimpleData>
		<SimpleData name="NRO_ZONA">1</SimpleData>
		<SimpleData name="AREA_ZONA_">30.70000000</SimpleData>
		<SimpleData name="ESPECIE">CONCHA DE ABANICO</SimpleData>
		<SimpleData name="AMBITO">MARICULTURA</SimpleData>
		<SimpleData name="TIPO_DEREC">CONCESION</SimpleData>
		<SimpleData name="CATEGORIA_">ACUICULTURA DE MICRO Y PEQUEÑA EMPRESA (AMYPE)</SimpleData>
		<SimpleData name="ESTADO">VIGENTE</SimpleData>
		<SimpleData name="DEPARTAMEN">PIURA</SimpleData>
		<SimpleData name="PROVINCIA">SECHURA</SimpleData>
		<SimpleData name="DISTRITO">SECHURA</SimpleData>
		<SimpleData name="ZONA">LOTE 12 - PUERTO RICO - BAYOVAR, BAHIA SECHURA</SimpleData>
		<SimpleData name="RESOLUCI_1">R.D. N° 008-2022-PRODUCE/DGA</SimpleData>
		<SimpleData name="FECHA_MODI">2022/04/01</SimpleData>
		<SimpleData name="TIPO_COORD">UBICACIÓN RD</SimpleData>
		<SimpleData name="DATUM">WGS 84</SimpleData>
		<SimpleData name="LATITUD">PTO A 05°48'00.4840&quot; ,  PTO B 05°48'00.4840&quot; ,  PTO C 05°48'17.7540&quot; ,  PTO D 05°48'17.7540&quot;</SimpleData>
		<SimpleData name="LONGITUD">PTO A 80°59'21.5620&quot; ,  PTO B 80°59'02.7360&quot; ,  PTO C 80°59'02.7360&quot; ,  PTO D 80°59'21.5620&quot;</SimpleData>
		<SimpleData name="FLAG">1</SimpleData>
		<SimpleData name="Shape_STAr">0.00002508681</SimpleData>
		<SimpleData name="Shape_STLe">0.02005333334</SimpleData>
	</SchemaData></ExtendedData>
      <Polygon><outerBoundaryIs><LinearRing><coordinates>-80.984093333,-5.80493166699994 -80.9893227779999,-5.80493166699994 -80.9893227779999,-5.80013444399995 -80.984093333,-5.80013444399995 -80.984093333,-5.80493166699994</coordinates></LinearRing></outerBoundaryIs></Polygon>
  </Placemark>
  <Placemark>
	<name>ACUICULTORES PISCO S.A.</name>
	<description>ACUICULTORES PISCO S.A.</description>
	<Style><LineStyle><color>ff0000ff</color></LineStyle><PolyStyle><fill>0</fill></PolyStyle></Style>
	<ExtendedData><SchemaData schemaUrl="#Areas_de_Derechos_Acuícolas">
		<SimpleData name="CODIGO">5941</SimpleData>
		<SimpleData name="RESOLUCION">R.D. Nº 018-2012-PRODUCE/DGA</SimpleData>
		<SimpleData name="FECHA_EMIS">2012/05/09</SimpleData>
		<SimpleData name="FECHA_VIGE">2042/05/09</SimpleData>
		<SimpleData name="AREA_TOTAL">352.41500000</SimpleData>
		<SimpleData name="NRO_ZONA">3</SimpleData>
		<SimpleData name="AREA_ZONA_">70.74000000</SimpleData>
		<SimpleData name="ESPECIE">CONCHA DE ABANICO</SimpleData>
		<SimpleData name="AMBITO">MARICULTURA</SimpleData>
		<SimpleData name="TIPO_DEREC">CONCESION</SimpleData>
		<SimpleData name="CATEGORIA_">ACUICULTURA DE MEDIANA Y GRAN EMPRESA (AMYGE)</SimpleData>
		<SimpleData name="ESTADO">VIGENTE</SimpleData>
		<SimpleData name="DEPARTAMEN">PIURA</SimpleData>
		<SimpleData name="PROVINCIA">SECHURA</SimpleData>
		<SimpleData name="DISTRITO">SECHURA</SimpleData>
		<SimpleData name="ZONA">ENSENADA DE SECHURA</SimpleData>
		<SimpleData name="RESOLUCI_1">R.D. N° 472-2016-PRODUCE/DGCHD</SimpleData>
		<SimpleData name="FECHA_MODI">2016/10/25</SimpleData>
		<SimpleData name="TIPO_COORD">UBICACIÓN RD</SimpleData>
		<SimpleData name="DATUM">WGS 84</SimpleData>
		<SimpleData name="LATITUD">PTO A 05°31'58.091&quot; ,  PTO B 05°31'58.091&quot; ,  PTO C 05°32'35.023&quot; ,  PTO D 05°32'42.490&quot;</SimpleData>
		<SimpleData name="LONGITUD">PTO A 80°57'40.089&quot; ,  PTO B 80°57'21.553&quot; ,  PTO C 80°57'21.784&quot; ,  PTO D 80°57'40.100&quot;</SimpleData>
		<SimpleData name="FLAG">1</SimpleData>
		<SimpleData name="Shape_STAr">0.00005778384</SimpleData>
		<SimpleData name="Shape_STLe">0.03323567176</SimpleData>
	</SchemaData></ExtendedData>
      <Polygon><outerBoundaryIs><LinearRing><coordinates>-80.9560509999999,-5.54306199999995 -80.9611389999999,-5.54513599999996 -80.9611359999999,-5.53280299999995 -80.955987,-5.53280299999995 -80.9560509999999,-5.54306199999995</coordinates></LinearRing></outerBoundaryIs></Polygon>
  </Placemark>
  <Placemark>
	<name>ACUICULTORES PISCO S.A.</name>
	<description>ACUICULTORES PISCO S.A.</description>
	<Style><LineStyle><color>ff0000ff</color></LineStyle><PolyStyle><fill>0</fill></PolyStyle></Style>
	<ExtendedData><SchemaData schemaUrl="#Areas_de_Derechos_Acuícolas">
		<SimpleData name="CODIGO">5941</SimpleData>
		<SimpleData name="RESOLUCION">R.D. Nº 018-2012-PRODUCE/DGA</SimpleData>
		<SimpleData name="FECHA_EMIS">2012/05/09</SimpleData>
		<SimpleData name="FECHA_VIGE">2042/05/09</SimpleData>
		<SimpleData name="AREA_TOTAL">352.41500000</SimpleData>
		<SimpleData name="NRO_ZONA">2</SimpleData>
		<SimpleData name="AREA_ZONA_">102.07500000</SimpleData>
		<SimpleData name="ESPECIE">CONCHA DE ABANICO</SimpleData>
		<SimpleData name="AMBITO">MARICULTURA</SimpleData>
		<SimpleData name="TIPO_DEREC">CONCESION</SimpleData>
		<SimpleData name="CATEGORIA_">ACUICULTURA DE MEDIANA Y GRAN EMPRESA (AMYGE)</SimpleData>
		<SimpleData name="ESTADO">VIGENTE</SimpleData>
		<SimpleData name="DEPARTAMEN">PIURA</SimpleData>
		<SimpleData name="PROVINCIA">SECHURA</SimpleData>
		<SimpleData name="DISTRITO">SECHURA</SimpleData>
		<SimpleData name="ZONA">ENSENADA DE SECHURA</SimpleData>
		<SimpleData name="RESOLUCI_1">R.D. N° 472-2016-PRODUCE/DGCHD</SimpleData>
		<SimpleData name="FECHA_MODI">2016/10/25</SimpleData>
		<SimpleData name="TIPO_COORD">UBICACIÓN RD</SimpleData>
		<SimpleData name="DATUM">WGS 84</SimpleData>
		<SimpleData name="LATITUD">PTO A 05°30'57.091&quot; ,  PTO B 05°30'57.091&quot; ,  PTO C 05°31'55.391&quot; ,  PTO D 05°31'55.391&quot;</SimpleData>
		<SimpleData name="LONGITUD">PTO A 80°57'21.558&quot; ,  PTO B 80°57'40.091&quot; ,  PTO C 80°57'40.091&quot; ,  PTO D 80°57'21.558&quot;</SimpleData>
		<SimpleData name="FLAG">1</SimpleData>
		<SimpleData name="Shape_STAr">0.00008336671</SimpleData>
		<SimpleData name="Shape_STLe">0.04268400000</SimpleData>
	</SchemaData></ExtendedData>
      <Polygon><outerBoundaryIs><LinearRing><coordinates>-80.955988,-5.53205299999998 -80.9611359999999,-5.53205299999998 -80.9611359999999,-5.51585899999999 -80.955988,-5.51585899999999 -80.955988,-5.53205299999998</coordinates></LinearRing></outerBoundaryIs></Polygon>
  </Placemark>
  <Placemark>
	<name>ACUICULTORES PISCO S.A.</name>
	<description>ACUICULTORES PISCO S.A.</description>
	<Style><LineStyle><color>ff0000ff</color></LineStyle><PolyStyle><fill>0</fill></PolyStyle></Style>
	<ExtendedData><SchemaData schemaUrl="#Areas_de_Derechos_Acuícolas">
		<SimpleData name="CODIGO">5941</SimpleData>
		<SimpleData name="RESOLUCION">R.D. Nº 018-2012-PRODUCE/DGA</SimpleData>
		<SimpleData name="FECHA_EMIS">2012/05/09</SimpleData>
		<SimpleData name="FECHA_VIGE">2042/05/09</SimpleData>
		<SimpleData name="AREA_TOTAL">352.41500000</SimpleData>
		<SimpleData name="NRO_ZONA">1</SimpleData>
		<SimpleData name="AREA_ZONA_">179.60000000</SimpleData>
		<SimpleData name="ESPECIE">CONCHA DE ABANICO</SimpleData>
		<SimpleData name="AMBITO">MARICULTURA</SimpleData>
		<SimpleData name="TIPO_DEREC">CONCESION</SimpleData>
		<SimpleData name="CATEGORIA_">ACUICULTURA DE MEDIANA Y GRAN EMPRESA (AMYGE)</SimpleData>
		<SimpleData name="ESTADO">VIGENTE</SimpleData>
		<SimpleData name="DEPARTAMEN">PIURA</SimpleData>
		<SimpleData name="PROVINCIA">SECHURA</SimpleData>
		<SimpleData name="DISTRITO">SECHURA</SimpleData>
		<SimpleData name="ZONA">ENSENADA DE SECHURA</SimpleData>
		<SimpleData name="RESOLUCI_1">R.D. N° 472-2016-PRODUCE/DGCHD</SimpleData>
		<SimpleData name="FECHA_MODI">2016/10/25</SimpleData>
		<SimpleData name="TIPO_COORD">UBICACIÓN RD</SimpleData>
		<SimpleData name="DATUM">WGS 84</SimpleData>
		<SimpleData name="LATITUD">PTO A 05°31'29.347&quot; ,  PTO B 05°31'29.340&quot; ,  PTO C 05°31'55.391&quot; ,  PTO D 05°31'55.392&quot;</SimpleData>
		<SimpleData name="LONGITUD">PTO A 80°57'18.058&quot; ,  PTO B 80°56'05.057&quot; ,  PTO C 80°56'05.056&quot; ,  PTO D 80°57'18.059&quot;</SimpleData>
		<SimpleData name="FLAG">1</SimpleData>
		<SimpleData name="Shape_STAr">0.00014671133</SimpleData>
		<SimpleData name="Shape_STLe">0.05502600010</SimpleData>
	</SchemaData></ExtendedData>
      <Polygon><outerBoundaryIs><LinearRing><coordinates>-80.934738,-5.53205299999998 -80.9550159999999,-5.53205299999998 -80.9550159999999,-5.52481899999998 -80.934738,-5.5248169999999 -80.934738,-5.53205299999998</coordinates></LinearRing></outerBoundaryIs></Polygon>
  </Placemark>
  <Placemark>
	<name>ASOCIACION DE PESCADORES ARTESANALES ACUICULTORES BELLA SION - ACUICULTORES BELLA SION</name>
	<description>ASOCIACION DE PESCADORES ARTESANALES ACUICULTORES BELLA SION - ACUICULTORES BELLA SION</description>
	<Style><LineStyle><color>ff0000ff</color></LineStyle><PolyStyle><fill>0</fill></PolyStyle></Style>
	<ExtendedData><SchemaData schemaUrl="#Areas_de_Derechos_Acuícolas">
		<SimpleData name="CODIGO">5345</SimpleData>
		<SimpleData name="RESOLUCION">R.D.R. Nº 454-2010-GOBIERNO REGIONAL PIURA-DIREPRO-DR</SimpleData>
		<SimpleData name="FECHA_EMIS">2010/09/03</SimpleData>
		<SimpleData name="FECHA_VIGE">2040/09/03</SimpleData>
		<SimpleData name="AREA_TOTAL">80.00000000</SimpleData>
		<SimpleData name="NRO_ZONA">1</SimpleData>
		<SimpleData name="AREA_ZONA_">80.00000000</SimpleData>
		<SimpleData name="ESPECIE">CONCHA DE ABANICO</SimpleData>
		<SimpleData name="AMBITO">MARICULTURA</SimpleData>
		<SimpleData name="TIPO_DEREC">CONCESION</SimpleData>
		<SimpleData name="CATEGORIA_">ACUICULTURA DE MICRO Y PEQUEÑA EMPRESA (AMYPE)</SimpleData>
		<SimpleData name="ESTADO">VIGENTE</SimpleData>
		<SimpleData name="DEPARTAMEN">PIURA</SimpleData>
		<SimpleData name="PROVINCIA">SECHURA</SimpleData>
		<SimpleData name="DISTRITO">SECHURA</SimpleData>
		<SimpleData name="ZONA">LOTE 128 - VICHAYO, BAHIA SECHURA</SimpleData>
		<SimpleData name="RESOLUCI_1">R.D. N° 008-2022-PRODUCE/DGA</SimpleData>
		<SimpleData name="FECHA_MODI">2022/04/01</SimpleData>
		<SimpleData name="TIPO_COORD">UBICACIÓN RD</SimpleData>
		<SimpleData name="DATUM">WGS 84</SimpleData>
		<SimpleData name="LATITUD">PTO A 05°48'32.266&quot; ,  PTO B 05°48'32.266&quot; ,  PTO C 05°49'01.393&quot; ,  PTO D 05°49'01.393&quot;</SimpleData>
		<SimpleData name="LONGITUD">PTO A 80°58'39.319&quot; ,  PTO B 80°58'10.236&quot; ,  PTO C 80°58'10.236&quot; ,  PTO D 80°58'39.319&quot;</SimpleData>
		<SimpleData name="FLAG">1</SimpleData>
		<SimpleData name="Shape_STAr">0.00006535910</SimpleData>
		<SimpleData name="Shape_STLe">0.03233800000</SimpleData>
	</SchemaData></ExtendedData>
      <Polygon><outerBoundaryIs><LinearRing><coordinates>-80.9695099999999,-5.81705299999994 -80.977588,-5.81705299999994 -80.977588,-5.80896199999999 -80.9695099999999,-5.80896199999999 -80.9695099999999,-5.81705299999994</coordinates></LinearRing></outerBoundaryIs></Polygon>
  </Placemark>
  <Placemark>
	<name>ASOCIACION DE PESCADORES ARTESANALES ACUICULTORES JEHOVA MI UNICO DIOS</name>
	<description>ASOCIACION DE PESCADORES ARTESANALES ACUICULTORES JEHOVA MI UNICO DIOS</description>
	<Style><LineStyle><color>ff0000ff</color></LineStyle><PolyStyle><fill>0</fill></PolyStyle></Style>
	<ExtendedData><SchemaData schemaUrl="#Areas_de_Derechos_Acuícolas">
		<SimpleData name="CODIGO">5609</SimpleData>
		<SimpleData name="RESOLUCION">R.D.R. Nº 009-2011-GOBIERNO REGIONAL PIURA-DIREPRO-DR</SimpleData>
		<SimpleData name="FECHA_EMIS">2011/01/17</SimpleData>
		<SimpleData name="FECHA_VIGE">2041/01/17</SimpleData>
		<SimpleData name="AREA_TOTAL">60.63000000</SimpleData>
		<SimpleData name="NRO_ZONA">1</SimpleData>
		<SimpleData name="AREA_ZONA_">60.63000000</SimpleData>
		<SimpleData name="ESPECIE">CONCHA DE ABANICO</SimpleData>
		<SimpleData name="AMBITO">MARICULTURA</SimpleData>
		<SimpleData name="TIPO_DEREC">CONCESION</SimpleData>
		<SimpleData name="CATEGORIA_">ACUICULTURA DE MICRO Y PEQUEÑA EMPRESA (AMYPE)</SimpleData>
		<SimpleData name="ESTADO">VIGENTE</SimpleData>
		<SimpleData name="DEPARTAMEN">PIURA</SimpleData>
		<SimpleData name="PROVINCIA">SECHURA</SimpleData>
		<SimpleData name="DISTRITO">SECHURA</SimpleData>
		<SimpleData name="ZONA">LOTE 39 - DE CONSTANTE, BAHIA SECHURA</SimpleData>
		<SimpleData name="RESOLUCI_1">R.D. Nº 023-2022-PRODUCE/DGA</SimpleData>
		<SimpleData name="FECHA_MODI">2022/10/26</SimpleData>
		<SimpleData name="TIPO_COORD">UBICACIÓN RD</SimpleData>
		<SimpleData name="DATUM">WGS 84</SimpleData>
		<SimpleData name="LATITUD">PTO A 05°39'50.2940&quot; ,  PTO B 05°39'50.2940&quot; ,  PTO C 05°40'22.8600&quot; ,  PTO D 05°40'22.8600&quot;</SimpleData>
		<SimpleData name="LONGITUD">PTO A 80°53'55.5380&quot; ,  PTO B 80°53'32.2420&quot; ,  PTO C 80°53'32.2420&quot; ,  PTO D 80°53'48.3720&quot;</SimpleData>
		<SimpleData name="FLAG">1</SimpleData>
		<SimpleData name="Shape_STAr">0.00004953500</SimpleData>
		<SimpleData name="Shape_STLe">0.02926030646</SimpleData>
	</SchemaData></ExtendedData>
      <Polygon><outerBoundaryIs><LinearRing><coordinates>-80.892289444,-5.67301666699998 -80.89677,-5.67301666699998 -80.898760556,-5.66397055599997 -80.892289444,-5.66397055599997 -80.892289444,-5.67301666699998</coordinates></LinearRing></outerBoundaryIs></Polygon>
  </Placemark>
  <Placemark>
	<name>ACUICULTORES RUBI SOCIEDAD ANONIMA CERRADA</name>
	<description>ACUICULTORES RUBI SOCIEDAD ANONIMA CERRADA</description>
	<Style><LineStyle><color>ff0000ff</color></LineStyle><PolyStyle><fill>0</fill></PolyStyle></Style>
	<ExtendedData><SchemaData schemaUrl="#Areas_de_Derechos_Acuícolas">
		<SimpleData name="CODIGO">19923</SimpleData>
		<SimpleData name="RESOLUCION">R.D.R. Nº 794-2022-GOBIERNO REGIONAL PIURA-DRP-DR</SimpleData>
		<SimpleData name="FECHA_EMIS">2022/10/18</SimpleData>
		<SimpleData name="FECHA_VIGE">2052/10/18</SimpleData>
		<SimpleData name="AREA_TOTAL">38.75000000</SimpleData>
		<SimpleData name="NRO_ZONA">1</SimpleData>
		<SimpleData name="AREA_ZONA_">38.75000000</SimpleData>
		<SimpleData name="ESPECIE">CONCHA DE ABANICO</SimpleData>
		<SimpleData name="AMBITO">MARICULTURA</SimpleData>
		<SimpleData name="TIPO_DEREC">CONCESION</SimpleData>
		<SimpleData name="CATEGORIA_">ACUICULTURA DE MICRO Y PEQUEÑA EMPRESA (AMYPE)</SimpleData>
		<SimpleData name="ESTADO">VIGENTE</SimpleData>
		<SimpleData name="DEPARTAMEN">PIURA</SimpleData>
		<SimpleData name="PROVINCIA">SECHURA</SimpleData>
		<SimpleData name="DISTRITO">SECHURA</SimpleData>
		<SimpleData name="ZONA">LOTE 40-B - CONSTANTE, BAHIA SECHURA</SimpleData>
		<SimpleData name="TIPO_COORD">UBICACIÓN RD</SimpleData>
		<SimpleData name="DATUM">WGS 84</SimpleData>
		<SimpleData name="LATITUD">PTO A 05°40'05.2640&quot; ,  PTO B 05°40'06.0920&quot; ,  PTO C 05°40'22.8600&quot; ,  PTO D 05°40'22.8600&quot;</SimpleData>
		<SimpleData name="LONGITUD">PTO A 80°53'28.9910&quot; ,  PTO B 80°53'04.5850&quot; ,  PTO C 80°53'05.6620&quot; ,  PTO D 80°53'28.9910&quot;</SimpleData>
		<SimpleData name="FLAG">1</SimpleData>
		<SimpleData name="Shape_STAr">0.00003166006</SimpleData>
		<SimpleData name="Shape_STLe">0.02281877593</SimpleData>
	</SchemaData></ExtendedData>
      <Polygon><outerBoundaryIs><LinearRing><coordinates>-80.884606944,-5.66835888899989 -80.8849061109999,-5.67301666699998 -80.891386389,-5.67301666699998 -80.891386389,-5.66812888899995 -80.884606944,-5.66835888899989</coordinates></LinearRing></outerBoundaryIs></Polygon>
  </Placemark>
  <Placemark>
	<name>&quot;ASOCIACION DE PESCADORES ARTESANALES Y EXTRACTORES DE MARISCOS &quot;SANTA ROSA DE LIMA&quot; PUERTO RICO BAY</name>
	<description>&quot;ASOCIACION DE PESCADORES ARTESANALES Y EXTRACTORES DE MARISCOS &quot;SANTA ROSA DE LIMA&quot; PUERTO RICO BAY</description>
	<Style><LineStyle><color>ff0000ff</color></LineStyle><PolyStyle><fill>0</fill></PolyStyle></Style>
	<ExtendedData><SchemaData schemaUrl="#Areas_de_Derechos_Acuícolas">
		<SimpleData name="CODIGO">14438</SimpleData>
		<SimpleData name="RESOLUCION">R.D.R. Nº 751-2019-GOBIERNO REGIONAL PIURA - DRP-DR</SimpleData>
		<SimpleData name="FECHA_EMIS">2019/11/11</SimpleData>
		<SimpleData name="FECHA_VIGE">2029/11/11</SimpleData>
		<SimpleData name="AREA_TOTAL">30.70000000</SimpleData>
		<SimpleData name="NRO_ZONA">1</SimpleData>
		<SimpleData name="AREA_ZONA_">30.70000000</SimpleData>
		<SimpleData name="ESPECIE">CONCHA DE ABANICO</SimpleData>
		<SimpleData name="AMBITO">MARICULTURA</SimpleData>
		<SimpleData name="TIPO_DEREC">CONCESION</SimpleData>
		<SimpleData name="CATEGORIA_">ACUICULTURA DE MICRO Y PEQUEÑA EMPRESA (AMYPE)</SimpleData>
		<SimpleData name="ESTADO">VIGENTE</SimpleData>
		<SimpleData name="DEPARTAMEN">PIURA</SimpleData>
		<SimpleData name="PROVINCIA">SECHURA</SimpleData>
		<SimpleData name="DISTRITO">SECHURA</SimpleData>
		<SimpleData name="ZONA">LOTE 18 - PUERTO RICO - BAYOVAR, BAHIA SECHURA</SimpleData>
		<SimpleData name="TIPO_COORD">UBICACIÓN RD</SimpleData>
		<SimpleData name="DATUM">WGS 84</SimpleData>
		<SimpleData name="LATITUD">PTO A 05°48'24.5600&quot; ,  PTO B 05°48'24.5600&quot; ,  PTO C 05°48'38.3930&quot; ,  PTO D 05°48'38.3930&quot; ,  PTO E 05°48'38.6160&quot;</SimpleData>
		<SimpleData name="LONGITUD">PTO A 81°00'49.9960&quot; ,  PTO B 81°00'26.5450&quot; ,  PTO C 81°00'26.4540&quot; ,  PTO D 81°00'48.6510&quot; ,  PTO E 81°00'49.9960&quot;</SimpleData>
		<SimpleData name="FLAG">1</SimpleData>
		<SimpleData name="Shape_STAr">0.00002509082</SimpleData>
		<SimpleData name="Shape_STLe">0.02080573906</SimpleData>
	</SchemaData></ExtendedData>
      <Polygon><outerBoundaryIs><LinearRing><coordinates>-81.0135141669999,-5.81066472199992 -81.013887778,-5.8107266669999 -81.013887778,-5.80682222199996 -81.0073736109999,-5.80682222199996 -81.007348333,-5.81066472199992 -81.0135141669999,-5.81066472199992</coordinates></LinearRing></outerBoundaryIs></Polygon>
  </Placemark>
  <Placemark>
	<name>REYMARE SOCIEDAD ANONIMA CERRADA</name>
	<description>REYMARE SOCIEDAD ANONIMA CERRADA</description>
	<Style><LineStyle><color>ff0000ff</color></LineStyle><PolyStyle><fill>0</fill></PolyStyle></Style>
	<ExtendedData><SchemaData schemaUrl="#Areas_de_Derechos_Acuícolas">
		<SimpleData name="CODIGO">12577</SimpleData>
		<SimpleData name="RESOLUCION">R.D.R. Nº 1033-2018-GOBIERNO REGIONAL PIURA-DRP-DR</SimpleData>
		<SimpleData name="FECHA_EMIS">2018/12/31</SimpleData>
		<SimpleData name="FECHA_VIGE">2028/12/31</SimpleData>
		<SimpleData name="AREA_TOTAL">18.02000000</SimpleData>
		<SimpleData name="NRO_ZONA">1</SimpleData>
		<SimpleData name="AREA_ZONA_">18.02000000</SimpleData>
		<SimpleData name="ESPECIE">CONCHA DE ABANICO</SimpleData>
		<SimpleData name="AMBITO">MARICULTURA</SimpleData>
		<SimpleData name="TIPO_DEREC">CONCESION</SimpleData>
		<SimpleData name="CATEGORIA_">ACUICULTURA DE MICRO Y PEQUEÑA EMPRESA (AMYPE)</SimpleData>
		<SimpleData name="ESTADO">VIGENTE</SimpleData>
		<SimpleData name="DEPARTAMEN">PIURA</SimpleData>
		<SimpleData name="PROVINCIA">SECHURA</SimpleData>
		<SimpleData name="DISTRITO">SECHURA</SimpleData>
		<SimpleData name="ZONA">LOTE 104-B - BARRANCOS</SimpleData>
		<SimpleData name="TIPO_COORD">UBICACIÓN RD</SimpleData>
		<SimpleData name="DATUM">WGS 84</SimpleData>
		<SimpleData name="LATITUD">PTO A 05°46'38.8087&quot; ,  PTO B 05°46'38.8087&quot; ,  PTO C 05°46'51.8520&quot; ,  PTO D 05°46'51.8520&quot;</SimpleData>
		<SimpleData name="LONGITUD">PTO A 80°54'42.6890&quot; ,  PTO B 80°54'28.0620&quot; ,  PTO C 80°54'28.0620&quot; ,  PTO D 80°54'42.6890&quot;</SimpleData>
		<SimpleData name="FLAG">1</SimpleData>
		<SimpleData name="Shape_STAr">0.00001472101</SimpleData>
		<SimpleData name="Shape_STLe">0.01537238889</SimpleData>
	</SchemaData></ExtendedData>
      <Polygon><outerBoundaryIs><LinearRing><coordinates>-80.9077949999999,-5.78106999999995 -80.9118580559999,-5.78106999999995 -80.9118580559999,-5.77744686099993 -80.9077949999999,-5.77744686099993 -80.9077949999999,-5.78106999999995</coordinates></LinearRing></outerBoundaryIs></Polygon>
  </Placemark>
  <Placemark>
	<name>ASOCIACION DE PESCA ARTESANAL COMUNAL DE MULTIUSOS DIOS CON NOSOTROS</name>
	<description>ASOCIACION DE PESCA ARTESANAL COMUNAL DE MULTIUSOS DIOS CON NOSOTROS</description>
	<Style><LineStyle><color>ff0000ff</color></LineStyle><PolyStyle><fill>0</fill></PolyStyle></Style>
	<ExtendedData><SchemaData schemaUrl="#Areas_de_Derechos_Acuícolas">
		<SimpleData name="CODIGO">5563</SimpleData>
		<SimpleData name="RESOLUCION">R.D.R. Nº 705-2010-GOBIERNO REGIONAL PIURA-DIREPRO-DR</SimpleData>
		<SimpleData name="FECHA_EMIS">2010/12/30</SimpleData>
		<SimpleData name="FECHA_VIGE">2040/12/30</SimpleData>
		<SimpleData name="AREA_TOTAL">100.00000000</SimpleData>
		<SimpleData name="NRO_ZONA">1</SimpleData>
		<SimpleData name="AREA_ZONA_">100.00000000</SimpleData>
		<SimpleData name="ESPECIE">CONCHA DE ABANICO</SimpleData>
		<SimpleData name="AMBITO">MARICULTURA</SimpleData>
		<SimpleData name="TIPO_DEREC">CONCESION</SimpleData>
		<SimpleData name="CATEGORIA_">ACUICULTURA DE MICRO Y PEQUEÑA EMPRESA (AMYPE)</SimpleData>
		<SimpleData name="ESTADO">VIGENTE</SimpleData>
		<SimpleData name="DEPARTAMEN">PIURA</SimpleData>
		<SimpleData name="PROVINCIA">SECHURA</SimpleData>
		<SimpleData name="DISTRITO">SECHURA</SimpleData>
		<SimpleData name="ZONA">LOTE 36 - CONSTANTE, BAHIA SECHURA</SimpleData>
		<SimpleData name="RESOLUCI_1">R.D.R.152-2020-GOBIERNO REGIONAL PIURA-DRP-DR</SimpleData>
		<SimpleData name="FECHA_MODI">2020/12/18</SimpleData>
		<SimpleData name="TIPO_COORD">UBICACIÓN RD</SimpleData>
		<SimpleData name="DATUM">WGS 84</SimpleData>
		<SimpleData name="LATITUD">PTO A 05°38'38.6480&quot; ,  PTO B 05°38'38.6480&quot; ,  PTO C 05°39'11.2150&quot; ,  PTO D 05°39'11.2150&quot;</SimpleData>
		<SimpleData name="LONGITUD">PTO A 80°53'28.9910&quot; ,  PTO B 80°52'56.4820&quot; ,  PTO C 80°52'56.4820&quot; ,  PTO D 80°53'28.9910&quot;</SimpleData>
		<SimpleData name="FLAG">1</SimpleData>
		<SimpleData name="Shape_STAr">0.00008169140</SimpleData>
		<SimpleData name="Shape_STLe">0.03615333333</SimpleData>
	</SchemaData></ExtendedData>
      <Polygon><outerBoundaryIs><LinearRing><coordinates>-80.882356111,-5.65311527799993 -80.891386389,-5.65311527799993 -80.891386389,-5.64406888899989 -80.882356111,-5.64406888899989 -80.882356111,-5.65311527799993</coordinates></LinearRing></outerBoundaryIs></Polygon>
  </Placemark>
  <Placemark>
	<name>MARICULTURA POR SIEMPRE DIOS PADRE SOCIEDAD ANONIMA CERRADA</name>
	<description>MARICULTURA POR SIEMPRE DIOS PADRE SOCIEDAD ANONIMA CERRADA</description>
	<Style><LineStyle><color>ff0000ff</color></LineStyle><PolyStyle><fill>0</fill></PolyStyle></Style>
	<ExtendedData><SchemaData schemaUrl="#Areas_de_Derechos_Acuícolas">
		<SimpleData name="CODIGO">12570</SimpleData>
		<SimpleData name="RESOLUCION">R.D.R. Nº 1016-2018-GOBIERNO REGIONAL PIURA-DRP-DR</SimpleData>
		<SimpleData name="FECHA_EMIS">2018/12/28</SimpleData>
		<SimpleData name="FECHA_VIGE">2028/12/28</SimpleData>
		<SimpleData name="AREA_TOTAL">80.00000000</SimpleData>
		<SimpleData name="NRO_ZONA">1</SimpleData>
		<SimpleData name="AREA_ZONA_">80.00000000</SimpleData>
		<SimpleData name="ESPECIE">CONCHA DE ABANICO</SimpleData>
		<SimpleData name="AMBITO">MARICULTURA</SimpleData>
		<SimpleData name="TIPO_DEREC">CONCESION</SimpleData>
		<SimpleData name="CATEGORIA_">ACUICULTURA DE MICRO Y PEQUEÑA EMPRESA (AMYPE)</SimpleData>
		<SimpleData name="ESTADO">VIGENTE</SimpleData>
		<SimpleData name="DEPARTAMEN">PIURA</SimpleData>
		<SimpleData name="PROVINCIA">SECHURA</SimpleData>
		<SimpleData name="DISTRITO">SECHURA</SimpleData>
		<SimpleData name="ZONA">LOTE 18 - MATACABALO, BAHIA SECHURA</SimpleData>
		<SimpleData name="TIPO_COORD">UBICACIÓN RD</SimpleData>
		<SimpleData name="DATUM">WGS 84</SimpleData>
		<SimpleData name="LATITUD">PTO A 05°36'09.2060&quot; ,  PTO B 05°36'09.2060&quot; ,  PTO C 05°36'38.3340&quot; ,  PTO D 05°36'38.3340&quot;</SimpleData>
		<SimpleData name="LONGITUD">PTO A 80°53'52.3670&quot; ,  PTO B 80°53'23.2930&quot; ,  PTO C 80°53'23.2930&quot; ,  PTO D 80°53'52.3670&quot;</SimpleData>
		<SimpleData name="FLAG">1</SimpleData>
		<SimpleData name="Shape_STAr">0.00006534471</SimpleData>
		<SimpleData name="Shape_STLe">0.03233444444</SimpleData>
	</SchemaData></ExtendedData>
      <Polygon><outerBoundaryIs><LinearRing><coordinates>-80.8898036109999,-5.61064833300001 -80.8978797219999,-5.61064833300001 -80.8978797219999,-5.60255722199997 -80.8898036109999,-5.60255722199997 -80.8898036109999,-5.61064833300001</coordinates></LinearRing></outerBoundaryIs></Polygon>
  </Placemark>
  <Placemark>
	<name>CON EL PODER DE JESUS S.A.C.</name>
	<description>CON EL PODER DE JESUS S.A.C.</description>
	<Style><LineStyle><color>ff0000ff</color></LineStyle><PolyStyle><fill>0</fill></PolyStyle></Style>
	<ExtendedData><SchemaData schemaUrl="#Areas_de_Derechos_Acuícolas">
		<SimpleData name="CODIGO">12574</SimpleData>
		<SimpleData name="RESOLUCION">R.D.R. Nº 1030-2018-GOBIERNO REGIONAL PIURA-DRP-DR</SimpleData>
		<SimpleData name="FECHA_EMIS">2018/12/31</SimpleData>
		<SimpleData name="FECHA_VIGE">2028/12/31</SimpleData>
		<SimpleData name="AREA_TOTAL">16.65000000</SimpleData>
		<SimpleData name="NRO_ZONA">1</SimpleData>
		<SimpleData name="AREA_ZONA_">16.65000000</SimpleData>
		<SimpleData name="ESPECIE">CONCHA DE ABANICO</SimpleData>
		<SimpleData name="AMBITO">MARICULTURA</SimpleData>
		<SimpleData name="TIPO_DEREC">CONCESION</SimpleData>
		<SimpleData name="CATEGORIA_">ACUICULTURA DE MICRO Y PEQUEÑA EMPRESA (AMYPE)</SimpleData>
		<SimpleData name="ESTADO">VIGENTE</SimpleData>
		<SimpleData name="DEPARTAMEN">PIURA</SimpleData>
		<SimpleData name="PROVINCIA">SECHURA</SimpleData>
		<SimpleData name="DISTRITO">SECHURA</SimpleData>
		<SimpleData name="ZONA">LOTE 88-C - PARACHIQUE, BAHIA SECHURA</SimpleData>
		<SimpleData name="TIPO_COORD">UBICACIÓN RD</SimpleData>
		<SimpleData name="DATUM">WGS 84</SimpleData>
		<SimpleData name="LATITUD">PTO A 05°45'17.4490&quot; ,  PTO B 05°45'17.4490&quot; ,  PTO C 05°45'27.1770&quot; ,  PTO D 05°45'27.1770&quot;</SimpleData>
		<SimpleData name="LONGITUD">PTO A 80°54'09.1940&quot; ,  PTO B 80°53'48.8760&quot; ,  PTO C 80°53'53.2640&quot; ,  PTO D 80°54'09.1940&quot;</SimpleData>
		<SimpleData name="FLAG">1</SimpleData>
		<SimpleData name="Shape_STAr">0.00001360419</SimpleData>
		<SimpleData name="Shape_STLe">0.01573551579</SimpleData>
	</SchemaData></ExtendedData>
      <Polygon><outerBoundaryIs><LinearRing><coordinates>-80.8981288889999,-5.75754916700001 -80.902553889,-5.75754916700001 -80.902553889,-5.75484694399998 -80.8969099999999,-5.75484694399998 -80.8981288889999,-5.75754916700001</coordinates></LinearRing></outerBoundaryIs></Polygon>
  </Placemark>
  <Placemark>
	<name>SECHURA RICO MAR SOCIEDAD ANONIMA CERRADA</name>
	<description>SECHURA RICO MAR SOCIEDAD ANONIMA CERRADA</description>
	<Style><LineStyle><color>ff0000ff</color></LineStyle><PolyStyle><fill>0</fill></PolyStyle></Style>
	<ExtendedData><SchemaData schemaUrl="#Areas_de_Derechos_Acuícolas">
		<SimpleData name="CODIGO">10978</SimpleData>
		<SimpleData name="RESOLUCION">R.D.R. Nº 426-2018-GOBIERNO REGIONAL PIURA-DRP-DR</SimpleData>
		<SimpleData name="FECHA_EMIS">2018/03/23</SimpleData>
		<SimpleData name="FECHA_VIGE">2028/03/23</SimpleData>
		<SimpleData name="AREA_TOTAL">15.17000000</SimpleData>
		<SimpleData name="NRO_ZONA">1</SimpleData>
		<SimpleData name="AREA_ZONA_">15.17000000</SimpleData>
		<SimpleData name="ESPECIE">CONCHA DE ABANICO</SimpleData>
		<SimpleData name="AMBITO">MARICULTURA</SimpleData>
		<SimpleData name="TIPO_DEREC">CONCESION</SimpleData>
		<SimpleData name="CATEGORIA_">ACUICULTURA DE MICRO Y PEQUEÑA EMPRESA (AMYPE)</SimpleData>
		<SimpleData name="ESTADO">VIGENTE</SimpleData>
		<SimpleData name="DEPARTAMEN">PIURA</SimpleData>
		<SimpleData name="PROVINCIA">SECHURA</SimpleData>
		<SimpleData name="DISTRITO">SECHURA</SimpleData>
		<SimpleData name="ZONA">LOTE 88 - A, PARACHIQUE - BAHIA SECHURA</SimpleData>
		<SimpleData name="OBS_MODIFI">MEDIANTE R.D. N° 1294-2018-MGP/DGCG SE DECLARA IMPROCEDENTE LA SOLICITUD DE DERECHO DE USO DE AREA ACTUATICA PARA DESARROLLO DE ACUICULTURA DE MICRO Y PEQUEÑA EMPRESA - AMYPE.</SimpleData>
		<SimpleData name="TIPO_COORD">UBICACIÓN RD</SimpleData>
		<SimpleData name="DATUM">WGS 84</SimpleData>
		<SimpleData name="LATITUD">PTO A 05°44'58.0340&quot; ,  PTO B 05°44'58.0340&quot; ,  PTO C 05°45'03.8160&quot; ,  PTO D 05°45'03.8160&quot;</SimpleData>
		<SimpleData name="LONGITUD">PTO A 80°54'09.1940&quot; ,  PTO B 80°53'40.1150&quot; ,  PTO C 80°53'42.7236&quot; ,  PTO D 80°54'09.1940&quot;</SimpleData>
		<SimpleData name="FLAG">1</SimpleData>
		<SimpleData name="Shape_STAr">0.00001239146</SimpleData>
		<SimpleData name="Shape_STLe">0.01879850288</SimpleData>
	</SchemaData></ExtendedData>
      <Polygon><outerBoundaryIs><LinearRing><coordinates>-80.895201,-5.7510599999999 -80.902553889,-5.7510599999999 -80.902553889,-5.74945388899997 -80.894476389,-5.74945388899997 -80.895201,-5.7510599999999</coordinates></LinearRing></outerBoundaryIs></Polygon>
  </Placemark>
  <Placemark>
	<name>SIEMPRE VIRGEN DEL CARMEN S.A.C.</name>
	<description>SIEMPRE VIRGEN DEL CARMEN S.A.C.</description>
	<Style><LineStyle><color>ff0000ff</color></LineStyle><PolyStyle><fill>0</fill></PolyStyle></Style>
	<ExtendedData><SchemaData schemaUrl="#Areas_de_Derechos_Acuícolas">
		<SimpleData name="CODIGO">10936</SimpleData>
		<SimpleData name="RESOLUCION">R.D.R. Nº 412-2018-GOBIERNO REGIONAL PIURA-DRP-DR</SimpleData>
		<SimpleData name="FECHA_EMIS">2018/03/23</SimpleData>
		<SimpleData name="FECHA_VIGE">2028/03/23</SimpleData>
		<SimpleData name="AREA_TOTAL">23.99000000</SimpleData>
		<SimpleData name="NRO_ZONA">1</SimpleData>
		<SimpleData name="AREA_ZONA_">23.99000000</SimpleData>
		<SimpleData name="ESPECIE">CONCHA DE ABANICO</SimpleData>
		<SimpleData name="AMBITO">MARICULTURA</SimpleData>
		<SimpleData name="TIPO_DEREC">CONCESION</SimpleData>
		<SimpleData name="CATEGORIA_">ACUICULTURA DE MICRO Y PEQUEÑA EMPRESA (AMYPE)</SimpleData>
		<SimpleData name="ESTADO">VIGENTE</SimpleData>
		<SimpleData name="DEPARTAMEN">PIURA</SimpleData>
		<SimpleData name="PROVINCIA">SECHURA</SimpleData>
		<SimpleData name="DISTRITO">SECHURA</SimpleData>
		<SimpleData name="ZONA">LOTE 72-B, PARACHIQUE - BAHIA DE SECHURA</SimpleData>
		<SimpleData name="OBS_MODIFI">MEDIANTE R.D. N° 1273-2018-MGP/DGCG SE DECLARA IMPROCEDENTE LA SOLICITUD DE DERECHO DE USO DE AREA ACTUATICA PARA DESARROLLO DE ACUICULTURA DE MICRO Y PEQUEÑA EMPRESA - AMYPE.</SimpleData>
		<SimpleData name="TIPO_COORD">UBICACIÓN RD</SimpleData>
		<SimpleData name="DATUM">WGS 84</SimpleData>
		<SimpleData name="LATITUD">PTO A 05°44'29.8353&quot; ,  PTO B 05°44'29.8353&quot; ,  PTO C 05°44'37.6476&quot; ,  PTO D 05°44'37.6476&quot;</SimpleData>
		<SimpleData name="LONGITUD">PTO A 80°57'01.1340&quot; ,  PTO B 80°56'28.6230&quot; ,  PTO C 80°56'28.6230&quot; ,  PTO D 80°57'01.1340&quot;</SimpleData>
		<SimpleData name="FLAG">1</SimpleData>
		<SimpleData name="Shape_STAr">0.00001959766</SimpleData>
		<SimpleData name="Shape_STLe">0.02240183333</SimpleData>
	</SchemaData></ExtendedData>
      <Polygon><outerBoundaryIs><LinearRing><coordinates>-80.9412841669999,-5.74379099999994 -80.950315,-5.74379099999994 -80.950315,-5.74162091699998 -80.9412841669999,-5.74162091699998 -80.9412841669999,-5.74379099999994</coordinates></LinearRing></outerBoundaryIs></Polygon>
  </Placemark>
  <Placemark>
	<name>ACUICOLA ILLESCAS S.A.C.</name>
	<description>ACUICOLA ILLESCAS S.A.C.</description>
	<Style><LineStyle><color>ff0000ff</color></LineStyle><PolyStyle><fill>0</fill></PolyStyle></Style>
	<ExtendedData><SchemaData schemaUrl="#Areas_de_Derechos_Acuícolas">
		<SimpleData name="CODIGO">20553</SimpleData>
		<SimpleData name="RESOLUCION">R.D.R. Nº 464-2023-GOBIERNO REGIONAL PIURA-DRP-DR</SimpleData>
		<SimpleData name="FECHA_EMIS">2023/08/10</SimpleData>
		<SimpleData name="FECHA_VIGE">2043/08/10</SimpleData>
		<SimpleData name="AREA_TOTAL">100.00000000</SimpleData>
		<SimpleData name="NRO_ZONA">1</SimpleData>
		<SimpleData name="AREA_ZONA_">100.00000000</SimpleData>
		<SimpleData name="ESPECIE">CONCHA DE ABANICO</SimpleData>
		<SimpleData name="AMBITO">MARICULTURA</SimpleData>
		<SimpleData name="TIPO_DEREC">CONCESION</SimpleData>
		<SimpleData name="CATEGORIA_">ACUICULTURA DE MICRO Y PEQUEÑA EMPRESA (AMYPE)</SimpleData>
		<SimpleData name="ESTADO">VIGENTE</SimpleData>
		<SimpleData name="DEPARTAMEN">PIURA</SimpleData>
		<SimpleData name="PROVINCIA">SECHURA</SimpleData>
		<SimpleData name="DISTRITO">SECHURA</SimpleData>
		<SimpleData name="ZONA">LOTE 31 MATACABALLO</SimpleData>
		<SimpleData name="TIPO_COORD">UBICACIÓN RD</SimpleData>
		<SimpleData name="DATUM">WGS 84</SimpleData>
		<SimpleData name="LATITUD">PTO A 05°37'49.8100&quot; ,  PTO B 05°37'49.8100&quot; ,  PTO C 05°38'22.3665&quot; ,  PTO D 05°38'22.3665&quot;</SimpleData>
		<SimpleData name="LONGITUD">PTO A 80°53'52.3670&quot; ,  PTO B 80°53'19.8480&quot; ,  PTO C 80°53'19.8480&quot; ,  PTO D 80°53'52.3670&quot;</SimpleData>
		<SimpleData name="FLAG">1</SimpleData>
		<SimpleData name="Shape_STAr">0.00008169019</SimpleData>
		<SimpleData name="Shape_STLe">0.03615305555</SimpleData>
	</SchemaData></ExtendedData>
      <Polygon><outerBoundaryIs><LinearRing><coordinates>-80.888846667,-5.63954624999997 -80.8978797219999,-5.63954624999997 -80.8978797219999,-5.63050277799991 -80.888846667,-5.63050277799991 -80.888846667,-5.63954624999997</coordinates></LinearRing></outerBoundaryIs></Polygon>
  </Placemark>
  <Placemark>
	<name>ACUICOLA HERMANOS PRADO ECHE SOCIEDAD ANONIMA CERRADA - HERPRE S.A.C.</name>
	<description>ACUICOLA HERMANOS PRADO ECHE SOCIEDAD ANONIMA CERRADA - HERPRE S.A.C.</description>
	<Style><LineStyle><color>ff0000ff</color></LineStyle><PolyStyle><fill>0</fill></PolyStyle></Style>
	<ExtendedData><SchemaData schemaUrl="#Areas_de_Derechos_Acuícolas">
		<SimpleData name="CODIGO">20556</SimpleData>
		<SimpleData name="RESOLUCION">R.D.R. Nº 369-2023-GOBIERNO REGIONAL PIURA-DRP-DR</SimpleData>
		<SimpleData name="FECHA_EMIS">2023/07/18</SimpleData>
		<SimpleData name="FECHA_VIGE">2053/07/18</SimpleData>
		<SimpleData name="AREA_TOTAL">20.24600000</SimpleData>
		<SimpleData name="NRO_ZONA">1</SimpleData>
		<SimpleData name="AREA_ZONA_">20.24600000</SimpleData>
		<SimpleData name="ESPECIE">CONCHA DE ABANICO</SimpleData>
		<SimpleData name="AMBITO">MARICULTURA</SimpleData>
		<SimpleData name="TIPO_DEREC">CONCESION</SimpleData>
		<SimpleData name="CATEGORIA_">ACUICULTURA DE MICRO Y PEQUEÑA EMPRESA (AMYPE)</SimpleData>
		<SimpleData name="ESTADO">VIGENTE</SimpleData>
		<SimpleData name="DEPARTAMEN">PIURA</SimpleData>
		<SimpleData name="PROVINCIA">SECHURA</SimpleData>
		<SimpleData name="DISTRITO">SECHURA</SimpleData>
		<SimpleData name="ZONA">LOTE 8-A CHUYILLACHI</SimpleData>
		<SimpleData name="TIPO_COORD">UBICACIÓN RD</SimpleData>
		<SimpleData name="DATUM">WGS 84</SimpleData>
		<SimpleData name="LATITUD">PTO A 05°34'50.6910&quot; ,  PTO B 05°34'50.6910&quot; ,  PTO C 05°35'05.3440&quot; ,  PTO D 05°35'05.3460&quot;</SimpleData>
		<SimpleData name="LONGITUD">PTO A 80°55'40.6250&quot; ,  PTO B 80°55'25.9990&quot; ,  PTO C 80°55'25.9970&quot; ,  PTO D 80°55'40.6230&quot;</SimpleData>
		<SimpleData name="FLAG">1</SimpleData>
		<SimpleData name="Shape_STAr">0.00001653776</SimpleData>
		<SimpleData name="Shape_STLe">0.01626666678</SimpleData>
	</SchemaData></ExtendedData>
      <Polygon><outerBoundaryIs><LinearRing><coordinates>-80.9238880559999,-5.58481777799991 -80.927950833,-5.58481833299996 -80.9279513889999,-5.58074749999994 -80.923888611,-5.58074749999994 -80.9238880559999,-5.58481777799991</coordinates></LinearRing></outerBoundaryIs></Polygon>
  </Placemark>
  <Placemark>
	<name>ACUICULTORES JEZRREL S.A.C.</name>
	<description>ACUICULTORES JEZRREL S.A.C.</description>
	<Style><LineStyle><color>ff0000ff</color></LineStyle><PolyStyle><fill>0</fill></PolyStyle></Style>
	<ExtendedData><SchemaData schemaUrl="#Areas_de_Derechos_Acuícolas">
		<SimpleData name="CODIGO">20589</SimpleData>
		<SimpleData name="RESOLUCION">R.D.R. Nº 566-2023-GOBIERNO REGIONAL PIURA-DRP-DR</SimpleData>
		<SimpleData name="FECHA_EMIS">2023/09/13</SimpleData>
		<SimpleData name="FECHA_VIGE">2053/09/13</SimpleData>
		<SimpleData name="AREA_TOTAL">39.27500000</SimpleData>
		<SimpleData name="NRO_ZONA">1</SimpleData>
		<SimpleData name="AREA_ZONA_">39.27500000</SimpleData>
		<SimpleData name="ESPECIE">CONCHA DE ABANICO</SimpleData>
		<SimpleData name="AMBITO">MARICULTURA</SimpleData>
		<SimpleData name="TIPO_DEREC">CONCESION</SimpleData>
		<SimpleData name="CATEGORIA_">ACUICULTURA DE MICRO Y PEQUEÑA EMPRESA (AMYPE)</SimpleData>
		<SimpleData name="ESTADO">VIGENTE</SimpleData>
		<SimpleData name="DEPARTAMEN">PIURA</SimpleData>
		<SimpleData name="PROVINCIA">SECHURA</SimpleData>
		<SimpleData name="DISTRITO">SECHURA</SimpleData>
		<SimpleData name="ZONA">LOTE 30-A MATACABALLO</SimpleData>
		<SimpleData name="TIPO_COORD">UBICACIÓN RD</SimpleData>
		<SimpleData name="DATUM">WGS 84</SimpleData>
		<SimpleData name="LATITUD">PTO A 05°38'02.5960&quot; ,  PTO B 05°37'49.8070&quot; ,  PTO C 05°37'49.8070&quot; ,  PTO D 05°38'02.6020&quot;</SimpleData>
		<SimpleData name="LONGITUD">PTO A 80°52'44.1120&quot; ,  PTO B 80°52'44.1120&quot; ,  PTO C 80°53'16.6160&quot; ,  PTO D 80°53'16.6170&quot;</SimpleData>
		<SimpleData name="FLAG">1</SimpleData>
		<SimpleData name="Shape_STAr">0.00003208315</SimpleData>
		<SimpleData name="Shape_STLe">0.02516472239</SimpleData>
	</SchemaData></ExtendedData>
      <Polygon><outerBoundaryIs><LinearRing><coordinates>-80.8789199999999,-5.63405444399997 -80.887949167,-5.63405611099993 -80.887948889,-5.63050194399993 -80.8789199999999,-5.63050194399993 -80.8789199999999,-5.63405444399997</coordinates></LinearRing></outerBoundaryIs></Polygon>
  </Placemark>
  <Placemark>
	<name>ASOCIACION DE PESCADORES ARTESANALES ACUICULTORES REVOLUCION AZUL</name>
	<description>ASOCIACION DE PESCADORES ARTESANALES ACUICULTORES REVOLUCION AZUL</description>
	<Style><LineStyle><color>ff0000ff</color></LineStyle><PolyStyle><fill>0</fill></PolyStyle></Style>
	<ExtendedData><SchemaData schemaUrl="#Areas_de_Derechos_Acuícolas">
		<SimpleData name="CODIGO">7029</SimpleData>
		<SimpleData name="RESOLUCION">R.D.R. Nº 302-2014-GOBIERNO REGIONAL PIURA-DRP-DR</SimpleData>
		<SimpleData name="FECHA_EMIS">2014/11/17</SimpleData>
		<SimpleData name="FECHA_VIGE">2044/11/17</SimpleData>
		<SimpleData name="AREA_TOTAL">24.50000000</SimpleData>
		<SimpleData name="NRO_ZONA">1</SimpleData>
		<SimpleData name="AREA_ZONA_">24.50000000</SimpleData>
		<SimpleData name="ESPECIE">CONCHA DE ABANICO</SimpleData>
		<SimpleData name="AMBITO">MARICULTURA</SimpleData>
		<SimpleData name="TIPO_DEREC">CONCESION</SimpleData>
		<SimpleData name="CATEGORIA_">ACUICULTURA DE MEDIANA Y GRAN EMPRESA (AMYGE)</SimpleData>
		<SimpleData name="ESTADO">VIGENTE</SimpleData>
		<SimpleData name="DEPARTAMEN">PIURA</SimpleData>
		<SimpleData name="PROVINCIA">SECHURA</SimpleData>
		<SimpleData name="DISTRITO">SECHURA</SimpleData>
		<SimpleData name="ZONA">LOTE Nº 23 - PUERTO RICO - BAYOVAR, BAHIA DE SECHU</SimpleData>
		<SimpleData name="RESOLUCI_1">R.D. Nº 144-2020-PRODUCE/DGA</SimpleData>
		<SimpleData name="FECHA_MODI">2020/08/20</SimpleData>
		<SimpleData name="TIPO_COORD">UBICACIÓN RD</SimpleData>
		<SimpleData name="DATUM">WGS 84</SimpleData>
		<SimpleData name="LATITUD">PTO A 05°48'01.5230&quot; ,  PTO B 05°48'01.5230&quot; ,  PTO C 05°48'16.9550&quot; ,  PTO D 05°48'16.9550&quot;</SimpleData>
		<SimpleData name="LONGITUD">PTO A 80°58'59.4360&quot; ,  PTO B 80°58'42.6260&quot; ,  PTO C 80°58'42.6260&quot; ,  PTO D 80°58'59.4360&quot;</SimpleData>
		<SimpleData name="FLAG">1</SimpleData>
		<SimpleData name="Shape_STAr">0.00002001635</SimpleData>
		<SimpleData name="Shape_STLe">0.01791222222</SimpleData>
	</SchemaData></ExtendedData>
      <Polygon><outerBoundaryIs><LinearRing><coordinates>-80.978507222,-5.80470972199996 -80.983176667,-5.80470972199996 -80.983176667,-5.80042305599993 -80.978507222,-5.80042305599993 -80.978507222,-5.80470972199996</coordinates></LinearRing></outerBoundaryIs></Polygon>
  </Placemark>
  <Placemark>
	<name>HIDROBIOLOGICOS GANIMEDES SOCIEDAD ANONIMA CERRADA</name>
	<description>HIDROBIOLOGICOS GANIMEDES SOCIEDAD ANONIMA CERRADA</description>
	<Style><LineStyle><color>ff0000ff</color></LineStyle><PolyStyle><fill>0</fill></PolyStyle></Style>
	<ExtendedData><SchemaData schemaUrl="#Areas_de_Derechos_Acuícolas">
		<SimpleData name="CODIGO">11007</SimpleData>
		<SimpleData name="RESOLUCION">R.D.R. Nº 462-2018-GOBIERNO REGIONAL PIURA-DRP-DR</SimpleData>
		<SimpleData name="FECHA_EMIS">2018/04/27</SimpleData>
		<SimpleData name="FECHA_VIGE">2028/04/27</SimpleData>
		<SimpleData name="AREA_TOTAL">29.22000000</SimpleData>
		<SimpleData name="NRO_ZONA">1</SimpleData>
		<SimpleData name="AREA_ZONA_">29.22000000</SimpleData>
		<SimpleData name="ESPECIE">CONCHA DE ABANICO</SimpleData>
		<SimpleData name="AMBITO">MARICULTURA</SimpleData>
		<SimpleData name="TIPO_DEREC">CONCESION</SimpleData>
		<SimpleData name="CATEGORIA_">ACUICULTURA DE MICRO Y PEQUEÑA EMPRESA (AMYPE)</SimpleData>
		<SimpleData name="ESTADO">VIGENTE</SimpleData>
		<SimpleData name="DEPARTAMEN">PIURA</SimpleData>
		<SimpleData name="PROVINCIA">SECHURA</SimpleData>
		<SimpleData name="DISTRITO">SECHURA</SimpleData>
		<SimpleData name="ZONA">LOTE 58-A - LAS DELICIAS</SimpleData>
		<SimpleData name="TIPO_COORD">UBICACIÓN RD</SimpleData>
		<SimpleData name="DATUM">WGS 84</SimpleData>
		<SimpleData name="LATITUD">PTO A 05°42'31.3010&quot; ,  PTO B 05°42'31.3010&quot; ,  PTO C 05°42'48.7476&quot; ,  PTO D 05°42'48.7476&quot;</SimpleData>
		<SimpleData name="LONGITUD">PTO A 80°56'06.5600&quot; ,  PTO B 80°55'52.8670&quot; ,  PTO C 80°55'52.8670&quot; ,  PTO D 80°56'14.6436&quot;</SimpleData>
		<SimpleData name="FLAG">1</SimpleData>
		<SimpleData name="Shape_STAr">0.00002387438</SimpleData>
		<SimpleData name="Shape_STLe">0.02004014553</SimpleData>
	</SchemaData></ExtendedData>
      <Polygon><outerBoundaryIs><LinearRing><coordinates>-80.9313519439999,-5.71354099999993 -80.9374009999999,-5.71354099999993 -80.935155556,-5.70869472199996 -80.9313519439999,-5.70869472199996 -80.9313519439999,-5.71354099999993</coordinates></LinearRing></outerBoundaryIs></Polygon>
  </Placemark>
  <Placemark>
	<name>ASOCIACION DE ACUICULTORES ARTESANALES MARIA ALEJANDRA</name>
	<description>ASOCIACION DE ACUICULTORES ARTESANALES MARIA ALEJANDRA</description>
	<Style><LineStyle><color>ff0000ff</color></LineStyle><PolyStyle><fill>0</fill></PolyStyle></Style>
	<ExtendedData><SchemaData schemaUrl="#Areas_de_Derechos_Acuícolas">
		<SimpleData name="CODIGO">5449</SimpleData>
		<SimpleData name="RESOLUCION">R.D.R. Nº 529-2010-GOBIERNO REGIONAL PIURA-DIREPRO-DR</SimpleData>
		<SimpleData name="FECHA_EMIS">2010/10/14</SimpleData>
		<SimpleData name="FECHA_VIGE">2040/10/14</SimpleData>
		<SimpleData name="AREA_TOTAL">40.00000000</SimpleData>
		<SimpleData name="NRO_ZONA">1</SimpleData>
		<SimpleData name="AREA_ZONA_">40.00000000</SimpleData>
		<SimpleData name="ESPECIE">CONCHA DE ABANICO</SimpleData>
		<SimpleData name="AMBITO">MARICULTURA</SimpleData>
		<SimpleData name="TIPO_DEREC">CONCESION</SimpleData>
		<SimpleData name="CATEGORIA_">ACUICULTURA DE MEDIANA Y GRAN EMPRESA (AMYGE)</SimpleData>
		<SimpleData name="ESTADO">VIGENTE</SimpleData>
		<SimpleData name="DEPARTAMEN">PIURA</SimpleData>
		<SimpleData name="PROVINCIA">SECHURA</SimpleData>
		<SimpleData name="DISTRITO">SECHURA</SimpleData>
		<SimpleData name="ZONA">LOTE 68-B - LAS DELICIAS</SimpleData>
		<SimpleData name="RESOLUCI_1">R.D. Nº 114-2020-PRODUCE/DGA</SimpleData>
		<SimpleData name="FECHA_MODI">2020/07/30</SimpleData>
		<SimpleData name="TIPO_COORD">UBICACIÓN RD</SimpleData>
		<SimpleData name="DATUM">WGS 84</SimpleData>
		<SimpleData name="LATITUD">PTO A 05°43'20.8800&quot; ,  PTO B 05°43'20.8800&quot; ,  PTO C 05°43'50.0080&quot; ,  PTO D 05°43'50.0080&quot;</SimpleData>
		<SimpleData name="LONGITUD">PTO A 80°54'59.3748&quot; ,  PTO B 80°54'44.7750&quot; ,  PTO C 80°54'44.7750&quot; ,  PTO D 80°54'59.3748&quot;</SimpleData>
		<SimpleData name="FLAG">1</SimpleData>
		<SimpleData name="Shape_STAr">0.00003281350</SimpleData>
		<SimpleData name="Shape_STLe">0.02429322222</SimpleData>
	</SchemaData></ExtendedData>
      <Polygon><outerBoundaryIs><LinearRing><coordinates>-80.9164929999999,-5.73055777799996 -80.9164929999999,-5.72246666699992 -80.9124374999999,-5.72246666699992 -80.9124374999999,-5.73055777799996 -80.9164929999999,-5.73055777799996</coordinates></LinearRing></outerBoundaryIs></Polygon>
  </Placemark>
  <Placemark>
	<name>ASOCIACION DE PESCADORES ARTESANALES ACUICULTORES AMIGOS DEL MAR</name>
	<description>ASOCIACION DE PESCADORES ARTESANALES ACUICULTORES AMIGOS DEL MAR</description>
	<Style><LineStyle><color>ff0000ff</color></LineStyle><PolyStyle><fill>0</fill></PolyStyle></Style>
	<ExtendedData><SchemaData schemaUrl="#Areas_de_Derechos_Acuícolas">
		<SimpleData name="CODIGO">5348</SimpleData>
		<SimpleData name="RESOLUCION">R.D.R. Nº 462-2010-GOBIERNO REGIONAL PIURA-DIREPRO-DR</SimpleData>
		<SimpleData name="FECHA_EMIS">2010/09/06</SimpleData>
		<SimpleData name="FECHA_VIGE">2040/09/06</SimpleData>
		<SimpleData name="AREA_TOTAL">40.00000000</SimpleData>
		<SimpleData name="NRO_ZONA">1</SimpleData>
		<SimpleData name="AREA_ZONA_">40.00000000</SimpleData>
		<SimpleData name="ESPECIE">CONCHA DE ABANICO</SimpleData>
		<SimpleData name="AMBITO">MARICULTURA</SimpleData>
		<SimpleData name="TIPO_DEREC">CONCESION</SimpleData>
		<SimpleData name="CATEGORIA_">ACUICULTURA DE MEDIANA Y GRAN EMPRESA (AMYGE)</SimpleData>
		<SimpleData name="ESTADO">VIGENTE</SimpleData>
		<SimpleData name="DEPARTAMEN">PIURA</SimpleData>
		<SimpleData name="PROVINCIA">SECHURA</SimpleData>
		<SimpleData name="DISTRITO">SECHURA</SimpleData>
		<SimpleData name="ZONA">LOTE 68-A - LAS DELICIAS</SimpleData>
		<SimpleData name="RESOLUCI_1">R.D. Nº 110-2020-PRODUCE/DGA</SimpleData>
		<SimpleData name="FECHA_MODI">2020/07/30</SimpleData>
		<SimpleData name="TIPO_COORD">UBICACIÓN RD</SimpleData>
		<SimpleData name="DATUM">WGS 84</SimpleData>
		<SimpleData name="LATITUD">PTO A 05°43'20.8800&quot; ,  PTO B 05°43'20.8800&quot; ,  PTO C 05°43'50.0080&quot; ,  PTO D 05°43'50.0080&quot;</SimpleData>
		<SimpleData name="LONGITUD">PTO A 80°55'13.8540&quot; ,  PTO B 80°54'59.3748&quot; ,  PTO C 80°54'59.3748&quot; ,  PTO D 80°55'13.8540&quot;</SimpleData>
		<SimpleData name="FLAG">1</SimpleData>
		<SimpleData name="Shape_STAr">0.00003254245</SimpleData>
		<SimpleData name="Shape_STLe">0.02422622222</SimpleData>
	</SchemaData></ExtendedData>
      <Polygon><outerBoundaryIs><LinearRing><coordinates>-80.9164929999999,-5.73055777799996 -80.920515,-5.73055777799996 -80.920515,-5.72246666699992 -80.9164929999999,-5.72246666699992 -80.9164929999999,-5.73055777799996</coordinates></LinearRing></outerBoundaryIs></Polygon>
  </Placemark>
  <Placemark>
	<name>ASOCIACION DE PESCADORES ARTESANALES, ACUICULTORES DIVINO NIÑO</name>
	<description>ASOCIACION DE PESCADORES ARTESANALES, ACUICULTORES DIVINO NIÑO</description>
	<Style><LineStyle><color>ff0000ff</color></LineStyle><PolyStyle><fill>0</fill></PolyStyle></Style>
	<ExtendedData><SchemaData schemaUrl="#Areas_de_Derechos_Acuícolas">
		<SimpleData name="CODIGO">5360</SimpleData>
		<SimpleData name="RESOLUCION">R.D.R. Nº 512-2010-GOBIERNO REGIONAL PIURA-DIREPRO-DR</SimpleData>
		<SimpleData name="FECHA_EMIS">2010/09/27</SimpleData>
		<SimpleData name="FECHA_VIGE">2040/09/27</SimpleData>
		<SimpleData name="AREA_TOTAL">80.00000000</SimpleData>
		<SimpleData name="NRO_ZONA">1</SimpleData>
		<SimpleData name="AREA_ZONA_">80.00000000</SimpleData>
		<SimpleData name="ESPECIE">CONCHA DE ABANICO</SimpleData>
		<SimpleData name="AMBITO">MARICULTURA</SimpleData>
		<SimpleData name="TIPO_DEREC">CONCESION</SimpleData>
		<SimpleData name="CATEGORIA_">ACUICULTURA DE MEDIANA Y GRAN EMPRESA (AMYGE)</SimpleData>
		<SimpleData name="ESTADO">VIGENTE</SimpleData>
		<SimpleData name="DEPARTAMEN">PIURA</SimpleData>
		<SimpleData name="PROVINCIA">SECHURA</SimpleData>
		<SimpleData name="DISTRITO">SECHURA</SimpleData>
		<SimpleData name="ZONA">LOTE 46 - CONSTANTE</SimpleData>
		<SimpleData name="RESOLUCI_1">R.D. Nº 069-2020-PRODUCE/DGA</SimpleData>
		<SimpleData name="FECHA_MODI">2020/06/30</SimpleData>
		<SimpleData name="TIPO_COORD">UBICACIÓN RD</SimpleData>
		<SimpleData name="DATUM">WGS 84</SimpleData>
		<SimpleData name="LATITUD">PTO A 05°40'54.8990&quot; ,  PTO B 05°40'54.8990&quot; ,  PTO C 05°41'24.0270&quot; ,  PTO D 05°41'24.0270&quot;</SimpleData>
		<SimpleData name="LONGITUD">PTO A 80°55'13.5400&quot; ,  PTO B 80°54'44.4620&quot; ,  PTO C 80°54'44.4620&quot; ,  PTO D 80°55'13.5400&quot;</SimpleData>
		<SimpleData name="FLAG">1</SimpleData>
		<SimpleData name="Shape_STAr">0.00006535370</SimpleData>
		<SimpleData name="Shape_STLe">0.03233666667</SimpleData>
	</SchemaData></ExtendedData>
      <Polygon><outerBoundaryIs><LinearRing><coordinates>-80.912350556,-5.6900075 -80.920427778,-5.6900075 -80.920427778,-5.68191638899996 -80.912350556,-5.68191638899996 -80.912350556,-5.6900075</coordinates></LinearRing></outerBoundaryIs></Polygon>
  </Placemark>
  <Placemark>
	<name>ACUICULTORES MARINOS JC SOCIEDAD ANONIMA CERRADA - ACUICULTORES MARINOS JC S.A.C.</name>
	<description>ACUICULTORES MARINOS JC SOCIEDAD ANONIMA CERRADA - ACUICULTORES MARINOS JC S.A.C.</description>
	<Style><LineStyle><color>ff0000ff</color></LineStyle><PolyStyle><fill>0</fill></PolyStyle></Style>
	<ExtendedData><SchemaData schemaUrl="#Areas_de_Derechos_Acuícolas">
		<SimpleData name="CODIGO">10985</SimpleData>
		<SimpleData name="RESOLUCION">R.D.R. Nº 435-2018-GOBIERNO REGIONAL PIURA-DRP-DR</SimpleData>
		<SimpleData name="FECHA_EMIS">2018/03/27</SimpleData>
		<SimpleData name="FECHA_VIGE">2028/03/27</SimpleData>
		<SimpleData name="AREA_TOTAL">43.32000000</SimpleData>
		<SimpleData name="NRO_ZONA">1</SimpleData>
		<SimpleData name="AREA_ZONA_">43.32000000</SimpleData>
		<SimpleData name="ESPECIE">CONCHA DE ABANICO</SimpleData>
		<SimpleData name="AMBITO">MARICULTURA</SimpleData>
		<SimpleData name="TIPO_DEREC">CONCESION</SimpleData>
		<SimpleData name="CATEGORIA_">ACUICULTURA DE MICRO Y PEQUEÑA EMPRESA (AMYPE)</SimpleData>
		<SimpleData name="ESTADO">VIGENTE</SimpleData>
		<SimpleData name="DEPARTAMEN">PIURA</SimpleData>
		<SimpleData name="PROVINCIA">SECHURA</SimpleData>
		<SimpleData name="DISTRITO">SECHURA</SimpleData>
		<SimpleData name="ZONA">LOTE 44-B - CONSTANTE</SimpleData>
		<SimpleData name="TIPO_COORD">UBICACIÓN RD</SimpleData>
		<SimpleData name="DATUM">WGS 84</SimpleData>
		<SimpleData name="LATITUD">PTO A 05°41'08.2520&quot; ,  PTO B 05°41'08.2520&quot; ,  PTO C 05°41'24.0270&quot; ,  PTO D 05°41'24.0270&quot;</SimpleData>
		<SimpleData name="LONGITUD">PTO A 80°54'08.8820&quot; ,  PTO B 80°53'39.8050&quot; ,  PTO C 80°53'39.8050&quot; ,  PTO D 80°54'08.8820&quot;</SimpleData>
		<SimpleData name="FLAG">1</SimpleData>
		<SimpleData name="Shape_STAr">0.00003539272</SimpleData>
		<SimpleData name="Shape_STLe">0.02491777778</SimpleData>
	</SchemaData></ExtendedData>
      <Polygon><outerBoundaryIs><LinearRing><coordinates>-80.902467222,-5.6856255559999 -80.894390278,-5.6856255559999 -80.894390278,-5.6900075 -80.902467222,-5.6900075 -80.902467222,-5.6856255559999</coordinates></LinearRing></outerBoundaryIs></Polygon>
  </Placemark>
  <Placemark>
	<name>ASOCIACION DE EXTRACTORES MARINOS ARTESANALES Y BUZOS DE PARACHIQUE - PIURA</name>
	<description>ASOCIACION DE EXTRACTORES MARINOS ARTESANALES Y BUZOS DE PARACHIQUE - PIURA</description>
	<Style><LineStyle><color>ff0000ff</color></LineStyle><PolyStyle><fill>0</fill></PolyStyle></Style>
	<ExtendedData><SchemaData schemaUrl="#Areas_de_Derechos_Acuícolas">
		<SimpleData name="CODIGO">4675</SimpleData>
		<SimpleData name="RESOLUCION">R.D.R. Nº 001-2009-GOBIERNO REGIONAL PIURA-DIREPRO-DR</SimpleData>
		<SimpleData name="FECHA_EMIS">2009/01/08</SimpleData>
		<SimpleData name="FECHA_VIGE">2039/01/08</SimpleData>
		<SimpleData name="AREA_TOTAL">99.14000000</SimpleData>
		<SimpleData name="NRO_ZONA">1</SimpleData>
		<SimpleData name="AREA_ZONA_">99.14000000</SimpleData>
		<SimpleData name="ESPECIE">CONCHA DE ABANICO</SimpleData>
		<SimpleData name="AMBITO">MARICULTURA</SimpleData>
		<SimpleData name="TIPO_DEREC">CONCESION</SimpleData>
		<SimpleData name="CATEGORIA_">ACUICULTURA DE MEDIANA Y GRAN EMPRESA (AMYGE)</SimpleData>
		<SimpleData name="ESTADO">VIGENTE</SimpleData>
		<SimpleData name="DEPARTAMEN">PIURA</SimpleData>
		<SimpleData name="PROVINCIA">SECHURA</SimpleData>
		<SimpleData name="DISTRITO">SECHURA</SimpleData>
		<SimpleData name="ZONA">LOTE 85 - PARACHIQUE</SimpleData>
		<SimpleData name="RESOLUCI_1">R.D. Nº 088-2020-PRODUCE/DGA</SimpleData>
		<SimpleData name="FECHA_MODI">2020/07/14</SimpleData>
		<SimpleData name="TIPO_COORD">UBICACIÓN RD</SimpleData>
		<SimpleData name="DATUM">WGS 84</SimpleData>
		<SimpleData name="LATITUD">PTO A 05°45'27.0000&quot; ,  PTO B 05°45'27.0000&quot; ,  PTO C 05°44'54.6000&quot; ,  PTO D 05°44'54.6000&quot;</SimpleData>
		<SimpleData name="LONGITUD">PTO A 80°55'17.2000&quot; ,  PTO B 80°55'49.6000&quot; ,  PTO C 80°55'49.6000&quot; ,  PTO D 80°55'17.2000&quot;</SimpleData>
		<SimpleData name="FLAG">1</SimpleData>
		<SimpleData name="Shape_STAr">0.00008100000</SimpleData>
		<SimpleData name="Shape_STLe">0.03600000000</SimpleData>
	</SchemaData></ExtendedData>
      <Polygon><outerBoundaryIs><LinearRing><coordinates>-80.921444444,-5.75749999999993 -80.930444444,-5.75749999999993 -80.930444444,-5.74850000000001 -80.921444444,-5.74850000000001 -80.921444444,-5.75749999999993</coordinates></LinearRing></outerBoundaryIs></Polygon>
  </Placemark>
  <Placemark>
	<name>MARICULTORES BENDICION DE JESUCRISTO S.A.C.</name>
	<description>MARICULTORES BENDICION DE JESUCRISTO S.A.C.</description>
	<Style><LineStyle><color>ff0000ff</color></LineStyle><PolyStyle><fill>0</fill></PolyStyle></Style>
	<ExtendedData><SchemaData schemaUrl="#Areas_de_Derechos_Acuícolas">
		<SimpleData name="CODIGO">10941</SimpleData>
		<SimpleData name="RESOLUCION">R.D.R. Nº 414-2018-GOBIERNO REGIONAL PIURA-DRP-DR</SimpleData>
		<SimpleData name="FECHA_EMIS">2018/03/23</SimpleData>
		<SimpleData name="FECHA_VIGE">2028/03/23</SimpleData>
		<SimpleData name="AREA_TOTAL">34.18000000</SimpleData>
		<SimpleData name="NRO_ZONA">1</SimpleData>
		<SimpleData name="AREA_ZONA_">34.18000000</SimpleData>
		<SimpleData name="ESPECIE">CONCHA DE ABANICO</SimpleData>
		<SimpleData name="AMBITO">MARICULTURA</SimpleData>
		<SimpleData name="TIPO_DEREC">CONCESION</SimpleData>
		<SimpleData name="CATEGORIA_">ACUICULTURA DE MICRO Y PEQUEÑA EMPRESA (AMYPE)</SimpleData>
		<SimpleData name="ESTADO">VIGENTE</SimpleData>
		<SimpleData name="DEPARTAMEN">PIURA</SimpleData>
		<SimpleData name="PROVINCIA">SECHURA</SimpleData>
		<SimpleData name="DISTRITO">SECHURA</SimpleData>
		<SimpleData name="ZONA">LOTE 73-C - PARACHIQUE</SimpleData>
		<SimpleData name="TIPO_COORD">UBICACIÓN RD</SimpleData>
		<SimpleData name="DATUM">WGS 84</SimpleData>
		<SimpleData name="LATITUD">PTO A 05°44'40.2180&quot; ,  PTO B 05°44'40.2180&quot; ,  PTO C 05°44'51.3510&quot; ,  PTO D 05°44'51.3510&quot;</SimpleData>
		<SimpleData name="LONGITUD">PTO A 80°56'25.3750&quot; ,  PTO B 80°55'52.8670&quot; ,  PTO C 80°55'52.8670&quot; ,  PTO D 80°56'25.3750&quot;</SimpleData>
		<SimpleData name="FLAG">1</SimpleData>
		<SimpleData name="Shape_STAr">0.00002792528</SimpleData>
		<SimpleData name="Shape_STLe">0.02424500000</SimpleData>
	</SchemaData></ExtendedData>
      <Polygon><outerBoundaryIs><LinearRing><coordinates>-80.9313519439999,-5.74759749999994 -80.9403819439999,-5.74759749999994 -80.9403819439999,-5.74450499999995 -80.9313519439999,-5.74450499999995 -80.9313519439999,-5.74759749999994</coordinates></LinearRing></outerBoundaryIs></Polygon>
  </Placemark>
  <Placemark>
	<name>INVERSIONES JESUS FUENTE INAGOTABLE S.A.C.</name>
	<description>INVERSIONES JESUS FUENTE INAGOTABLE S.A.C.</description>
	<Style><LineStyle><color>ff0000ff</color></LineStyle><PolyStyle><fill>0</fill></PolyStyle></Style>
	<ExtendedData><SchemaData schemaUrl="#Areas_de_Derechos_Acuícolas">
		<SimpleData name="CODIGO">10969</SimpleData>
		<SimpleData name="RESOLUCION">R.D.R. Nº 422-2018-GOBIERNO REGIONAL PIURA-DRP-DR</SimpleData>
		<SimpleData name="FECHA_EMIS">2018/03/23</SimpleData>
		<SimpleData name="FECHA_VIGE">2028/03/23</SimpleData>
		<SimpleData name="AREA_TOTAL">24.57000000</SimpleData>
		<SimpleData name="NRO_ZONA">1</SimpleData>
		<SimpleData name="AREA_ZONA_">24.57000000</SimpleData>
		<SimpleData name="ESPECIE">CONCHA DE ABANICO</SimpleData>
		<SimpleData name="AMBITO">MARICULTURA</SimpleData>
		<SimpleData name="TIPO_DEREC">CONCESION</SimpleData>
		<SimpleData name="CATEGORIA_">ACUICULTURA DE MICRO Y PEQUEÑA EMPRESA (AMYPE)</SimpleData>
		<SimpleData name="ESTADO">VIGENTE</SimpleData>
		<SimpleData name="DEPARTAMEN">PIURA</SimpleData>
		<SimpleData name="PROVINCIA">SECHURA</SimpleData>
		<SimpleData name="DISTRITO">SECHURA</SimpleData>
		<SimpleData name="ZONA">LOTE 73-B - PARACHIQUE</SimpleData>
		<SimpleData name="TIPO_COORD">UBICACIÓN RD</SimpleData>
		<SimpleData name="DATUM">WGS 84</SimpleData>
		<SimpleData name="LATITUD">PTO A 05°44'29.6376&quot; ,  PTO B 05°44'29.6376&quot; ,  PTO C 05°44'36.9783&quot; ,  PTO D 05°44'36.9783&quot;</SimpleData>
		<SimpleData name="LONGITUD">PTO A 80°56'25.3750&quot; ,  PTO B 80°55'50.5056&quot; ,  PTO C 80°55'49.3644&quot; ,  PTO D 80°56'25.3750&quot;</SimpleData>
		<SimpleData name="FLAG">1</SimpleData>
		<SimpleData name="Shape_STAr">0.00002007364</SimpleData>
		<SimpleData name="Shape_STLe">0.02379154917</SimpleData>
	</SchemaData></ExtendedData>
      <Polygon><outerBoundaryIs><LinearRing><coordinates>-80.930379,-5.74360508300001 -80.9403819439999,-5.74360508300001 -80.9403819439999,-5.74156599999996 -80.9306959999999,-5.74156599999996 -80.930379,-5.74360508300001</coordinates></LinearRing></outerBoundaryIs></Polygon>
  </Placemark>
  <Placemark>
	<name>ASOCIACION DE EXTRACTORES DE MARISCOS Y PESCADORES ARTESANALES DE CIUDAD DEL PESCADOR</name>
	<description>ASOCIACION DE EXTRACTORES DE MARISCOS Y PESCADORES ARTESANALES DE CIUDAD DEL PESCADOR</description>
	<Style><LineStyle><color>ff0000ff</color></LineStyle><PolyStyle><fill>0</fill></PolyStyle></Style>
	<ExtendedData><SchemaData schemaUrl="#Areas_de_Derechos_Acuícolas">
		<SimpleData name="CODIGO">5633</SimpleData>
		<SimpleData name="RESOLUCION">R.D.R. Nº 037-2011-GOBIERNO REGIONAL PIURA-DIREPRO-DR</SimpleData>
		<SimpleData name="FECHA_EMIS">2011/02/09</SimpleData>
		<SimpleData name="FECHA_VIGE">2041/02/09</SimpleData>
		<SimpleData name="AREA_TOTAL">17.54000000</SimpleData>
		<SimpleData name="NRO_ZONA">1</SimpleData>
		<SimpleData name="AREA_ZONA_">17.54000000</SimpleData>
		<SimpleData name="ESPECIE">CONCHA DE ABANICO</SimpleData>
		<SimpleData name="AMBITO">MARICULTURA</SimpleData>
		<SimpleData name="TIPO_DEREC">CONCESION</SimpleData>
		<SimpleData name="CATEGORIA_">ACUICULTURA DE MICRO Y PEQUEÑA EMPRESA (AMYPE)</SimpleData>
		<SimpleData name="ESTADO">VIGENTE</SimpleData>
		<SimpleData name="DEPARTAMEN">PIURA</SimpleData>
		<SimpleData name="PROVINCIA">SECHURA</SimpleData>
		<SimpleData name="DISTRITO">SECHURA</SimpleData>
		<SimpleData name="ZONA">LOTE 74 - PARACHIQUE</SimpleData>
		<SimpleData name="RESOLUCI_1">R.D.R N° 130-2021-GOBIERNO REGIONAL PIURA-DRP-DR</SimpleData>
		<SimpleData name="FECHA_MODI">2021/07/15</SimpleData>
		<SimpleData name="TIPO_COORD">UBICACIÓN RD</SimpleData>
		<SimpleData name="DATUM">WGS 84</SimpleData>
		<SimpleData name="LATITUD">PTO A 05°44'43.6770&quot; ,  PTO B 05°44'47.5590&quot; ,  PTO C 05°44'51.3510&quot; ,  PTO D 05°44'51.3510&quot;</SimpleData>
		<SimpleData name="LONGITUD">PTO A 80°55'49.6000&quot; ,  PTO B 80°55'17.2000&quot; ,  PTO C 80°55'17.2000&quot; ,  PTO D 80°55'49.6000&quot;</SimpleData>
		<SimpleData name="FLAG">1</SimpleData>
		<SimpleData name="Shape_STAr">0.00001433250</SimpleData>
		<SimpleData name="Shape_STLe">0.02124936996</SimpleData>
	</SchemaData></ExtendedData>
      <Polygon><outerBoundaryIs><LinearRing><coordinates>-80.921444444,-5.74759749999994 -80.930444444,-5.74759749999994 -80.930444444,-5.74546583299996 -80.921444444,-5.74654416700001 -80.921444444,-5.74759749999994</coordinates></LinearRing></outerBoundaryIs></Polygon>
  </Placemark>
  <Placemark>
	<name>PESCADORES ARTESANALES LOS DELFINES SOCIEDAD ANONIMA CERRADA</name>
	<description>PESCADORES ARTESANALES LOS DELFINES SOCIEDAD ANONIMA CERRADA</description>
	<Style><LineStyle><color>ff0000ff</color></LineStyle><PolyStyle><fill>0</fill></PolyStyle></Style>
	<ExtendedData><SchemaData schemaUrl="#Areas_de_Derechos_Acuícolas">
		<SimpleData name="CODIGO">5260</SimpleData>
		<SimpleData name="RESOLUCION">R.D.R. Nº 399-2010-GOBIERNO REGIONAL PIURA-DIREPRO-DR</SimpleData>
		<SimpleData name="FECHA_EMIS">2010/08/12</SimpleData>
		<SimpleData name="FECHA_VIGE">2040/08/12</SimpleData>
		<SimpleData name="AREA_TOTAL">73.11000000</SimpleData>
		<SimpleData name="NRO_ZONA">1</SimpleData>
		<SimpleData name="AREA_ZONA_">73.11000000</SimpleData>
		<SimpleData name="ESPECIE">CONCHA DE ABANICO</SimpleData>
		<SimpleData name="AMBITO">MARICULTURA</SimpleData>
		<SimpleData name="TIPO_DEREC">CONCESION</SimpleData>
		<SimpleData name="CATEGORIA_">ACUICULTURA DE MEDIANA Y GRAN EMPRESA (AMYGE)</SimpleData>
		<SimpleData name="ESTADO">VIGENTE</SimpleData>
		<SimpleData name="DEPARTAMEN">PIURA</SimpleData>
		<SimpleData name="PROVINCIA">SECHURA</SimpleData>
		<SimpleData name="DISTRITO">SECHURA</SimpleData>
		<SimpleData name="ZONA">LOTE 81 - PARACHIQUE</SimpleData>
		<SimpleData name="RESOLUCI_1">R.D. N° 003-2023-PRODUCE/DGA</SimpleData>
		<SimpleData name="FECHA_MODI">2023/06/08</SimpleData>
		<SimpleData name="TIPO_COORD">UBICACIÓN RD</SimpleData>
		<SimpleData name="DATUM">WGS 84</SimpleData>
		<SimpleData name="LATITUD">PTO A 05°44'25.6490&quot; ,  PTO B 05°44'25.6490&quot; ,  PTO C 05°44'54.7780&quot; ,  PTO D 05°44'54.7780&quot; ,  PTO E 05°44'48.1130&quot; ,  PTO F 05°44'48.1130&quot;</SimpleData>
		<SimpleData name="LONGITUD">PTO A 80°55'12.0230&quot; ,  PTO B 80°54'44.7750&quot; ,  PTO C 80°54'44.7750&quot; ,  PTO D 80°55'13.8540&quot; ,  PTO E 80°55'13.8540&quot; ,  PTO F 80°55'09.1930&quot;</SimpleData>
		<SimpleData name="FLAG">1</SimpleData>
		<SimpleData name="Shape_STAr">0.00005973179</SimpleData>
		<SimpleData name="Shape_STLe">0.03317321084</SimpleData>
	</SchemaData></ExtendedData>
      <Polygon><outerBoundaryIs><LinearRing><coordinates>-80.9124374999999,-5.74854944399993 -80.920515,-5.74854944399993 -80.920515,-5.74669805599995 -80.919220278,-5.74669805599995 -80.920006389,-5.74045805599995 -80.9124374999999,-5.74045805599995 -80.9124374999999,-5.74854944399993</coordinates></LinearRing></outerBoundaryIs></Polygon>
  </Placemark>
  <Placemark>
	<name>&quot;ASOCIACIÓN NUEVO HORIZONTE SECHURA&quot;</name>
	<description>&quot;ASOCIACIÓN NUEVO HORIZONTE SECHURA&quot;</description>
	<Style><LineStyle><color>ff0000ff</color></LineStyle><PolyStyle><fill>0</fill></PolyStyle></Style>
	<ExtendedData><SchemaData schemaUrl="#Areas_de_Derechos_Acuícolas">
		<SimpleData name="CODIGO">5365</SimpleData>
		<SimpleData name="RESOLUCION">R.D.R. Nº 517-2010-GOBIERNO REGIONAL PIURA-DIREPRO-DR</SimpleData>
		<SimpleData name="FECHA_EMIS">2010/09/27</SimpleData>
		<SimpleData name="FECHA_VIGE">2040/09/27</SimpleData>
		<SimpleData name="AREA_TOTAL">75.00000000</SimpleData>
		<SimpleData name="NRO_ZONA">1</SimpleData>
		<SimpleData name="AREA_ZONA_">75.00000000</SimpleData>
		<SimpleData name="ESPECIE">CONCHA DE ABANICO</SimpleData>
		<SimpleData name="AMBITO">MARICULTURA</SimpleData>
		<SimpleData name="TIPO_DEREC">CONCESION</SimpleData>
		<SimpleData name="CATEGORIA_">ACUICULTURA DE MEDIANA Y GRAN EMPRESA (AMYGE)</SimpleData>
		<SimpleData name="ESTADO">VIGENTE</SimpleData>
		<SimpleData name="DEPARTAMEN">PIURA</SimpleData>
		<SimpleData name="PROVINCIA">SECHURA</SimpleData>
		<SimpleData name="DISTRITO">SECHURA</SimpleData>
		<SimpleData name="ZONA">LOTE 84-A - PARACHIQUE</SimpleData>
		<SimpleData name="RESOLUCI_1">R.D. Nº 060-2020-PRODUCE/DGA</SimpleData>
		<SimpleData name="FECHA_MODI">2020/06/30</SimpleData>
		<SimpleData name="TIPO_COORD">UBICACIÓN RD</SimpleData>
		<SimpleData name="DATUM">WGS 84</SimpleData>
		<SimpleData name="LATITUD">PTO A 05°44'54.6100&quot; ,  PTO B 05°44'54.6100&quot; ,  PTO C 05°45'27.1770&quot; ,  PTO D 05°45'27.1770&quot;</SimpleData>
		<SimpleData name="LONGITUD">PTO A 80°56'25.3750&quot; ,  PTO B 80°56'01.1112&quot; ,  PTO C 80°56'01.1112&quot; ,  PTO D 80°56'25.3750&quot;</SimpleData>
		<SimpleData name="FLAG">1</SimpleData>
		<SimpleData name="Shape_STAr">0.00006097216</SimpleData>
		<SimpleData name="Shape_STLe">0.03157266667</SimpleData>
	</SchemaData></ExtendedData>
      <Polygon><outerBoundaryIs><LinearRing><coordinates>-80.933642,-5.75754916700001 -80.9403819439999,-5.75754916700001 -80.9403819439999,-5.74850277799997 -80.933642,-5.74850277799997 -80.933642,-5.75754916700001</coordinates></LinearRing></outerBoundaryIs></Polygon>
  </Placemark>
  <Placemark>
	<name>EMPRESA PESQUERA Y ACUICULTORA EL GRAN MAHANAIM SOCIEDAD ANONIMA CERRADA</name>
	<description>EMPRESA PESQUERA Y ACUICULTORA EL GRAN MAHANAIM SOCIEDAD ANONIMA CERRADA</description>
	<Style><LineStyle><color>ff0000ff</color></LineStyle><PolyStyle><fill>0</fill></PolyStyle></Style>
	<ExtendedData><SchemaData schemaUrl="#Areas_de_Derechos_Acuícolas">
		<SimpleData name="CODIGO">11008</SimpleData>
		<SimpleData name="RESOLUCION">R.D.R. Nº 463-2018-GOBIERNO REGIONAL PIURA-DRP-DR</SimpleData>
		<SimpleData name="FECHA_EMIS">2018/04/27</SimpleData>
		<SimpleData name="FECHA_VIGE">2028/04/27</SimpleData>
		<SimpleData name="AREA_TOTAL">15.57000000</SimpleData>
		<SimpleData name="NRO_ZONA">1</SimpleData>
		<SimpleData name="AREA_ZONA_">15.57000000</SimpleData>
		<SimpleData name="ESPECIE">CONCHA DE ABANICO</SimpleData>
		<SimpleData name="AMBITO">MARICULTURA</SimpleData>
		<SimpleData name="TIPO_DEREC">CONCESION</SimpleData>
		<SimpleData name="CATEGORIA_">ACUICULTURA DE MICRO Y PEQUEÑA EMPRESA (AMYPE)</SimpleData>
		<SimpleData name="ESTADO">VIGENTE</SimpleData>
		<SimpleData name="DEPARTAMEN">PIURA</SimpleData>
		<SimpleData name="PROVINCIA">SECHURA</SimpleData>
		<SimpleData name="DISTRITO">SECHURA</SimpleData>
		<SimpleData name="ZONA">LOTE 91-A - PARACHIQUE</SimpleData>
		<SimpleData name="TIPO_COORD">UBICACIÓN RD</SimpleData>
		<SimpleData name="DATUM">WGS 84</SimpleData>
		<SimpleData name="LATITUD">PTO A 05°45'43.4660&quot; ,  PTO B 05°45'43.4660&quot; ,  PTO C 05°45'56.5100&quot; ,  PTO D 05°45'56.5100&quot;</SimpleData>
		<SimpleData name="LONGITUD">PTO A 80°55'18.4560&quot; ,  PTO B 80°55'05.8152&quot; ,  PTO C 80°55'05.8152&quot; ,  PTO D 80°55'18.4560&quot;</SimpleData>
		<SimpleData name="FLAG">1</SimpleData>
		<SimpleData name="Shape_STAr">0.00001272273</SimpleData>
		<SimpleData name="Shape_STLe">0.01426933333</SimpleData>
	</SchemaData></ExtendedData>
      <Polygon><outerBoundaryIs><LinearRing><coordinates>-80.918282,-5.76569722199996 -80.921793333,-5.76569722199996 -80.921793333,-5.76207388899993 -80.918282,-5.76207388899993 -80.918282,-5.76569722199996</coordinates></LinearRing></outerBoundaryIs></Polygon>
  </Placemark>
  <Placemark>
	<name>ASOCIACION DE PESCADORES ARTESANALES ACUICULTORES SANTA ROSA DE LIMA PERU</name>
	<description>ASOCIACION DE PESCADORES ARTESANALES ACUICULTORES SANTA ROSA DE LIMA PERU</description>
	<Style><LineStyle><color>ff0000ff</color></LineStyle><PolyStyle><fill>0</fill></PolyStyle></Style>
	<ExtendedData><SchemaData schemaUrl="#Areas_de_Derechos_Acuícolas">
		<SimpleData name="CODIGO">5597</SimpleData>
		<SimpleData name="RESOLUCION">R.D.R. Nº 019-2011-GOBIERNO REGIONAL PIURA-DIREPRO-DR</SimpleData>
		<SimpleData name="FECHA_EMIS">2011/01/24</SimpleData>
		<SimpleData name="FECHA_VIGE">2041/01/24</SimpleData>
		<SimpleData name="AREA_TOTAL">100.00000000</SimpleData>
		<SimpleData name="NRO_ZONA">1</SimpleData>
		<SimpleData name="AREA_ZONA_">100.00000000</SimpleData>
		<SimpleData name="ESPECIE">CONCHA DE ABANICO</SimpleData>
		<SimpleData name="AMBITO">MARICULTURA</SimpleData>
		<SimpleData name="TIPO_DEREC">CONCESION</SimpleData>
		<SimpleData name="CATEGORIA_">ACUICULTURA DE MEDIANA Y GRAN EMPRESA (AMYGE)</SimpleData>
		<SimpleData name="ESTADO">VIGENTE</SimpleData>
		<SimpleData name="DEPARTAMEN">PIURA</SimpleData>
		<SimpleData name="PROVINCIA">SECHURA</SimpleData>
		<SimpleData name="DISTRITO">SECHURA</SimpleData>
		<SimpleData name="ZONA">LOTE 92 - BARRANCOS</SimpleData>
		<SimpleData name="RESOLUCI_1">R.D. Nº 064-2020-PRODUCE/DGA</SimpleData>
		<SimpleData name="FECHA_MODI">2020/06/30</SimpleData>
		<SimpleData name="OBS_MODIFI">R.D. Nº 1298-2011/DCG LAS COORDENADAS DEL USO DE AREA ACUATICA NO COINCIDEN CON LA R.D.R. Nº 019-2011-GOBIERNO REGIONAL PIURA-DIREPRO-DR</SimpleData>
		<SimpleData name="TIPO_COORD">UBICACIÓN RD</SimpleData>
		<SimpleData name="DATUM">WGS 84</SimpleData>
		<SimpleData name="LATITUD">PTO A 05°45'43.4660&quot; ,  PTO B 05°45'43.4660&quot; ,  PTO C 05°46'16.0330&quot; ,  PTO D 05°46'16.0330&quot;</SimpleData>
		<SimpleData name="LONGITUD">PTO A 80°55'54.2230&quot; ,  PTO B 80°55'21.7070&quot; ,  PTO C 80°55'21.7070&quot; ,  PTO D 80°55'54.2230&quot;</SimpleData>
		<SimpleData name="FLAG">1</SimpleData>
		<SimpleData name="Shape_STAr">0.00008170899</SimpleData>
		<SimpleData name="Shape_STLe">0.03615722222</SimpleData>
	</SchemaData></ExtendedData>
      <Polygon><outerBoundaryIs><LinearRing><coordinates>-80.922696389,-5.77112027799996 -80.931728611,-5.77112027799996 -80.931728611,-5.76207388899993 -80.922696389,-5.76207388899993 -80.922696389,-5.77112027799996</coordinates></LinearRing></outerBoundaryIs></Polygon>
  </Placemark>
  <Placemark>
	<name>ASOCIACION DE PESCADORES RECOLECTORES, EXTRACTORES Y CULTIVADORES ARTESANALES JESUS FUENTE DE BENDICION</name>
	<description>ASOCIACION DE PESCADORES RECOLECTORES, EXTRACTORES Y CULTIVADORES ARTESANALES JESUS FUENTE DE BENDICION</description>
	<Style><LineStyle><color>ff0000ff</color></LineStyle><PolyStyle><fill>0</fill></PolyStyle></Style>
	<ExtendedData><SchemaData schemaUrl="#Areas_de_Derechos_Acuícolas">
		<SimpleData name="CODIGO">5799</SimpleData>
		<SimpleData name="RESOLUCION">R.D.R. Nº 266-2011-GOBIERNO REGIONAL PIURA-DIREPRO-DR</SimpleData>
		<SimpleData name="FECHA_EMIS">2011/07/18</SimpleData>
		<SimpleData name="FECHA_VIGE">2041/07/18</SimpleData>
		<SimpleData name="AREA_TOTAL">50.00000000</SimpleData>
		<SimpleData name="NRO_ZONA">1</SimpleData>
		<SimpleData name="AREA_ZONA_">50.00000000</SimpleData>
		<SimpleData name="ESPECIE">CONCHA DE ABANICO</SimpleData>
		<SimpleData name="AMBITO">MARICULTURA</SimpleData>
		<SimpleData name="TIPO_DEREC">CONCESION</SimpleData>
		<SimpleData name="CATEGORIA_">ACUICULTURA DE MICRO Y PEQUEÑA EMPRESA (AMYPE)</SimpleData>
		<SimpleData name="ESTADO">VIGENTE</SimpleData>
		<SimpleData name="DEPARTAMEN">PIURA</SimpleData>
		<SimpleData name="PROVINCIA">SECHURA</SimpleData>
		<SimpleData name="DISTRITO">SECHURA</SimpleData>
		<SimpleData name="ZONA">LOTE 90-A - PARACHIQUE</SimpleData>
		<SimpleData name="RESOLUCI_1">R.D.R. Nº 149-2020-GOBIERNO REGIONAL PIURA-DIREPRO-DR</SimpleData>
		<SimpleData name="FECHA_MODI">2020/12/18</SimpleData>
		<SimpleData name="TIPO_COORD">UBICACIÓN RD</SimpleData>
		<SimpleData name="DATUM">WGS 84</SimpleData>
		<SimpleData name="LATITUD">PTO A 5°45'43.466&quot; ,  PTO B 5°45'43.466&quot; ,  PTO C 5°46'16.033&quot; ,  PTO D 5°46'16.033&quot;</SimpleData>
		<SimpleData name="LONGITUD">PTO A 80°54'42.689&quot; ,  PTO B 80°54'26.503&quot; ,  PTO C 80°54'26.503&quot; ,  PTO D 80°54'42.689&quot;</SimpleData>
		<SimpleData name="FLAG">1</SimpleData>
		<SimpleData name="Shape_STAr">0.00004068436</SimpleData>
		<SimpleData name="Shape_STLe">0.02708800000</SimpleData>
	</SchemaData></ExtendedData>
      <Polygon><outerBoundaryIs><LinearRing><coordinates>-80.907361,-5.77111999999994 -80.9118579999999,-5.77111999999994 -80.9118579999999,-5.76207299999994 -80.907361,-5.76207299999994 -80.907361,-5.77111999999994</coordinates></LinearRing></outerBoundaryIs></Polygon>
  </Placemark>
  <Placemark>
	<name>ACUICULTORES ALFA Y OMEGA SOCIEDAD ANONIMA CERRADA</name>
	<description>ACUICULTORES ALFA Y OMEGA SOCIEDAD ANONIMA CERRADA</description>
	<Style><LineStyle><color>ff0000ff</color></LineStyle><PolyStyle><fill>0</fill></PolyStyle></Style>
	<ExtendedData><SchemaData schemaUrl="#Areas_de_Derechos_Acuícolas">
		<SimpleData name="CODIGO">10972</SimpleData>
		<SimpleData name="RESOLUCION">R.D.R. Nº 425-2018-GOBIERNO REGIONAL PIURA-DRP-DR</SimpleData>
		<SimpleData name="FECHA_EMIS">2018/03/23</SimpleData>
		<SimpleData name="FECHA_VIGE">2028/03/23</SimpleData>
		<SimpleData name="AREA_TOTAL">16.91000000</SimpleData>
		<SimpleData name="NRO_ZONA">1</SimpleData>
		<SimpleData name="AREA_ZONA_">16.91000000</SimpleData>
		<SimpleData name="ESPECIE">CONCHA DE ABANICO</SimpleData>
		<SimpleData name="AMBITO">MARICULTURA</SimpleData>
		<SimpleData name="TIPO_DEREC">CONCESION</SimpleData>
		<SimpleData name="CATEGORIA_">ACUICULTURA DE MICRO Y PEQUEÑA EMPRESA (AMYPE)</SimpleData>
		<SimpleData name="ESTADO">VIGENTE</SimpleData>
		<SimpleData name="DEPARTAMEN">PIURA</SimpleData>
		<SimpleData name="PROVINCIA">SECHURA</SimpleData>
		<SimpleData name="DISTRITO">SECHURA</SimpleData>
		<SimpleData name="ZONA">LOTE 80-A - PARACHIQUE</SimpleData>
		<SimpleData name="TIPO_COORD">UBICACIÓN RD</SimpleData>
		<SimpleData name="DATUM">WGS 84</SimpleData>
		<SimpleData name="LATITUD">PTO A 05°44'25.6490&quot; ,  PTO B 05°44'25.6490&quot; ,  PTO C 05°44'31.8080&quot; ,  PTO D 05°44'31.8080&quot;</SimpleData>
		<SimpleData name="LONGITUD">PTO A 80°54'41.5240&quot; ,  PTO B 80°54'12.4450&quot; ,  PTO C 80°54'12.4450&quot; ,  PTO D 80°54'41.5240&quot;</SimpleData>
		<SimpleData name="FLAG">1</SimpleData>
		<SimpleData name="Shape_STAr">0.00001381926</SimpleData>
		<SimpleData name="Shape_STLe">0.01957666667</SimpleData>
	</SchemaData></ExtendedData>
      <Polygon><outerBoundaryIs><LinearRing><coordinates>-80.903456944,-5.74216888899993 -80.911534444,-5.74216888899993 -80.911534444,-5.74045805599995 -80.903456944,-5.74045805599995 -80.903456944,-5.74216888899993</coordinates></LinearRing></outerBoundaryIs></Polygon>
  </Placemark>
  <Placemark>
	<name>EMPRESA ACUICOLA Y SERVICIOS GENERALES FRUTOS DEL MAR SOCIEDAD ANONIMA CERRADA</name>
	<description>EMPRESA ACUICOLA Y SERVICIOS GENERALES FRUTOS DEL MAR SOCIEDAD ANONIMA CERRADA</description>
	<Style><LineStyle><color>ff0000ff</color></LineStyle><PolyStyle><fill>0</fill></PolyStyle></Style>
	<ExtendedData><SchemaData schemaUrl="#Areas_de_Derechos_Acuícolas">
		<SimpleData name="CODIGO">10934</SimpleData>
		<SimpleData name="RESOLUCION">R.D.R. Nº 411-2018-GOBIERNO REGIONAL PIURA-DRP-DR</SimpleData>
		<SimpleData name="FECHA_EMIS">2018/03/23</SimpleData>
		<SimpleData name="FECHA_VIGE">2028/03/23</SimpleData>
		<SimpleData name="AREA_TOTAL">20.45000000</SimpleData>
		<SimpleData name="NRO_ZONA">1</SimpleData>
		<SimpleData name="AREA_ZONA_">20.45150000</SimpleData>
		<SimpleData name="ESPECIE">CONCHA DE ABANICO</SimpleData>
		<SimpleData name="AMBITO">MARICULTURA</SimpleData>
		<SimpleData name="TIPO_DEREC">CONCESION</SimpleData>
		<SimpleData name="CATEGORIA_">ACUICULTURA DE MICRO Y PEQUEÑA EMPRESA (AMYPE)</SimpleData>
		<SimpleData name="ESTADO">VIGENTE</SimpleData>
		<SimpleData name="DEPARTAMEN">PIURA</SimpleData>
		<SimpleData name="PROVINCIA">SECHURA</SimpleData>
		<SimpleData name="DISTRITO">SECHURA</SimpleData>
		<SimpleData name="ZONA">LOTE  107-B - BARRANCOS</SimpleData>
		<SimpleData name="TIPO_COORD">UBICACIÓN RD</SimpleData>
		<SimpleData name="DATUM">WGS 84</SimpleData>
		<SimpleData name="LATITUD">PTO A 05°47'08.0625&quot; ,  PTO B 05°47'08.0625&quot; ,  PTO C 05°47'14.7231&quot; ,  PTO D 05°47'14.7231&quot;</SimpleData>
		<SimpleData name="LONGITUD">PTO A 80°55'18.4560&quot; ,  PTO B 80°54'45.9400&quot; ,  PTO C 80°54'45.9400&quot; ,  PTO D 80°55'18.4560&quot;</SimpleData>
		<SimpleData name="FLAG">1</SimpleData>
		<SimpleData name="Shape_STAr">0.00001671112</SimpleData>
		<SimpleData name="Shape_STLe">0.02176477778</SimpleData>
	</SchemaData></ExtendedData>
      <Polygon><outerBoundaryIs><LinearRing><coordinates>-80.912761111,-5.78742308299998 -80.921793333,-5.78742308299998 -80.921793333,-5.78557291699993 -80.912761111,-5.78557291699993 -80.912761111,-5.78742308299998</coordinates></LinearRing></outerBoundaryIs></Polygon>
  </Placemark>
  <Placemark>
	<name>INVERSIONES HIDROBIOLOGICO JOSE OLAYA SOCIEDAD ANONIMA CERRADA</name>
	<description>INVERSIONES HIDROBIOLOGICO JOSE OLAYA SOCIEDAD ANONIMA CERRADA</description>
	<Style><LineStyle><color>ff0000ff</color></LineStyle><PolyStyle><fill>0</fill></PolyStyle></Style>
	<ExtendedData><SchemaData schemaUrl="#Areas_de_Derechos_Acuícolas">
		<SimpleData name="CODIGO">10956</SimpleData>
		<SimpleData name="RESOLUCION">R.D.R. Nº 409-2018-GOBIERNO REGIONAL PIURA-DRP-DR</SimpleData>
		<SimpleData name="FECHA_EMIS">2018/03/23</SimpleData>
		<SimpleData name="FECHA_VIGE">2028/03/23</SimpleData>
		<SimpleData name="AREA_TOTAL">16.00000000</SimpleData>
		<SimpleData name="NRO_ZONA">1</SimpleData>
		<SimpleData name="AREA_ZONA_">15.99550000</SimpleData>
		<SimpleData name="ESPECIE">CONCHA DE ABANICO</SimpleData>
		<SimpleData name="AMBITO">MARICULTURA</SimpleData>
		<SimpleData name="TIPO_DEREC">CONCESION</SimpleData>
		<SimpleData name="CATEGORIA_">ACUICULTURA DE MICRO Y PEQUEÑA EMPRESA (AMYPE)</SimpleData>
		<SimpleData name="ESTADO">VIGENTE</SimpleData>
		<SimpleData name="DEPARTAMEN">PIURA</SimpleData>
		<SimpleData name="PROVINCIA">SECHURA</SimpleData>
		<SimpleData name="DISTRITO">SECHURA</SimpleData>
		<SimpleData name="ZONA">LOTE 121-A - BARRANCOS</SimpleData>
		<SimpleData name="RESOLUCI_1">R.D.R.Nº 471 -2018-GOBIERNO REGIONAL PIURA-DRP-DR</SimpleData>
		<SimpleData name="FECHA_MODI">2018/04/27</SimpleData>
		<SimpleData name="TIPO_COORD">UBICACIÓN RD</SimpleData>
		<SimpleData name="DATUM">WGS 84</SimpleData>
		<SimpleData name="LATITUD">PTO A 05°48'06.7500&quot; ,  PTO B 05°48'06.7500&quot; ,  PTO C 05°48'18.3173&quot; ,  PTO D 05°48'18.3173&quot;</SimpleData>
		<SimpleData name="LONGITUD">PTO A 80°55'18.4560&quot; ,  PTO B 80°55'03.8118&quot; ,  PTO C 80°55'03.8118&quot; ,  PTO D 80°55'18.4560&quot;</SimpleData>
		<SimpleData name="FLAG">1</SimpleData>
		<SimpleData name="Shape_STAr">0.00001307051</SimpleData>
		<SimpleData name="Shape_STLe">0.01456194444</SimpleData>
	</SchemaData></ExtendedData>
      <Polygon><outerBoundaryIs><LinearRing><coordinates>-80.9177254999999,-5.80508813899992 -80.921793333,-5.80508813899992 -80.921793333,-5.8018749999999 -80.9177254999999,-5.8018749999999 -80.9177254999999,-5.80508813899992</coordinates></LinearRing></outerBoundaryIs></Polygon>
  </Placemark>
  <Placemark>
	<name>ASOCIACION DE PESCADORES ARTESANALES ACUICULTORES SHALON LA BOCANA</name>
	<description>ASOCIACION DE PESCADORES ARTESANALES ACUICULTORES SHALON LA BOCANA</description>
	<Style><LineStyle><color>ff0000ff</color></LineStyle><PolyStyle><fill>0</fill></PolyStyle></Style>
	<ExtendedData><SchemaData schemaUrl="#Areas_de_Derechos_Acuícolas">
		<SimpleData name="CODIGO">5352</SimpleData>
		<SimpleData name="RESOLUCION">R.D.R. Nº 490-2010-GOBIERNO REGIONAL PIURA-DIREPRO-DR</SimpleData>
		<SimpleData name="FECHA_EMIS">2010/09/10</SimpleData>
		<SimpleData name="FECHA_VIGE">2040/09/10</SimpleData>
		<SimpleData name="AREA_TOTAL">80.00000000</SimpleData>
		<SimpleData name="NRO_ZONA">1</SimpleData>
		<SimpleData name="AREA_ZONA_">80.00000000</SimpleData>
		<SimpleData name="ESPECIE">CONCHA DE ABANICO</SimpleData>
		<SimpleData name="AMBITO">MARICULTURA</SimpleData>
		<SimpleData name="TIPO_DEREC">CONCESION</SimpleData>
		<SimpleData name="CATEGORIA_">ACUICULTURA DE MICRO Y PEQUEÑA EMPRESA (AMYPE)</SimpleData>
		<SimpleData name="ESTADO">VIGENTE</SimpleData>
		<SimpleData name="DEPARTAMEN">PIURA</SimpleData>
		<SimpleData name="PROVINCIA">SECHURA</SimpleData>
		<SimpleData name="DISTRITO">SECHURA</SimpleData>
		<SimpleData name="ZONA">LOTE 122-A - VICHAYO</SimpleData>
		<SimpleData name="RESOLUCI_1">R.D.R. Nº 030-2021-GOBIERNO REGIONAL PIURA-DIREPRO-DR</SimpleData>
		<SimpleData name="FECHA_MODI">2021/02/16</SimpleData>
		<SimpleData name="TIPO_COORD">UBICACIÓN RD</SimpleData>
		<SimpleData name="DATUM">WGS 84</SimpleData>
		<SimpleData name="LATITUD">PTO A 05°48'13.3704&quot; ,  PTO B 05°48'13.3704&quot; ,  PTO C 05°48'39.3170&quot; ,  PTO D 05°48'39.3170&quot;</SimpleData>
		<SimpleData name="LONGITUD">PTO A 80°55'54.2230&quot; ,  PTO B 80°55'21.7070&quot; ,  PTO C 80°55'21.7070&quot; ,  PTO D 80°55'54.2230&quot;</SimpleData>
		<SimpleData name="FLAG">1</SimpleData>
		<SimpleData name="Shape_STAr">0.00006509874</SimpleData>
		<SimpleData name="Shape_STLe">0.03247922222</SimpleData>
	</SchemaData></ExtendedData>
      <Polygon><outerBoundaryIs><LinearRing><coordinates>-80.922696389,-5.81092138899993 -80.931728611,-5.81092138899993 -80.931728611,-5.80371399999991 -80.922696389,-5.80371399999991 -80.922696389,-5.81092138899993</coordinates></LinearRing></outerBoundaryIs></Polygon>
  </Placemark>
  <Placemark>
	<name>ASOCIACION DE EXTRACTORES DE MARISCOS Y PESCADORES ARTESANALES GUARDIANES DE LA BAHIA-PARACHIQUE</name>
	<description>ASOCIACION DE EXTRACTORES DE MARISCOS Y PESCADORES ARTESANALES GUARDIANES DE LA BAHIA-PARACHIQUE</description>
	<Style><LineStyle><color>ff0000ff</color></LineStyle><PolyStyle><fill>0</fill></PolyStyle></Style>
	<ExtendedData><SchemaData schemaUrl="#Areas_de_Derechos_Acuícolas">
		<SimpleData name="CODIGO">5270</SimpleData>
		<SimpleData name="RESOLUCION">R.D.R. Nº 409-2010-GOBIERNO REGIONAL PIURA-DIREPRO-DR</SimpleData>
		<SimpleData name="FECHA_EMIS">2010/08/12</SimpleData>
		<SimpleData name="FECHA_VIGE">2040/08/12</SimpleData>
		<SimpleData name="AREA_TOTAL">80.00000000</SimpleData>
		<SimpleData name="NRO_ZONA">1</SimpleData>
		<SimpleData name="AREA_ZONA_">80.00000000</SimpleData>
		<SimpleData name="ESPECIE">CONCHA DE ABANICO</SimpleData>
		<SimpleData name="AMBITO">MARICULTURA</SimpleData>
		<SimpleData name="TIPO_DEREC">CONCESION</SimpleData>
		<SimpleData name="CATEGORIA_">ACUICULTURA DE MEDIANA Y GRAN EMPRESA (AMYGE)</SimpleData>
		<SimpleData name="ESTADO">VIGENTE</SimpleData>
		<SimpleData name="DEPARTAMEN">PIURA</SimpleData>
		<SimpleData name="PROVINCIA">SECHURA</SimpleData>
		<SimpleData name="DISTRITO">SECHURA</SimpleData>
		<SimpleData name="ZONA">LOTE 124 - VICHAYO</SimpleData>
		<SimpleData name="RESOLUCI_1">R.D. Nº 021-2020-PRODUCE/DGA</SimpleData>
		<SimpleData name="FECHA_MODI">2020/06/26</SimpleData>
		<SimpleData name="TIPO_COORD">UBICACIÓN RD</SimpleData>
		<SimpleData name="DATUM">WGS 84</SimpleData>
		<SimpleData name="LATITUD">PTO A 05°47'59.8810&quot; ,  PTO B 05°47'59.8810&quot; ,  PTO C 05°48'29.0090&quot; ,  PTO D 05°48'29.0090&quot;</SimpleData>
		<SimpleData name="LONGITUD">PTO A 80°57'02.3170&quot; ,  PTO B 80°56'33.2410&quot; ,  PTO C 80°56'33.2410&quot; ,  PTO D 80°57'02.3170&quot;</SimpleData>
		<SimpleData name="FLAG">1</SimpleData>
		<SimpleData name="Shape_STAr">0.00006534921</SimpleData>
		<SimpleData name="Shape_STLe">0.03233555556</SimpleData>
	</SchemaData></ExtendedData>
      <Polygon><outerBoundaryIs><LinearRing><coordinates>-80.942566944,-5.8080580559999 -80.950643611,-5.8080580559999 -80.950643611,-5.79996694399994 -80.942566944,-5.79996694399994 -80.942566944,-5.8080580559999</coordinates></LinearRing></outerBoundaryIs></Polygon>
  </Placemark>
  <Placemark>
	<name>LOS MOCHONGOS S.A.C.</name>
	<description>LOS MOCHONGOS S.A.C.</description>
	<Style><LineStyle><color>ff0000ff</color></LineStyle><PolyStyle><fill>0</fill></PolyStyle></Style>
	<ExtendedData><SchemaData schemaUrl="#Areas_de_Derechos_Acuícolas">
		<SimpleData name="CODIGO">8967</SimpleData>
		<SimpleData name="RESOLUCION">R.D.R. Nº 198-2016/GOBIERNO REGIONAL DE PIURA-DRP-DR</SimpleData>
		<SimpleData name="FECHA_EMIS">2016/08/26</SimpleData>
		<SimpleData name="FECHA_VIGE">2026/08/26</SimpleData>
		<SimpleData name="AREA_TOTAL">40.00000000</SimpleData>
		<SimpleData name="NRO_ZONA">1</SimpleData>
		<SimpleData name="AREA_ZONA_">40.00000000</SimpleData>
		<SimpleData name="ESPECIE">CONCHA DE ABANICO</SimpleData>
		<SimpleData name="AMBITO">MARICULTURA</SimpleData>
		<SimpleData name="TIPO_DEREC">CONCESION</SimpleData>
		<SimpleData name="CATEGORIA_">ACUICULTURA DE MICRO Y PEQUEÑA EMPRESA (AMYPE)</SimpleData>
		<SimpleData name="ESTADO">VIGENTE</SimpleData>
		<SimpleData name="DEPARTAMEN">PIURA</SimpleData>
		<SimpleData name="PROVINCIA">SECHURA</SimpleData>
		<SimpleData name="DISTRITO">SECHURA</SimpleData>
		<SimpleData name="ZONA">LOTE 129-B - VICHAYO</SimpleData>
		<SimpleData name="TIPO_COORD">UBICACIÓN RD</SimpleData>
		<SimpleData name="DATUM">WGS 84</SimpleData>
		<SimpleData name="LATITUD">PTO A 5°48'46.829&quot; ,  PTO B 5°48'46.829&quot; ,  PTO C 5°49'1.393&quot; ,  PTO D 5°49'1.393&quot;</SimpleData>
		<SimpleData name="LONGITUD">PTO A 80°58'6.985&quot; ,  PTO B 80°57'37.903&quot; ,  PTO C 80°57'37.903&quot; ,  PTO D 80°58'6.985&quot;</SimpleData>
		<SimpleData name="FLAG">1</SimpleData>
		<SimpleData name="Shape_STAr">0.00003268359</SimpleData>
		<SimpleData name="Shape_STLe">0.02424800000</SimpleData>
	</SchemaData></ExtendedData>
      <Polygon><outerBoundaryIs><LinearRing><coordinates>-80.960529,-5.81705399999993 -80.968607,-5.81705399999993 -80.968607,-5.81300800000001 -80.968606944,-5.81300800000001 -80.960529,-5.81300800000001 -80.960529,-5.81300805599992 -80.960529,-5.81705399999993</coordinates></LinearRing></outerBoundaryIs></Polygon>
  </Placemark>
  <Placemark>
	<name>MI CAUTIVO MILAGROSO S.A.C.</name>
	<description>MI CAUTIVO MILAGROSO S.A.C.</description>
	<Style><LineStyle><color>ff0000ff</color></LineStyle><PolyStyle><fill>0</fill></PolyStyle></Style>
	<ExtendedData><SchemaData schemaUrl="#Areas_de_Derechos_Acuícolas">
		<SimpleData name="CODIGO">12642</SimpleData>
		<SimpleData name="RESOLUCION">R.D.R. Nº 012-2019-GOBIERNO REGIONAL PIURA-DRP-DR</SimpleData>
		<SimpleData name="FECHA_EMIS">2019/01/30</SimpleData>
		<SimpleData name="FECHA_VIGE">2029/01/30</SimpleData>
		<SimpleData name="AREA_TOTAL">39.54000000</SimpleData>
		<SimpleData name="NRO_ZONA">1</SimpleData>
		<SimpleData name="AREA_ZONA_">39.54000000</SimpleData>
		<SimpleData name="ESPECIE">CONCHA DE ABANICO</SimpleData>
		<SimpleData name="AMBITO">MARICULTURA</SimpleData>
		<SimpleData name="TIPO_DEREC">CONCESION</SimpleData>
		<SimpleData name="CATEGORIA_">ACUICULTURA DE MICRO Y PEQUEÑA EMPRESA (AMYPE)</SimpleData>
		<SimpleData name="ESTADO">VIGENTE</SimpleData>
		<SimpleData name="DEPARTAMEN">PIURA</SimpleData>
		<SimpleData name="PROVINCIA">SECHURA</SimpleData>
		<SimpleData name="DISTRITO">SECHURA</SimpleData>
		<SimpleData name="ZONA">LOTE 115-A - VICHAYO</SimpleData>
		<SimpleData name="TIPO_COORD">UBICACIÓN RD</SimpleData>
		<SimpleData name="DATUM">WGS 84</SimpleData>
		<SimpleData name="LATITUD">PTO A 05°47'27.4960&quot; ,  PTO B 05°47'27.4960&quot; ,  PTO C 05°47'41.8920&quot; ,  PTO D 05°47'41.8920&quot;</SimpleData>
		<SimpleData name="LONGITUD">PTO A 80°57'34.6520&quot; ,  PTO B 80°57'05.5690&quot; ,  PTO C 80°57'05.5690&quot; ,  PTO D 80°57'34.6520&quot;</SimpleData>
		<SimpleData name="FLAG">1</SimpleData>
		<SimpleData name="Shape_STAr">0.00003230547</SimpleData>
		<SimpleData name="Shape_STLe">0.02415500000</SimpleData>
	</SchemaData></ExtendedData>
      <Polygon><outerBoundaryIs><LinearRing><coordinates>-80.9515469439999,-5.79496999999994 -80.9596255559999,-5.79496999999994 -80.9596255559999,-5.79097111100001 -80.9515469439999,-5.79097111100001 -80.9515469439999,-5.79496999999994</coordinates></LinearRing></outerBoundaryIs></Polygon>
  </Placemark>
  <Placemark>
	<name>INVERSIONES BIODMAR SOCIEDAD ANONIMA CERRADA - INVERSIONES BIODMAR S.A.C.</name>
	<description>INVERSIONES BIODMAR SOCIEDAD ANONIMA CERRADA - INVERSIONES BIODMAR S.A.C.</description>
	<Style><LineStyle><color>ff0000ff</color></LineStyle><PolyStyle><fill>0</fill></PolyStyle></Style>
	<ExtendedData><SchemaData schemaUrl="#Areas_de_Derechos_Acuícolas">
		<SimpleData name="CODIGO">10945</SimpleData>
		<SimpleData name="RESOLUCION">R.D.R. Nº 416-2018-GOBIERNO REGIONAL PIURA-DRP-DR</SimpleData>
		<SimpleData name="FECHA_EMIS">2018/03/23</SimpleData>
		<SimpleData name="FECHA_VIGE">2028/03/23</SimpleData>
		<SimpleData name="AREA_TOTAL">31.35000000</SimpleData>
		<SimpleData name="NRO_ZONA">1</SimpleData>
		<SimpleData name="AREA_ZONA_">31.35000000</SimpleData>
		<SimpleData name="ESPECIE">CONCHA DE ABANICO</SimpleData>
		<SimpleData name="AMBITO">MARICULTURA</SimpleData>
		<SimpleData name="TIPO_DEREC">CONCESION</SimpleData>
		<SimpleData name="CATEGORIA_">ACUICULTURA DE MICRO Y PEQUEÑA EMPRESA (AMYPE)</SimpleData>
		<SimpleData name="ESTADO">VIGENTE</SimpleData>
		<SimpleData name="DEPARTAMEN">PIURA</SimpleData>
		<SimpleData name="PROVINCIA">SECHURA</SimpleData>
		<SimpleData name="DISTRITO">SECHURA</SimpleData>
		<SimpleData name="ZONA">LOTE 69-B - PARACHIQUE</SimpleData>
		<SimpleData name="TIPO_COORD">UBICACIÓN RD</SimpleData>
		<SimpleData name="DATUM">WGS 84</SimpleData>
		<SimpleData name="LATITUD">PTO A 05°43'56.3085&quot; ,  PTO B 05°43'56.3085&quot; ,  PTO C 05°44'07.5900&quot; ,  PTO D 05°44'05.4460&quot;</SimpleData>
		<SimpleData name="LONGITUD">PTO A 80°55'49.6160&quot; ,  PTO B 80°55'17.1030&quot; ,  PTO C 80°55'17.1030&quot; ,  PTO D 80°55'49.6160&quot;</SimpleData>
		<SimpleData name="FLAG">1</SimpleData>
		<SimpleData name="Shape_STAr">0.00002561277</SimpleData>
		<SimpleData name="Shape_STLe">0.02375433724</SimpleData>
	</SchemaData></ExtendedData>
      <Polygon><outerBoundaryIs><LinearRing><coordinates>-80.9214175,-5.732307917 -80.9214175,-5.73544166699994 -80.930448889,-5.73484611099996 -80.930448889,-5.732307917 -80.9214175,-5.732307917</coordinates></LinearRing></outerBoundaryIs></Polygon>
  </Placemark>
  <Placemark>
	<name>ASOCIACION DE PESCADORES ARTESANALES ACUICULTORES SECHURA RIQUEZA POR SIEMPRE</name>
	<description>ASOCIACION DE PESCADORES ARTESANALES ACUICULTORES SECHURA RIQUEZA POR SIEMPRE</description>
	<Style><LineStyle><color>ff0000ff</color></LineStyle><PolyStyle><fill>0</fill></PolyStyle></Style>
	<ExtendedData><SchemaData schemaUrl="#Areas_de_Derechos_Acuícolas">
		<SimpleData name="CODIGO">5630</SimpleData>
		<SimpleData name="RESOLUCION">R.D.R. Nº 028-2011-GOBIERNO REGIONAL PIURA-DIREPRO-DR</SimpleData>
		<SimpleData name="FECHA_EMIS">2011/02/03</SimpleData>
		<SimpleData name="FECHA_VIGE">2041/02/03</SimpleData>
		<SimpleData name="AREA_TOTAL">100.00000000</SimpleData>
		<SimpleData name="NRO_ZONA">1</SimpleData>
		<SimpleData name="AREA_ZONA_">100.00000000</SimpleData>
		<SimpleData name="ESPECIE">CONCHA DE ABANICO</SimpleData>
		<SimpleData name="AMBITO">MARICULTURA</SimpleData>
		<SimpleData name="TIPO_DEREC">CONCESION</SimpleData>
		<SimpleData name="CATEGORIA_">ACUICULTURA DE MICRO Y PEQUEÑA EMPRESA (AMYPE)</SimpleData>
		<SimpleData name="ESTADO">VIGENTE</SimpleData>
		<SimpleData name="DEPARTAMEN">PIURA</SimpleData>
		<SimpleData name="PROVINCIA">SECHURA</SimpleData>
		<SimpleData name="DISTRITO">SECHURA</SimpleData>
		<SimpleData name="ZONA">LOTE 26 - MATACABALLO</SimpleData>
		<SimpleData name="RESOLUCI_1">R.D.R. N° 41-2021-GOBIERNO REGIONAL PIURA-DRP-DR</SimpleData>
		<SimpleData name="FECHA_MODI">2021/03/12</SimpleData>
		<SimpleData name="TIPO_COORD">UBICACIÓN RD</SimpleData>
		<SimpleData name="DATUM">WGS 84</SimpleData>
		<SimpleData name="LATITUD">PTO A 05°37'13.9860&quot; ,  PTO B 05°37'13.9860&quot; ,  PTO C 05°37'46.554&quot; ,  PTO D 05°37'46.554&quot;</SimpleData>
		<SimpleData name="LONGITUD">PTO A 80°55'04.8720&quot; ,  PTO B 80°54'32.3620&quot; ,  PTO C 80°54'32.362&quot; ,  PTO D 80°55'04.872&quot;</SimpleData>
		<SimpleData name="FLAG">1</SimpleData>
		<SimpleData name="Shape_STAr">0.00008169643</SimpleData>
		<SimpleData name="Shape_STLe">0.03615444444</SimpleData>
	</SchemaData></ExtendedData>
      <Polygon><outerBoundaryIs><LinearRing><coordinates>-80.908989444,-5.62959833299995 -80.91802,-5.62959833299995 -80.91802,-5.62055166699998 -80.908989444,-5.62055166699998 -80.908989444,-5.62959833299995</coordinates></LinearRing></outerBoundaryIs></Polygon>
  </Placemark>
  <Placemark>
	<name>MATACABALLO MAR Y EXPORT SOCIEDAD ANONIMA CERRADA - MATACABALLO MAR Y EXPORT S.A.C.</name>
	<description>MATACABALLO MAR Y EXPORT SOCIEDAD ANONIMA CERRADA - MATACABALLO MAR Y EXPORT S.A.C.</description>
	<Style><LineStyle><color>ff0000ff</color></LineStyle><PolyStyle><fill>0</fill></PolyStyle></Style>
	<ExtendedData><SchemaData schemaUrl="#Areas_de_Derechos_Acuícolas">
		<SimpleData name="CODIGO">17776</SimpleData>
		<SimpleData name="RESOLUCION">R.D.R. Nº 33-2021-GOBIERNO REGIONAL PIURA-DRP-DR</SimpleData>
		<SimpleData name="FECHA_EMIS">2021/02/24</SimpleData>
		<SimpleData name="FECHA_VIGE">2051/02/24</SimpleData>
		<SimpleData name="AREA_TOTAL">100.00000000</SimpleData>
		<SimpleData name="NRO_ZONA">1</SimpleData>
		<SimpleData name="AREA_ZONA_">100.00000000</SimpleData>
		<SimpleData name="ESPECIE">CONCHA DE ABANICO</SimpleData>
		<SimpleData name="AMBITO">MARICULTURA</SimpleData>
		<SimpleData name="TIPO_DEREC">CONCESION</SimpleData>
		<SimpleData name="CATEGORIA_">ACUICULTURA DE MICRO Y PEQUEÑA EMPRESA (AMYPE)</SimpleData>
		<SimpleData name="ESTADO">VIGENTE</SimpleData>
		<SimpleData name="DEPARTAMEN">PIURA</SimpleData>
		<SimpleData name="PROVINCIA">SECHURA</SimpleData>
		<SimpleData name="DISTRITO">SECHURA</SimpleData>
		<SimpleData name="ZONA">LOTE 25 - MATACABALLO</SimpleData>
		<SimpleData name="TIPO_COORD">UBICACIÓN RD</SimpleData>
		<SimpleData name="DATUM">WGS 84</SimpleData>
		<SimpleData name="LATITUD">PTO A 05°37'13.9860&quot; ,  PTO B 05°37'13.9860&quot; ,  PTO C 05°37'46.5540&quot; ,  PTO D 05°37'46.5540&quot;</SimpleData>
		<SimpleData name="LONGITUD">PTO A 80°55'40.6250&quot; ,  PTO B 80°55'08.1220&quot; ,  PTO C 80°55'08.1220&quot; ,  PTO D 80°55'40.6250&quot;</SimpleData>
		<SimpleData name="FLAG">1</SimpleData>
		<SimpleData name="Shape_STAr">0.00008167884</SimpleData>
		<SimpleData name="Shape_STLe">0.03615055555</SimpleData>
	</SchemaData></ExtendedData>
      <Polygon><outerBoundaryIs><LinearRing><coordinates>-80.918922778,-5.62959833299995 -80.9279513889999,-5.62959833299995 -80.9279513889999,-5.62055166699998 -80.918922778,-5.62055166699998 -80.918922778,-5.62959833299995</coordinates></LinearRing></outerBoundaryIs></Polygon>
  </Placemark>
  <Placemark>
	<name>SECHURA OCEAN X FARM S.A.C.</name>
	<description>SECHURA OCEAN X FARM S.A.C.</description>
	<Style><LineStyle><color>ff0000ff</color></LineStyle><PolyStyle><fill>0</fill></PolyStyle></Style>
	<ExtendedData><SchemaData schemaUrl="#Areas_de_Derechos_Acuícolas">
		<SimpleData name="CODIGO">12576</SimpleData>
		<SimpleData name="RESOLUCION">R.D.R. Nº 1032-2018-GOBIERNO REGIONAL PIURA-DRP-DR</SimpleData>
		<SimpleData name="FECHA_EMIS">2018/12/31</SimpleData>
		<SimpleData name="FECHA_VIGE">2028/12/31</SimpleData>
		<SimpleData name="AREA_TOTAL">100.00000000</SimpleData>
		<SimpleData name="NRO_ZONA">1</SimpleData>
		<SimpleData name="AREA_ZONA_">0.00000000</SimpleData>
		<SimpleData name="ESPECIE">CONCHA DE ABANICO</SimpleData>
		<SimpleData name="AMBITO">MARICULTURA</SimpleData>
		<SimpleData name="TIPO_DEREC">CONCESION</SimpleData>
		<SimpleData name="CATEGORIA_">ACUICULTURA DE MICRO Y PEQUEÑA EMPRESA (AMYPE)</SimpleData>
		<SimpleData name="ESTADO">VIGENTE</SimpleData>
		<SimpleData name="DEPARTAMEN">PIURA</SimpleData>
		<SimpleData name="PROVINCIA">SECHURA</SimpleData>
		<SimpleData name="DISTRITO">SECHURA</SimpleData>
		<SimpleData name="ZONA">LOTE 14 - CHULLIYACHI</SimpleData>
		<SimpleData name="RESOLUCI_1">R.D.R.Nº  022 -2019-GOBIERNO REGIONAL PIURA-DRP-DR</SimpleData>
		<SimpleData name="FECHA_MODI">2019/02/13</SimpleData>
		<SimpleData name="TIPO_COORD">UBICACIÓN RD</SimpleData>
		<SimpleData name="DATUM">WGS 84</SimpleData>
		<SimpleData name="LATITUD">PTO A 05°35'26.5150&quot; ,  PTO B 05°35'26.5150&quot; ,  PTO C 05°35'59.0820&quot; ,  PTO D 05°35'59.0820&quot;</SimpleData>
		<SimpleData name="LONGITUD">PTO A 80°55'40.6250&quot; ,  PTO B 80°55'08.1220&quot; ,  PTO C 80°55'08.1220&quot; ,  PTO D 80°55'40.6250&quot;</SimpleData>
		<SimpleData name="FLAG">1</SimpleData>
		<SimpleData name="Shape_STAr">0.00008167633</SimpleData>
		<SimpleData name="Shape_STLe">0.03615000000</SimpleData>
	</SchemaData></ExtendedData>
      <Polygon><outerBoundaryIs><LinearRing><coordinates>-80.918922778,-5.5997449999999 -80.9279513889999,-5.5997449999999 -80.9279513889999,-5.59069861099995 -80.918922778,-5.59069861099995 -80.918922778,-5.5997449999999</coordinates></LinearRing></outerBoundaryIs></Polygon>
  </Placemark>
  <Placemark>
	<name>MARICULTURA MATACABALLO SECHURA SOCIEDA ANONIMA CERRADA - MARICULTURA MATACABALLO SECHURA S.A.C.</name>
	<description>MARICULTURA MATACABALLO SECHURA SOCIEDA ANONIMA CERRADA - MARICULTURA MATACABALLO SECHURA S.A.C.</description>
	<Style><LineStyle><color>ff0000ff</color></LineStyle><PolyStyle><fill>0</fill></PolyStyle></Style>
	<ExtendedData><SchemaData schemaUrl="#Areas_de_Derechos_Acuícolas">
		<SimpleData name="CODIGO">12573</SimpleData>
		<SimpleData name="RESOLUCION">R.D.R. Nº 1029-2018-GOBIERNO REGIONAL PIURA-DRP-DR</SimpleData>
		<SimpleData name="FECHA_EMIS">2018/10/31</SimpleData>
		<SimpleData name="FECHA_VIGE">2028/10/31</SimpleData>
		<SimpleData name="AREA_TOTAL">80.00000000</SimpleData>
		<SimpleData name="NRO_ZONA">1</SimpleData>
		<SimpleData name="AREA_ZONA_">80.00000000</SimpleData>
		<SimpleData name="ESPECIE">CONCHA DE ABANICO</SimpleData>
		<SimpleData name="AMBITO">MARICULTURA</SimpleData>
		<SimpleData name="TIPO_DEREC">CONCESION</SimpleData>
		<SimpleData name="CATEGORIA_">ACUICULTURA DE MICRO Y PEQUEÑA EMPRESA (AMYPE)</SimpleData>
		<SimpleData name="ESTADO">VIGENTE</SimpleData>
		<SimpleData name="DEPARTAMEN">PIURA</SimpleData>
		<SimpleData name="PROVINCIA">SECHURA</SimpleData>
		<SimpleData name="DISTRITO">SECHURA</SimpleData>
		<SimpleData name="ZONA">LOTE 22 - MATACABALLO</SimpleData>
		<SimpleData name="TIPO_COORD">UBICACIÓN RD</SimpleData>
		<SimpleData name="DATUM">WGS 84</SimpleData>
		<SimpleData name="LATITUD">PTO A 05°36'41.5910&quot; ,  PTO B 05°36'41.5910&quot; ,  PTO C 05°37'10.7300&quot; ,  PTO D 05°37'10.7300&quot;</SimpleData>
		<SimpleData name="LONGITUD">PTO A 80°54'24.6910&quot; ,  PTO B 80°53'55.6170&quot; ,  PTO C 80°53'55.6170&quot; ,  PTO D 80°54'24.6910&quot;</SimpleData>
		<SimpleData name="FLAG">1</SimpleData>
		<SimpleData name="Shape_STAr">0.00006536939</SimpleData>
		<SimpleData name="Shape_STLe">0.03234055555</SimpleData>
	</SchemaData></ExtendedData>
      <Polygon><outerBoundaryIs><LinearRing><coordinates>-80.8987824999999,-5.61964722199993 -80.906858611,-5.61964722199993 -80.906858611,-5.6115530559999 -80.8987824999999,-5.6115530559999 -80.8987824999999,-5.61964722199993</coordinates></LinearRing></outerBoundaryIs></Polygon>
  </Placemark>
  <Placemark>
	<name>ASOCIACION ARTESANAL DE EXTRACTORES RECOLECTORES DE LOS PULMONEROS EL BRAVO</name>
	<description>ASOCIACION ARTESANAL DE EXTRACTORES RECOLECTORES DE LOS PULMONEROS EL BRAVO</description>
	<Style><LineStyle><color>ff0000ff</color></LineStyle><PolyStyle><fill>0</fill></PolyStyle></Style>
	<ExtendedData><SchemaData schemaUrl="#Areas_de_Derechos_Acuícolas">
		<SimpleData name="CODIGO">5335</SimpleData>
		<SimpleData name="RESOLUCION">R.D.R. Nº 434-2010-GOBIERNO REGIONAL PIURA-DIREPRO-DR</SimpleData>
		<SimpleData name="FECHA_EMIS">2010/08/19</SimpleData>
		<SimpleData name="FECHA_VIGE">2040/08/19</SimpleData>
		<SimpleData name="AREA_TOTAL">100.00000000</SimpleData>
		<SimpleData name="NRO_ZONA">1</SimpleData>
		<SimpleData name="AREA_ZONA_">100.00000000</SimpleData>
		<SimpleData name="ESPECIE">CONCHA DE ABANICO</SimpleData>
		<SimpleData name="AMBITO">MARICULTURA</SimpleData>
		<SimpleData name="TIPO_DEREC">CONCESION</SimpleData>
		<SimpleData name="CATEGORIA_">ACUICULTURA DE MEDIANA Y GRAN EMPRESA (AMYGE)</SimpleData>
		<SimpleData name="ESTADO">VIGENTE</SimpleData>
		<SimpleData name="DEPARTAMEN">PIURA</SimpleData>
		<SimpleData name="PROVINCIA">SECHURA</SimpleData>
		<SimpleData name="DISTRITO">SECHURA</SimpleData>
		<SimpleData name="ZONA">LOTE 103 - BARRANCOS</SimpleData>
		<SimpleData name="RESOLUCI_1">R.D. Nº 061-2020-PRODUCE/DGA</SimpleData>
		<SimpleData name="FECHA_MODI">2020/06/30</SimpleData>
		<SimpleData name="TIPO_COORD">UBICACIÓN RD</SimpleData>
		<SimpleData name="DATUM">WGS 84</SimpleData>
		<SimpleData name="LATITUD">PTO A 05°46'19.2850&quot; ,  PTO B 05°46'19.2850&quot; ,  PTO C 05°46'51.8520&quot; ,  PTO D 05°46'51.8520&quot;</SimpleData>
		<SimpleData name="LONGITUD">PTO A 80°55'18.4560&quot; ,  PTO B 80°54'45.9400&quot; ,  PTO C 80°54'45.9400&quot; ,  PTO D 80°55'18.4560&quot;</SimpleData>
		<SimpleData name="FLAG">1</SimpleData>
		<SimpleData name="Shape_STAr">0.00008170899</SimpleData>
		<SimpleData name="Shape_STLe">0.03615722222</SimpleData>
	</SchemaData></ExtendedData>
      <Polygon><outerBoundaryIs><LinearRing><coordinates>-80.912761111,-5.78106999999995 -80.921793333,-5.78106999999995 -80.921793333,-5.77202361099992 -80.912761111,-5.77202361099992 -80.912761111,-5.78106999999995</coordinates></LinearRing></outerBoundaryIs></Polygon>
  </Placemark>
  <Placemark>
	<name>JEHOVA REY DEL UNIVERSO SOCIEDAD ANONIMA CERRADA - JEHOVA REY DEL UNIVERSO S.A.C.</name>
	<description>JEHOVA REY DEL UNIVERSO SOCIEDAD ANONIMA CERRADA - JEHOVA REY DEL UNIVERSO S.A.C.</description>
	<Style><LineStyle><color>ff0000ff</color></LineStyle><PolyStyle><fill>0</fill></PolyStyle></Style>
	<ExtendedData><SchemaData schemaUrl="#Areas_de_Derechos_Acuícolas">
		<SimpleData name="CODIGO">10944</SimpleData>
		<SimpleData name="RESOLUCION">R.D.R. Nº 415-2018-GOBIERNO REGIONAL PIURA-DRP-DR</SimpleData>
		<SimpleData name="FECHA_EMIS">2018/03/23</SimpleData>
		<SimpleData name="FECHA_VIGE">2028/03/23</SimpleData>
		<SimpleData name="AREA_TOTAL">29.83000000</SimpleData>
		<SimpleData name="NRO_ZONA">1</SimpleData>
		<SimpleData name="AREA_ZONA_">29.83000000</SimpleData>
		<SimpleData name="ESPECIE">CONCHA DE ABANICO</SimpleData>
		<SimpleData name="AMBITO">MARICULTURA</SimpleData>
		<SimpleData name="TIPO_DEREC">CONCESION</SimpleData>
		<SimpleData name="CATEGORIA_">ACUICULTURA DE MICRO Y PEQUEÑA EMPRESA (AMYPE)</SimpleData>
		<SimpleData name="ESTADO">VIGENTE</SimpleData>
		<SimpleData name="DEPARTAMEN">PIURA</SimpleData>
		<SimpleData name="PROVINCIA">SECHURA</SimpleData>
		<SimpleData name="DISTRITO">SECHURA</SimpleData>
		<SimpleData name="ZONA">LOTE 107-A - BARRANCOS</SimpleData>
		<SimpleData name="TIPO_COORD">UBICACIÓN RD</SimpleData>
		<SimpleData name="DATUM">WGS 84</SimpleData>
		<SimpleData name="LATITUD">PTO A 05°46'55.1090&quot; ,  PTO B 05°46'55.1090&quot; ,  PTO C 05°47'04.8228&quot; ,  PTO D 05°47'04.8228&quot;</SimpleData>
		<SimpleData name="LONGITUD">PTO A 80°55'18.4560&quot; ,  PTO B 80°54'45.9400&quot; ,  PTO C 80°54'45.9400&quot; ,  PTO D 80°55'18.4560&quot;</SimpleData>
		<SimpleData name="FLAG">1</SimpleData>
		<SimpleData name="Shape_STAr">0.00002437144</SimpleData>
		<SimpleData name="Shape_STLe">0.02346100000</SimpleData>
	</SchemaData></ExtendedData>
      <Polygon><outerBoundaryIs><LinearRing><coordinates>-80.912761111,-5.7846729999999 -80.921793333,-5.7846729999999 -80.921793333,-5.78197472199994 -80.912761111,-5.78197472199994 -80.912761111,-5.7846729999999</coordinates></LinearRing></outerBoundaryIs></Polygon>
  </Placemark>
  <Placemark>
	<name>ASOCIACION DE PESCADORES EXTRACTORES ARTESANALES GRAN PAJATEN</name>
	<description>ASOCIACION DE PESCADORES EXTRACTORES ARTESANALES GRAN PAJATEN</description>
	<Style><LineStyle><color>ff0000ff</color></LineStyle><PolyStyle><fill>0</fill></PolyStyle></Style>
	<ExtendedData><SchemaData schemaUrl="#Areas_de_Derechos_Acuícolas">
		<SimpleData name="CODIGO">19924</SimpleData>
		<SimpleData name="RESOLUCION">R.D.R. Nº 802-2022-GOBIERNO REGIONAL PIURA-DRP-DR</SimpleData>
		<SimpleData name="FECHA_EMIS">2022/11/03</SimpleData>
		<SimpleData name="FECHA_VIGE">2052/11/03</SimpleData>
		<SimpleData name="AREA_TOTAL">30.02700000</SimpleData>
		<SimpleData name="NRO_ZONA">1</SimpleData>
		<SimpleData name="AREA_ZONA_">0.00000000</SimpleData>
		<SimpleData name="ESPECIE">CONCHA DE ABANICO</SimpleData>
		<SimpleData name="AMBITO">MARICULTURA</SimpleData>
		<SimpleData name="TIPO_DEREC">CONCESION</SimpleData>
		<SimpleData name="CATEGORIA_">ACUICULTURA DE MICRO Y PEQUEÑA EMPRESA (AMYPE)</SimpleData>
		<SimpleData name="ESTADO">VIGENTE</SimpleData>
		<SimpleData name="DEPARTAMEN">PIURA</SimpleData>
		<SimpleData name="PROVINCIA">SECHURA</SimpleData>
		<SimpleData name="DISTRITO">SECHURA</SimpleData>
		<SimpleData name="ZONA">LOTE 106-A - BARRANCOS</SimpleData>
		<SimpleData name="OBS_MODIFI">EN EL AREA CONCESIONADA, SE ESTA UTILIZANDO 3 HA. CON FINES DE CAPTACION DE LARVAS, DELIMITADA EN LA RESOLUCIÓN</SimpleData>
		<SimpleData name="TIPO_COORD">UBICACIÓN RD</SimpleData>
		<SimpleData name="DATUM">WGS 84</SimpleData>
		<SimpleData name="LATITUD">PTO A 05°46'55.1090&quot; ,  PTO B 05°46'55.1090&quot; ,  PTO C 05°47'04.8880&quot; ,  PTO D 05°47'04.8880&quot;</SimpleData>
		<SimpleData name="LONGITUD">PTO A 80°54'42.6890&quot; ,  PTO B 80°54'10.1730&quot; ,  PTO C 80°54'10.1730&quot; ,  PTO D 80°54'42.6890&quot;</SimpleData>
		<SimpleData name="FLAG">1</SimpleData>
		<SimpleData name="Shape_STAr">0.00002453503</SimpleData>
		<SimpleData name="Shape_STLe">0.02349722222</SimpleData>
	</SchemaData></ExtendedData>
      <Polygon><outerBoundaryIs><LinearRing><coordinates>-80.9118579999999,-5.78469111099998 -80.9118580559999,-5.78469111099998 -80.9118580559999,-5.78197472199994 -80.9028258329999,-5.78197472199994 -80.9028258329999,-5.78469099999997 -80.9028258329999,-5.78469111099998 -80.9118579999999,-5.78469111099998</coordinates></LinearRing></outerBoundaryIs></Polygon>
  </Placemark>
  <Placemark>
	<name>ACUICULTORES Y SERVICIOS GENERALES DIOS PROVEERA S.A.C.</name>
	<description>ACUICULTORES Y SERVICIOS GENERALES DIOS PROVEERA S.A.C.</description>
	<Style><LineStyle><color>ff0000ff</color></LineStyle><PolyStyle><fill>0</fill></PolyStyle></Style>
	<ExtendedData><SchemaData schemaUrl="#Areas_de_Derechos_Acuícolas">
		<SimpleData name="CODIGO">11010</SimpleData>
		<SimpleData name="RESOLUCION">R.D.R. Nº 465-2018-GOBIERNO REGIONAL PIURA-DRP-DR</SimpleData>
		<SimpleData name="FECHA_EMIS">2018/04/27</SimpleData>
		<SimpleData name="FECHA_VIGE">2028/04/27</SimpleData>
		<SimpleData name="AREA_TOTAL">29.80000000</SimpleData>
		<SimpleData name="NRO_ZONA">1</SimpleData>
		<SimpleData name="AREA_ZONA_">29.80000000</SimpleData>
		<SimpleData name="ESPECIE">CONCHA DE ABANICO</SimpleData>
		<SimpleData name="AMBITO">MARICULTURA</SimpleData>
		<SimpleData name="TIPO_DEREC">CONCESION</SimpleData>
		<SimpleData name="CATEGORIA_">ACUICULTURA DE MICRO Y PEQUEÑA EMPRESA (AMYPE)</SimpleData>
		<SimpleData name="ESTADO">VIGENTE</SimpleData>
		<SimpleData name="DEPARTAMEN">PIURA</SimpleData>
		<SimpleData name="PROVINCIA">SECHURA</SimpleData>
		<SimpleData name="DISTRITO">SECHURA</SimpleData>
		<SimpleData name="ZONA">LOTE 107-C - BARRANCOS</SimpleData>
		<SimpleData name="TIPO_COORD">UBICACIÓN RD</SimpleData>
		<SimpleData name="DATUM">WGS 84</SimpleData>
		<SimpleData name="LATITUD">PTO A 05°47'17.9628&quot; ,  PTO B 05°47'17.9628&quot; ,  PTO C 05°47'27.6690&quot; ,  PTO D 05°47'27.6690&quot;</SimpleData>
		<SimpleData name="LONGITUD">PTO A 80°55'18.4560&quot; ,  PTO B 80°54'45.9400&quot; ,  PTO C 80°54'45.9400&quot; ,  PTO D 80°55'18.4560&quot;</SimpleData>
		<SimpleData name="FLAG">1</SimpleData>
		<SimpleData name="Shape_STAr">0.00002435238</SimpleData>
		<SimpleData name="Shape_STLe">0.02345677778</SimpleData>
	</SchemaData></ExtendedData>
      <Polygon><outerBoundaryIs><LinearRing><coordinates>-80.912761111,-5.79101916699999 -80.921793333,-5.79101916699999 -80.921793333,-5.78832299999993 -80.912761111,-5.78832299999993 -80.912761111,-5.79101916699999</coordinates></LinearRing></outerBoundaryIs></Polygon>
  </Placemark>
  <Placemark>
	<name>ASOCIACION DE PESCADORES ARTESANALES MAR DE GRAU DE LA CALETA DE PARACHIQUE</name>
	<description>ASOCIACION DE PESCADORES ARTESANALES MAR DE GRAU DE LA CALETA DE PARACHIQUE</description>
	<Style><LineStyle><color>ff0000ff</color></LineStyle><PolyStyle><fill>0</fill></PolyStyle></Style>
	<ExtendedData><SchemaData schemaUrl="#Areas_de_Derechos_Acuícolas">
		<SimpleData name="CODIGO">5262</SimpleData>
		<SimpleData name="RESOLUCION">R.D.R. Nº 401-2010-GOBIERNO REGIONAL PIURA-DIREPRO-DR</SimpleData>
		<SimpleData name="FECHA_EMIS">2010/08/12</SimpleData>
		<SimpleData name="FECHA_VIGE">2040/08/12</SimpleData>
		<SimpleData name="AREA_TOTAL">100.00000000</SimpleData>
		<SimpleData name="NRO_ZONA">1</SimpleData>
		<SimpleData name="AREA_ZONA_">100.00000000</SimpleData>
		<SimpleData name="ESPECIE">CONCHA DE ABANICO</SimpleData>
		<SimpleData name="AMBITO">MARICULTURA</SimpleData>
		<SimpleData name="TIPO_DEREC">CONCESION</SimpleData>
		<SimpleData name="CATEGORIA_">ACUICULTURA DE MICRO Y PEQUEÑA EMPRESA (AMYPE)</SimpleData>
		<SimpleData name="ESTADO">VIGENTE</SimpleData>
		<SimpleData name="DEPARTAMEN">PIURA</SimpleData>
		<SimpleData name="PROVINCIA">SECHURA</SimpleData>
		<SimpleData name="DISTRITO">SECHURA</SimpleData>
		<SimpleData name="ZONA">LOTE 93 - BARRANCOS</SimpleData>
		<SimpleData name="RESOLUCI_1">R.D. N° 008-2022-PRODUCE/DGA</SimpleData>
		<SimpleData name="FECHA_MODI">2022/04/01</SimpleData>
		<SimpleData name="TIPO_COORD">UBICACIÓN RD</SimpleData>
		<SimpleData name="DATUM">WGS 84</SimpleData>
		<SimpleData name="LATITUD">PTO A 05°45'43.4660&quot; ,  PTO B 05°45'43.4660&quot; ,  PTO C 05°46'16.0330&quot; ,  PTO D 05°46'16.0330&quot;</SimpleData>
		<SimpleData name="LONGITUD">PTO A 80°56'29.9900&quot; ,  PTO B 80°55'57.4740&quot; ,  PTO C 80°55'57.4740&quot; ,  PTO D 80°56'29.9900&quot;</SimpleData>
		<SimpleData name="FLAG">1</SimpleData>
		<SimpleData name="Shape_STAr">0.00008170899</SimpleData>
		<SimpleData name="Shape_STLe">0.03615722222</SimpleData>
	</SchemaData></ExtendedData>
      <Polygon><outerBoundaryIs><LinearRing><coordinates>-80.9326316669999,-5.77112027799996 -80.941663889,-5.77112027799996 -80.941663889,-5.76207388899993 -80.9326316669999,-5.76207388899993 -80.9326316669999,-5.77112027799996</coordinates></LinearRing></outerBoundaryIs></Polygon>
  </Placemark>
  <Placemark>
	<name>ASOCIACION DE PESCADORES ARTESANALES Y MARISQUEROS EXITOSOS DE SECHURA - APAMEXS</name>
	<description>ASOCIACION DE PESCADORES ARTESANALES Y MARISQUEROS EXITOSOS DE SECHURA - APAMEXS</description>
	<Style><LineStyle><color>ff0000ff</color></LineStyle><PolyStyle><fill>0</fill></PolyStyle></Style>
	<ExtendedData><SchemaData schemaUrl="#Areas_de_Derechos_Acuícolas">
		<SimpleData name="CODIGO">20025</SimpleData>
		<SimpleData name="RESOLUCION">R.D.R. Nº 992-2022-GOBIERNO REGIONAL PIURA-DRP-DR</SimpleData>
		<SimpleData name="FECHA_EMIS">2022/11/29</SimpleData>
		<SimpleData name="FECHA_VIGE">2032/11/29</SimpleData>
		<SimpleData name="AREA_TOTAL">30.35000000</SimpleData>
		<SimpleData name="NRO_ZONA">1</SimpleData>
		<SimpleData name="AREA_ZONA_">30.35000000</SimpleData>
		<SimpleData name="ESPECIE">CONCHA DE ABANICO</SimpleData>
		<SimpleData name="AMBITO">MARICULTURA</SimpleData>
		<SimpleData name="TIPO_DEREC">CONCESION</SimpleData>
		<SimpleData name="CATEGORIA_">ACUICULTURA DE MICRO Y PEQUEÑA EMPRESA (AMYPE)</SimpleData>
		<SimpleData name="ESTADO">VIGENTE</SimpleData>
		<SimpleData name="DEPARTAMEN">PIURA</SimpleData>
		<SimpleData name="PROVINCIA">SECHURA</SimpleData>
		<SimpleData name="DISTRITO">SECHURA</SimpleData>
		<SimpleData name="ZONA">LOTE 42 - CONSTANTE</SimpleData>
		<SimpleData name="TIPO_COORD">UBICACIÓN RD</SimpleData>
		<SimpleData name="DATUM">WGS 84</SimpleData>
		<SimpleData name="LATITUD">PTO A 05°40'26.1170&quot; ,  PTO B 05°40'26.1170&quot; ,  PTO C 05°40'51.6090&quot; ,  PTO D 05°40'51.6090&quot;</SimpleData>
		<SimpleData name="LONGITUD">PTO A 80°53'47.6710&quot; ,  PTO B 80°53'32.2420&quot; ,  PTO C 80°53'32.2420&quot; ,  PTO D 80°53'42.0200&quot;</SimpleData>
		<SimpleData name="FLAG">1</SimpleData>
		<SimpleData name="Shape_STAr">0.00002479077</SimpleData>
		<SimpleData name="Shape_STLe">0.02133606613</SimpleData>
	</SchemaData></ExtendedData>
      <Polygon><outerBoundaryIs><LinearRing><coordinates>-80.892289444,-5.68100250000002 -80.8950055559999,-5.68100250000002 -80.8965752779999,-5.67392138899997 -80.892289444,-5.67392138899997 -80.892289444,-5.68100250000002</coordinates></LinearRing></outerBoundaryIs></Polygon>
  </Placemark>
  <Placemark>
	<name>ASOCIACION DE PESCADORES ARTESANALES ACUICULTORES EL ENCANTO</name>
	<description>ASOCIACION DE PESCADORES ARTESANALES ACUICULTORES EL ENCANTO</description>
	<Style><LineStyle><color>ff0000ff</color></LineStyle><PolyStyle><fill>0</fill></PolyStyle></Style>
	<ExtendedData><SchemaData schemaUrl="#Areas_de_Derechos_Acuícolas">
		<SimpleData name="CODIGO">20029</SimpleData>
		<SimpleData name="RESOLUCION">R.D.R. Nº 1078-2022-GOBIERNO REGIONAL PIURA-DRP-DR</SimpleData>
		<SimpleData name="FECHA_EMIS">2022/12/19</SimpleData>
		<SimpleData name="FECHA_VIGE">2052/12/19</SimpleData>
		<SimpleData name="AREA_TOTAL">15.94100000</SimpleData>
		<SimpleData name="NRO_ZONA">1</SimpleData>
		<SimpleData name="AREA_ZONA_">0.00000000</SimpleData>
		<SimpleData name="ESPECIE">CONCHA DE ABANICO</SimpleData>
		<SimpleData name="AMBITO">MARICULTURA</SimpleData>
		<SimpleData name="TIPO_DEREC">CONCESION</SimpleData>
		<SimpleData name="CATEGORIA_">ACUICULTURA DE MICRO Y PEQUEÑA EMPRESA (AMYPE)</SimpleData>
		<SimpleData name="ESTADO">VIGENTE</SimpleData>
		<SimpleData name="DEPARTAMEN">PIURA</SimpleData>
		<SimpleData name="PROVINCIA">SECHURA</SimpleData>
		<SimpleData name="DISTRITO">SECHURA</SimpleData>
		<SimpleData name="ZONA">LOTE 87-B - PARACHIQUE</SimpleData>
		<SimpleData name="TIPO_COORD">UBICACIÓN RD</SimpleData>
		<SimpleData name="DATUM">WGS 84</SimpleData>
		<SimpleData name="LATITUD">PTO A 05°44'58.0340&quot; ,  PTO B 05°44'58.0340&quot; ,  PTO C 05°45'12.9900&quot; ,  PTO D 05°45'12.9910&quot;</SimpleData>
		<SimpleData name="LONGITUD">PTO A 80°54'41.5240&quot; ,  PTO B 80°54'30.2390&quot; ,  PTO C 80°54'30.2370&quot; ,  PTO D 80°54'41.5240&quot;</SimpleData>
		<SimpleData name="FLAG">1</SimpleData>
		<SimpleData name="Shape_STAr">0.00001302462</SimpleData>
		<SimpleData name="Shape_STLe">0.01457916671</SimpleData>
	</SchemaData></ExtendedData>
      <Polygon><outerBoundaryIs><LinearRing><coordinates>-80.908399167,-5.7536083329999 -80.911534444,-5.75360861099992 -80.911534444,-5.74945388899997 -80.908399722,-5.74945388899997 -80.908399167,-5.7536083329999</coordinates></LinearRing></outerBoundaryIs></Polygon>
  </Placemark>
  <Placemark>
	<name>ACUICULTORES BETHEL DE MATACABALLO SOCIEDAD ANONIMA CERRADA</name>
	<description>ACUICULTORES BETHEL DE MATACABALLO SOCIEDAD ANONIMA CERRADA</description>
	<Style><LineStyle><color>ff0000ff</color></LineStyle><PolyStyle><fill>0</fill></PolyStyle></Style>
	<ExtendedData><SchemaData schemaUrl="#Areas_de_Derechos_Acuícolas">
		<SimpleData name="CODIGO">20103</SimpleData>
		<SimpleData name="RESOLUCION">R.D.R. Nº 016-2023-GOBIERNO REGIONAL PIURA- DRP-DR</SimpleData>
		<SimpleData name="FECHA_EMIS">2023/02/03</SimpleData>
		<SimpleData name="FECHA_VIGE">2053/02/03</SimpleData>
		<SimpleData name="AREA_TOTAL">49.26500000</SimpleData>
		<SimpleData name="NRO_ZONA">1</SimpleData>
		<SimpleData name="AREA_ZONA_">49.26500000</SimpleData>
		<SimpleData name="ESPECIE">CONCHA DE ABANICO</SimpleData>
		<SimpleData name="AMBITO">MARICULTURA</SimpleData>
		<SimpleData name="TIPO_DEREC">CONCESION</SimpleData>
		<SimpleData name="CATEGORIA_">ACUICULTURA DE MICRO Y PEQUEÑA EMPRESA (AMYPE)</SimpleData>
		<SimpleData name="ESTADO">VIGENTE</SimpleData>
		<SimpleData name="DEPARTAMEN">PIURA</SimpleData>
		<SimpleData name="PROVINCIA">SECHURA</SimpleData>
		<SimpleData name="DISTRITO">SECHURA</SimpleData>
		<SimpleData name="ZONA">LOTE 30-B - MATACABALLO</SimpleData>
		<SimpleData name="TIPO_COORD">UBICACIÓN RD</SimpleData>
		<SimpleData name="DATUM">WGS 84</SimpleData>
		<SimpleData name="LATITUD">PTO A 05°38'05.8524&quot; ,  PTO B 05°38'05.8524&quot; ,  PTO C 05°38'21.9000&quot; ,  PTO D 05°38'21.9000&quot;</SimpleData>
		<SimpleData name="LONGITUD">PTO A 80°53'16.6180&quot; ,  PTO B 80°52'44.1120&quot; ,  PTO C 80°52'44.1120&quot; ,  PTO D 80°53'16.6180&quot;</SimpleData>
		<SimpleData name="FLAG">1</SimpleData>
		<SimpleData name="Shape_STAr">0.00004025025</SimpleData>
		<SimpleData name="Shape_STLe">0.02697422222</SimpleData>
	</SchemaData></ExtendedData>
      <Polygon><outerBoundaryIs><LinearRing><coordinates>-80.8789199999999,-5.63941666699999 -80.887949444,-5.63941666699999 -80.887949444,-5.63495899999994 -80.8789199999999,-5.63495899999994 -80.8789199999999,-5.63941666699999</coordinates></LinearRing></outerBoundaryIs></Polygon>
  </Placemark>
  <Placemark>
	<name>ASOCIACION DE PESCADORES ARTESANALES ACUICULTORES SECHURA</name>
	<description>ASOCIACION DE PESCADORES ARTESANALES ACUICULTORES SECHURA</description>
	<Style><LineStyle><color>ff0000ff</color></LineStyle><PolyStyle><fill>0</fill></PolyStyle></Style>
	<ExtendedData><SchemaData schemaUrl="#Areas_de_Derechos_Acuícolas">
		<SimpleData name="CODIGO">5266</SimpleData>
		<SimpleData name="RESOLUCION">R.D.R. Nº 405-2010-GOBIERNO REGIONAL PIURA-DIREPRO-DR</SimpleData>
		<SimpleData name="FECHA_EMIS">2010/08/12</SimpleData>
		<SimpleData name="FECHA_VIGE">2040/08/12</SimpleData>
		<SimpleData name="AREA_TOTAL">100.00000000</SimpleData>
		<SimpleData name="NRO_ZONA">1</SimpleData>
		<SimpleData name="AREA_ZONA_">100.00000000</SimpleData>
		<SimpleData name="ESPECIE">CONCHA DE ABANICO</SimpleData>
		<SimpleData name="AMBITO">MARICULTURA</SimpleData>
		<SimpleData name="TIPO_DEREC">CONCESION</SimpleData>
		<SimpleData name="CATEGORIA_">ACUICULTURA DE MICRO Y PEQUEÑA EMPRESA (AMYPE)</SimpleData>
		<SimpleData name="ESTADO">VIGENTE</SimpleData>
		<SimpleData name="DEPARTAMEN">PIURA</SimpleData>
		<SimpleData name="PROVINCIA">SECHURA</SimpleData>
		<SimpleData name="DISTRITO">SECHURA</SimpleData>
		<SimpleData name="ZONA">LOTE 13 - MATACABALLO</SimpleData>
		<SimpleData name="RESOLUCI_1">R.D.R. Nº 147-2020-GOBIERNO REGIONAL PIURA-DIREPRO-DR</SimpleData>
		<SimpleData name="FECHA_MODI">2020/12/04</SimpleData>
		<SimpleData name="OBS_MODIFI">EN LA RDR 147-2020-GOBIERNO REGIONAL PIURA-DRP-DR, DE FECHA 04/12/2020, SE HA CONSIGNADO LOTE 13, UBICADA EN LA ZONA MATACABALLO- SECHURA</SimpleData>
		<SimpleData name="TIPO_COORD">UBICACIÓN RD</SimpleData>
		<SimpleData name="DATUM">WGS 84</SimpleData>
		<SimpleData name="LATITUD">PTO A 05°35'26.5150&quot; ,  PTO B 05°35'26.5150&quot; ,  PTO C 05°35'59.0820&quot; ,  PTO D 05°35'59.0820&quot;</SimpleData>
		<SimpleData name="LONGITUD">PTO A 80°55'04.8720&quot; ,  PTO B 80°54'32.3620&quot; ,  PTO C 80°54'32.3620&quot; ,  PTO D 80°55'04.8720&quot;</SimpleData>
		<SimpleData name="FLAG">1</SimpleData>
		<SimpleData name="Shape_STAr">0.00008169392</SimpleData>
		<SimpleData name="Shape_STLe">0.03615388889</SimpleData>
	</SchemaData></ExtendedData>
      <Polygon><outerBoundaryIs><LinearRing><coordinates>-80.908989444,-5.5997449999999 -80.91802,-5.5997449999999 -80.91802,-5.59069861099995 -80.908989444,-5.59069861099995 -80.908989444,-5.5997449999999</coordinates></LinearRing></outerBoundaryIs></Polygon>
  </Placemark>
  <Placemark>
	<name>ASOCIACION DE PESCADORES ARTESANALES ACUICULTORES VIÑA DEL MAR DE CONSTANTE</name>
	<description>ASOCIACION DE PESCADORES ARTESANALES ACUICULTORES VIÑA DEL MAR DE CONSTANTE</description>
	<Style><LineStyle><color>ff0000ff</color></LineStyle><PolyStyle><fill>0</fill></PolyStyle></Style>
	<ExtendedData><SchemaData schemaUrl="#Areas_de_Derechos_Acuícolas">
		<SimpleData name="CODIGO">5658</SimpleData>
		<SimpleData name="RESOLUCION">R.D.R. Nº 038-2011-GOBIERNO REGIONAL PIURA-DIREPRO-DR</SimpleData>
		<SimpleData name="FECHA_EMIS">2011/02/09</SimpleData>
		<SimpleData name="FECHA_VIGE">2041/02/09</SimpleData>
		<SimpleData name="AREA_TOTAL">38.00000000</SimpleData>
		<SimpleData name="NRO_ZONA">1</SimpleData>
		<SimpleData name="AREA_ZONA_">38.00000000</SimpleData>
		<SimpleData name="ESPECIE">CONCHA DE ABANICO</SimpleData>
		<SimpleData name="AMBITO">MARICULTURA</SimpleData>
		<SimpleData name="TIPO_DEREC">CONCESION</SimpleData>
		<SimpleData name="CATEGORIA_">ACUICULTURA DE MICRO Y PEQUEÑA EMPRESA (AMYPE)</SimpleData>
		<SimpleData name="ESTADO">VIGENTE</SimpleData>
		<SimpleData name="DEPARTAMEN">PIURA</SimpleData>
		<SimpleData name="PROVINCIA">SECHURA</SimpleData>
		<SimpleData name="DISTRITO">SECHURA</SimpleData>
		<SimpleData name="ZONA">LOTE 40-A - CONSTANTE, BAHIA SECHURA</SimpleData>
		<SimpleData name="RESOLUCI_1">R.D. N° 008-2022-PRODUCE/DGA</SimpleData>
		<SimpleData name="FECHA_MODI">2022/04/01</SimpleData>
		<SimpleData name="TIPO_COORD">UBICACIÓN RD</SimpleData>
		<SimpleData name="DATUM">WGS 84</SimpleData>
		<SimpleData name="LATITUD">PTO A 05°39'50.2940&quot; ,  PTO B 05°39'50.2940&quot; ,  PTO C 05°40'06.0920&quot; ,  PTO D 05°40'05.2640&quot;</SimpleData>
		<SimpleData name="LONGITUD">PTO A 80°53'28.9910&quot; ,  PTO B 80°53'01.4440&quot; ,  PTO C 80°53'04.5850&quot; ,  PTO D 80°53'28.9910&quot;</SimpleData>
		<SimpleData name="FLAG">1</SimpleData>
		<SimpleData name="Shape_STAr">0.00003088524</SimpleData>
		<SimpleData name="Shape_STLe">0.02306785166</SimpleData>
	</SchemaData></ExtendedData>
      <Polygon><outerBoundaryIs><LinearRing><coordinates>-80.884606944,-5.66835888899989 -80.891386389,-5.66812888899995 -80.891386389,-5.66397055599997 -80.883734444,-5.66397055599997 -80.884606944,-5.66835888899989</coordinates></LinearRing></outerBoundaryIs></Polygon>
  </Placemark>
  <Placemark>
	<name>ASOCIACION DE PESCADORES EXTRACTORES ARTESANALES SEñOR DE LOS MILAGROS</name>
	<description>ASOCIACION DE PESCADORES EXTRACTORES ARTESANALES SEñOR DE LOS MILAGROS</description>
	<Style><LineStyle><color>ff0000ff</color></LineStyle><PolyStyle><fill>0</fill></PolyStyle></Style>
	<ExtendedData><SchemaData schemaUrl="#Areas_de_Derechos_Acuícolas">
		<SimpleData name="CODIGO">6556</SimpleData>
		<SimpleData name="RESOLUCION">R.D.R. Nº 116-2014-GOBIERNO REGIONAL PIURA-DRP-DR</SimpleData>
		<SimpleData name="FECHA_EMIS">2014/04/11</SimpleData>
		<SimpleData name="FECHA_VIGE">2044/04/11</SimpleData>
		<SimpleData name="AREA_TOTAL">24.50000000</SimpleData>
		<SimpleData name="NRO_ZONA">1</SimpleData>
		<SimpleData name="AREA_ZONA_">24.50000000</SimpleData>
		<SimpleData name="ESPECIE">CONCHA DE ABANICO</SimpleData>
		<SimpleData name="AMBITO">MARICULTURA</SimpleData>
		<SimpleData name="TIPO_DEREC">CONCESION</SimpleData>
		<SimpleData name="CATEGORIA_">ACUICULTURA DE MICRO Y PEQUEÑA EMPRESA (AMYPE)</SimpleData>
		<SimpleData name="ESTADO">VIGENTE</SimpleData>
		<SimpleData name="DEPARTAMEN">PIURA</SimpleData>
		<SimpleData name="PROVINCIA">SECHURA</SimpleData>
		<SimpleData name="DISTRITO">SECHURA</SimpleData>
		<SimpleData name="ZONA">LOTE 14 - PUERTO RICO - BAYOVAR, BAHIA SECHURA</SimpleData>
		<SimpleData name="RESOLUCI_1">R.D. N° 008-2022-PRODUCE/DGA</SimpleData>
		<SimpleData name="FECHA_MODI">2022/04/01</SimpleData>
		<SimpleData name="TIPO_COORD">UBICACIÓN RD</SimpleData>
		<SimpleData name="DATUM">WGS 84</SimpleData>
		<SimpleData name="LATITUD">PTO A 5°48'20.241&quot; ,  PTO B 5°48'20.241&quot; ,  PTO C 5°48'35.673&quot; ,  PTO D 5°48'35.673&quot;</SimpleData>
		<SimpleData name="LONGITUD">PTO A 80°58'59.436&quot; ,  PTO B 80°58'42.626&quot; ,  PTO C 80°58'42.626&quot; ,  PTO D 80°58'59.436&quot;</SimpleData>
		<SimpleData name="FLAG">1</SimpleData>
		<SimpleData name="Shape_STAr">0.00001967602</SimpleData>
		<SimpleData name="Shape_STLe">0.01777800000</SimpleData>
	</SchemaData></ExtendedData>
      <Polygon><outerBoundaryIs><LinearRing><coordinates>-80.978333,-5.80972199999999 -80.9830559999999,-5.80972199999999 -80.9830559999999,-5.805556 -80.978333,-5.805556 -80.978333,-5.80972199999999</coordinates></LinearRing></outerBoundaryIs></Polygon>
  </Placemark>
  <Placemark>
	<name>ASOCIACION DE PESCADORES EXTRACTORES ARTESANALES EL EDEN</name>
	<description>ASOCIACION DE PESCADORES EXTRACTORES ARTESANALES EL EDEN</description>
	<Style><LineStyle><color>ff0000ff</color></LineStyle><PolyStyle><fill>0</fill></PolyStyle></Style>
	<ExtendedData><SchemaData schemaUrl="#Areas_de_Derechos_Acuícolas">
		<SimpleData name="CODIGO">5351</SimpleData>
		<SimpleData name="RESOLUCION">R.D.R. Nº 489-2010-GOBIERNO REGIONAL PIURA-DIREPRO-DR</SimpleData>
		<SimpleData name="FECHA_EMIS">2010/09/10</SimpleData>
		<SimpleData name="FECHA_VIGE">2040/09/10</SimpleData>
		<SimpleData name="AREA_TOTAL">40.00000000</SimpleData>
		<SimpleData name="NRO_ZONA">1</SimpleData>
		<SimpleData name="AREA_ZONA_">40.00000000</SimpleData>
		<SimpleData name="ESPECIE">CONCHA DE ABANICO</SimpleData>
		<SimpleData name="AMBITO">MARICULTURA</SimpleData>
		<SimpleData name="TIPO_DEREC">CONCESION</SimpleData>
		<SimpleData name="CATEGORIA_">ACUICULTURA DE MICRO Y PEQUEÑA EMPRESA (AMYPE)</SimpleData>
		<SimpleData name="ESTADO">VIGENTE</SimpleData>
		<SimpleData name="DEPARTAMEN">PIURA</SimpleData>
		<SimpleData name="PROVINCIA">SECHURA</SimpleData>
		<SimpleData name="DISTRITO">SECHURA</SimpleData>
		<SimpleData name="ZONA">LOTE 131-A - VICHAYO</SimpleData>
		<SimpleData name="RESOLUCI_1">R.D.R. Nº 150-2020-GOBIERNO REGIONAL PIURA-DIREPRO-DR</SimpleData>
		<SimpleData name="FECHA_MODI">2020/12/18</SimpleData>
		<SimpleData name="TIPO_COORD">UBICACIÓN RD</SimpleData>
		<SimpleData name="DATUM">WGS 84</SimpleData>
		<SimpleData name="LATITUD">PTO A 05°48'32.2660&quot; ,  PTO B 05°48'32.2660&quot; ,  PTO C 05°49'01.3930&quot; ,  PTO D 05°49'01.3930&quot;</SimpleData>
		<SimpleData name="LONGITUD">PTO A 80°57'02.3170&quot; ,  PTO B 80°56'47.8250&quot; ,  PTO C 80°56'47.8250&quot; ,  PTO D 80°57'02.3170&quot;</SimpleData>
		<SimpleData name="FLAG">1</SimpleData>
		<SimpleData name="Shape_STAr">0.00003257010</SimpleData>
		<SimpleData name="Shape_STLe">0.02423277778</SimpleData>
	</SchemaData></ExtendedData>
      <Polygon><outerBoundaryIs><LinearRing><coordinates>-80.946618056,-5.81705361099999 -80.950643611,-5.81705361099999 -80.950643611,-5.80896277799997 -80.946618056,-5.80896277799997 -80.946618056,-5.81705361099999</coordinates></LinearRing></outerBoundaryIs></Polygon>
  </Placemark>
  <Placemark>
	<name>ASOCIACION DE PESCA ARTESANAL COMUNAL DE MULTIUSOS LOS RIOS</name>
	<description>ASOCIACION DE PESCA ARTESANAL COMUNAL DE MULTIUSOS LOS RIOS</description>
	<Style><LineStyle><color>ff0000ff</color></LineStyle><PolyStyle><fill>0</fill></PolyStyle></Style>
	<ExtendedData><SchemaData schemaUrl="#Areas_de_Derechos_Acuícolas">
		<SimpleData name="CODIGO">5659</SimpleData>
		<SimpleData name="RESOLUCION">R.D.R. Nº 169-2011-GOBIERNO REGIONAL PIURA-DIREPRO-DR</SimpleData>
		<SimpleData name="FECHA_EMIS">2011/04/28</SimpleData>
		<SimpleData name="FECHA_VIGE">2041/04/28</SimpleData>
		<SimpleData name="AREA_TOTAL">30.00000000</SimpleData>
		<SimpleData name="NRO_ZONA">1</SimpleData>
		<SimpleData name="AREA_ZONA_">30.00000000</SimpleData>
		<SimpleData name="ESPECIE">CONCHA DE ABANICO</SimpleData>
		<SimpleData name="AMBITO">MARICULTURA</SimpleData>
		<SimpleData name="TIPO_DEREC">CONCESION</SimpleData>
		<SimpleData name="CATEGORIA_">ACUICULTURA DE MICRO Y PEQUEÑA EMPRESA (AMYPE)</SimpleData>
		<SimpleData name="ESTADO">VIGENTE</SimpleData>
		<SimpleData name="DEPARTAMEN">PIURA</SimpleData>
		<SimpleData name="PROVINCIA">SECHURA</SimpleData>
		<SimpleData name="DISTRITO">SECHURA</SimpleData>
		<SimpleData name="ZONA">LOTE 130 - VICHAYO</SimpleData>
		<SimpleData name="RESOLUCI_1">R.D.R.N° 519-2022-GOBIERNO REGIONAL PIURA-DIREPRO-DR</SimpleData>
		<SimpleData name="FECHA_MODI">2022/06/30</SimpleData>
		<SimpleData name="OBS_MODIFI">R.D. Nº 1413-2011/DCG NO COINCIDEN CON LAS COORDENADAS DE LA R.D.R. Nº 169-2011-GOBIERNO REGIONAL PIURA-DIREPRO-DR.</SimpleData>
		<SimpleData name="TIPO_COORD">UBICACIÓN RD</SimpleData>
		<SimpleData name="DATUM">WGS 84</SimpleData>
		<SimpleData name="LATITUD">PTO A 05°48'50.4720&quot; ,  PTO B 05°48'50.4720&quot; ,  PTO C 05°49'01.3930&quot; ,  PTO D 05°49'01.3930&quot;</SimpleData>
		<SimpleData name="LONGITUD">PTO A 80°57'34.6520&quot; ,  PTO B 80°57'05.5690&quot; ,  PTO C 80°57'05.5690&quot; ,  PTO D 80°57'34.6520&quot;</SimpleData>
		<SimpleData name="FLAG">1</SimpleData>
		<SimpleData name="Shape_STAr">0.00002450736</SimpleData>
		<SimpleData name="Shape_STLe">0.02222444445</SimpleData>
	</SchemaData></ExtendedData>
      <Polygon><outerBoundaryIs><LinearRing><coordinates>-80.9596255559999,-5.81401999999998 -80.9515469439999,-5.81401999999998 -80.9515469439999,-5.81705361099999 -80.9596255559999,-5.81705361099999 -80.9596255559999,-5.81401999999998</coordinates></LinearRing></outerBoundaryIs></Polygon>
  </Placemark>
  <Placemark>
	<name>DIOS DE JACOB SOCIEDAD ANONIMA CERRADA-DIOS DE JACOB S.A.C.</name>
	<description>DIOS DE JACOB SOCIEDAD ANONIMA CERRADA-DIOS DE JACOB S.A.C.</description>
	<Style><LineStyle><color>ff0000ff</color></LineStyle><PolyStyle><fill>0</fill></PolyStyle></Style>
	<ExtendedData><SchemaData schemaUrl="#Areas_de_Derechos_Acuícolas">
		<SimpleData name="CODIGO">12591</SimpleData>
		<SimpleData name="RESOLUCION">R.D.R. Nº 1056-2018-GOBIERNO REGIONAL PIURA-DRP-DR</SimpleData>
		<SimpleData name="FECHA_EMIS">2018/12/31</SimpleData>
		<SimpleData name="FECHA_VIGE">2028/12/31</SimpleData>
		<SimpleData name="AREA_TOTAL">100.00000000</SimpleData>
		<SimpleData name="NRO_ZONA">1</SimpleData>
		<SimpleData name="AREA_ZONA_">100.00000000</SimpleData>
		<SimpleData name="ESPECIE">CONCHA DE ABANICO</SimpleData>
		<SimpleData name="AMBITO">MARICULTURA</SimpleData>
		<SimpleData name="TIPO_DEREC">CONCESION</SimpleData>
		<SimpleData name="CATEGORIA_">ACUICULTURA DE MICRO Y PEQUEÑA EMPRESA (AMYPE)</SimpleData>
		<SimpleData name="ESTADO">VIGENTE</SimpleData>
		<SimpleData name="DEPARTAMEN">PIURA</SimpleData>
		<SimpleData name="PROVINCIA">SECHURA</SimpleData>
		<SimpleData name="DISTRITO">SECHURA</SimpleData>
		<SimpleData name="ZONA">LOTE 20 - MATACABALLO</SimpleData>
		<SimpleData name="TIPO_COORD">UBICACIÓN RD</SimpleData>
		<SimpleData name="DATUM">WGS 84</SimpleData>
		<SimpleData name="LATITUD">PTO A 05°36'38.1620&quot; ,  PTO B 05°36'38.1620&quot; ,  PTO C 05°37'10.7300&quot; ,  PTO D 05°37'10.7300&quot;</SimpleData>
		<SimpleData name="LONGITUD">PTO A 80°53'16.6180&quot; ,  PTO B 80°52'44.1120&quot; ,  PTO C 80°52'44.1120&quot; ,  PTO D 80°53'16.6180&quot;</SimpleData>
		<SimpleData name="FLAG">1</SimpleData>
		<SimpleData name="Shape_STAr">0.00008168637</SimpleData>
		<SimpleData name="Shape_STLe">0.03615222222</SimpleData>
	</SchemaData></ExtendedData>
      <Polygon><outerBoundaryIs><LinearRing><coordinates>-80.8789199999999,-5.61964722199993 -80.887949444,-5.61964722199993 -80.887949444,-5.61060055599996 -80.8789199999999,-5.61060055599996 -80.8789199999999,-5.61964722199993</coordinates></LinearRing></outerBoundaryIs></Polygon>
  </Placemark>
  <Placemark>
	<name>ACUICULTURA CHULLIYACHI PERU SOCIEDAD ANONIMA</name>
	<description>ACUICULTURA CHULLIYACHI PERU SOCIEDAD ANONIMA</description>
	<Style><LineStyle><color>ff0000ff</color></LineStyle><PolyStyle><fill>0</fill></PolyStyle></Style>
	<ExtendedData><SchemaData schemaUrl="#Areas_de_Derechos_Acuícolas">
		<SimpleData name="CODIGO">20791</SimpleData>
		<SimpleData name="RESOLUCION">R.D.R. Nº 823-2023-GOBIERNO REGIONAL PIURA-DRP-DR</SimpleData>
		<SimpleData name="FECHA_EMIS">2023/11/14</SimpleData>
		<SimpleData name="FECHA_VIGE">2053/11/14</SimpleData>
		<SimpleData name="AREA_TOTAL">13.82900000</SimpleData>
		<SimpleData name="NRO_ZONA">1</SimpleData>
		<SimpleData name="AREA_ZONA_">13.82900000</SimpleData>
		<SimpleData name="ESPECIE">CONCHA DE ABANICO</SimpleData>
		<SimpleData name="AMBITO">MARICULTURA</SimpleData>
		<SimpleData name="TIPO_DEREC">CONCESION</SimpleData>
		<SimpleData name="CATEGORIA_">ACUICULTURA DE MICRO Y PEQUEÑA EMPRESA (AMYPE)</SimpleData>
		<SimpleData name="ESTADO">VIGENTE</SimpleData>
		<SimpleData name="DEPARTAMEN">PIURA</SimpleData>
		<SimpleData name="PROVINCIA">SECHURA</SimpleData>
		<SimpleData name="DISTRITO">SECHURA</SimpleData>
		<SimpleData name="ZONA">LOTE 6-B CHULLIYACHI</SimpleData>
		<SimpleData name="TIPO_COORD">UBICACIÓN RD</SimpleData>
		<SimpleData name="DATUM">WGS 84</SimpleData>
		<SimpleData name="LATITUD">PTO A 05°34'29.7940&quot; ,  PTO B 05°34'29.7940&quot; ,  PTO C 05°34'47.4340&quot; ,  PTO D 05°34'47.4340&quot;</SimpleData>
		<SimpleData name="LONGITUD">PTO A 80°54'52.2100&quot; ,  PTO B 80°54'43.9110&quot; ,  PTO C 80°54'43.9080&quot; ,  PTO D 80°54'52.2070&quot;</SimpleData>
		<SimpleData name="FLAG">1</SimpleData>
		<SimpleData name="Shape_STAr">0.00001129586</SimpleData>
		<SimpleData name="Shape_STLe">0.01441055570</SimpleData>
	</SchemaData></ExtendedData>
      <Polygon><outerBoundaryIs><LinearRing><coordinates>-80.912196667,-5.57984277799995 -80.9145019439999,-5.57984277799995 -80.914502778,-5.57494277799998 -80.9121974999999,-5.57494277799998 -80.912196667,-5.57984277799995</coordinates></LinearRing></outerBoundaryIs></Polygon>
  </Placemark>
  <Placemark>
	<name>ASOCIACION DE PESCADORES ARTESANALES AGUA Y MAR I</name>
	<description>ASOCIACION DE PESCADORES ARTESANALES AGUA Y MAR I</description>
	<Style><LineStyle><color>ff0000ff</color></LineStyle><PolyStyle><fill>0</fill></PolyStyle></Style>
	<ExtendedData><SchemaData schemaUrl="#Areas_de_Derechos_Acuícolas">
		<SimpleData name="CODIGO">5459</SimpleData>
		<SimpleData name="RESOLUCION">R.D.R. Nº 537-2010-GOBIERNO REGIONAL PIURA-DIREPRO-DR</SimpleData>
		<SimpleData name="FECHA_EMIS">2010/10/14</SimpleData>
		<SimpleData name="FECHA_VIGE">2040/10/14</SimpleData>
		<SimpleData name="AREA_TOTAL">53.74000000</SimpleData>
		<SimpleData name="NRO_ZONA">1</SimpleData>
		<SimpleData name="AREA_ZONA_">53.74000000</SimpleData>
		<SimpleData name="ESPECIE">CONCHA DE ABANICO</SimpleData>
		<SimpleData name="AMBITO">MARICULTURA</SimpleData>
		<SimpleData name="TIPO_DEREC">CONCESION</SimpleData>
		<SimpleData name="CATEGORIA_">ACUICULTURA DE MICRO Y PEQUEÑA EMPRESA (AMYPE)</SimpleData>
		<SimpleData name="ESTADO">VIGENTE</SimpleData>
		<SimpleData name="DEPARTAMEN">PIURA</SimpleData>
		<SimpleData name="PROVINCIA">SECHURA</SimpleData>
		<SimpleData name="DISTRITO">SECHURA</SimpleData>
		<SimpleData name="ZONA">LOTE 41- CONSTANTE</SimpleData>
		<SimpleData name="RESOLUCI_1">R.D.R. Nº 028-2021-GOBIERNO REGIONAL PIURA-DIREPRO-DR</SimpleData>
		<SimpleData name="FECHA_MODI">2021/02/16</SimpleData>
		<SimpleData name="TIPO_COORD">UBICACIÓN RD</SimpleData>
		<SimpleData name="DATUM">WGS 84</SimpleData>
		<SimpleData name="LATITUD">PTO A 05°40'26.1170&quot; ,  PTO B 05°40'26.1170&quot; ,  PTO C 05°40'51.6090&quot; ,  PTO D 05°40'51.6090&quot;</SimpleData>
		<SimpleData name="LONGITUD">PTO A 80°53'28.9910&quot; ,  PTO B 80°53'05.8760&quot; ,  PTO C 80°53'07.4640&quot; ,  PTO D 80°53'28.9910&quot;</SimpleData>
		<SimpleData name="FLAG">1</SimpleData>
		<SimpleData name="Shape_STAr">0.00004390486</SimpleData>
		<SimpleData name="Shape_STLe">0.02657650377</SimpleData>
	</SchemaData></ExtendedData>
      <Polygon><outerBoundaryIs><LinearRing><coordinates>-80.885406667,-5.68100250000002 -80.891386389,-5.68100250000002 -80.891386389,-5.67392138899997 -80.8849655559999,-5.67392138899997 -80.885406667,-5.68100250000002</coordinates></LinearRing></outerBoundaryIs></Polygon>
  </Placemark>
  <Placemark>
	<name>ASOCIACION DE PESCADORES EXTRACTORES ARTESANALES QUITIR</name>
	<description>ASOCIACION DE PESCADORES EXTRACTORES ARTESANALES QUITIR</description>
	<Style><LineStyle><color>ff0000ff</color></LineStyle><PolyStyle><fill>0</fill></PolyStyle></Style>
	<ExtendedData><SchemaData schemaUrl="#Areas_de_Derechos_Acuícolas">
		<SimpleData name="CODIGO">5337</SimpleData>
		<SimpleData name="RESOLUCION">R.D.R. Nº 436-2010-GOBIERNO REGIONAL PIURA-DIREPRO-DR</SimpleData>
		<SimpleData name="FECHA_EMIS">2010/08/19</SimpleData>
		<SimpleData name="FECHA_VIGE">2040/08/19</SimpleData>
		<SimpleData name="AREA_TOTAL">53.88000000</SimpleData>
		<SimpleData name="NRO_ZONA">1</SimpleData>
		<SimpleData name="AREA_ZONA_">53.88000000</SimpleData>
		<SimpleData name="ESPECIE">CONCHA DE ABANICO</SimpleData>
		<SimpleData name="AMBITO">MARICULTURA</SimpleData>
		<SimpleData name="TIPO_DEREC">CONCESION</SimpleData>
		<SimpleData name="CATEGORIA_">ACUICULTURA DE MICRO Y PEQUEÑA EMPRESA (AMYPE)</SimpleData>
		<SimpleData name="ESTADO">VIGENTE</SimpleData>
		<SimpleData name="DEPARTAMEN">PIURA</SimpleData>
		<SimpleData name="PROVINCIA">SECHURA</SimpleData>
		<SimpleData name="DISTRITO">SECHURA</SimpleData>
		<SimpleData name="ZONA">LOTE 136 - VICHAYO</SimpleData>
		<SimpleData name="RESOLUCI_1">R.D.R. Nº 151-2020-GOBIERNO REGIONAL PIURA-DIREPRO-DR</SimpleData>
		<SimpleData name="FECHA_MODI">2020/12/18</SimpleData>
		<SimpleData name="TIPO_COORD">UBICACIÓN RD</SimpleData>
		<SimpleData name="DATUM">WGS 84</SimpleData>
		<SimpleData name="LATITUD">PTO A 05°49'4.650&quot; ,  PTO B 05°49'4.650&quot; ,  PTO C 05°49'28.825&quot; ,  PTO D 05°49'19.714&quot;</SimpleData>
		<SimpleData name="LONGITUD">PTO A 80°58'6.985&quot; ,  PTO B 80°57'37.903&quot; ,  PTO C 80°57'37.903&quot; ,  PTO D 80°58'6.985&quot;</SimpleData>
		<SimpleData name="FLAG">1</SimpleData>
		<SimpleData name="Shape_STAr">0.00004402106</SimpleData>
		<SimpleData name="Shape_STLe">0.02744222563</SimpleData>
	</SchemaData></ExtendedData>
      <Polygon><outerBoundaryIs><LinearRing><coordinates>-80.960528,-5.81795799999994 -80.960528,-5.82467299999999 -80.9686059999999,-5.82214199999992 -80.9686059999999,-5.81795799999994 -80.960528,-5.81795799999994</coordinates></LinearRing></outerBoundaryIs></Polygon>
  </Placemark>
  <Placemark>
	<name>ASOCIACION DE PESCADORES ARTESANALES ACUICULTORES LUIS BANCHERO ROSSI</name>
	<description>ASOCIACION DE PESCADORES ARTESANALES ACUICULTORES LUIS BANCHERO ROSSI</description>
	<Style><LineStyle><color>ff0000ff</color></LineStyle><PolyStyle><fill>0</fill></PolyStyle></Style>
	<ExtendedData><SchemaData schemaUrl="#Areas_de_Derechos_Acuícolas">
		<SimpleData name="CODIGO">5340</SimpleData>
		<SimpleData name="RESOLUCION">R.D.R. Nº 439-2010-GOBIERNO REGIONAL PIURA-DIREPRO-DR</SimpleData>
		<SimpleData name="FECHA_EMIS">2010/08/23</SimpleData>
		<SimpleData name="FECHA_VIGE">2040/08/23</SimpleData>
		<SimpleData name="AREA_TOTAL">80.00000000</SimpleData>
		<SimpleData name="NRO_ZONA">1</SimpleData>
		<SimpleData name="AREA_ZONA_">80.00000000</SimpleData>
		<SimpleData name="ESPECIE">CONCHA DE ABANICO</SimpleData>
		<SimpleData name="AMBITO">MARICULTURA</SimpleData>
		<SimpleData name="TIPO_DEREC">CONCESION</SimpleData>
		<SimpleData name="CATEGORIA_">ACUICULTURA DE MICRO Y PEQUEÑA EMPRESA (AMYPE)</SimpleData>
		<SimpleData name="ESTADO">VIGENTE</SimpleData>
		<SimpleData name="DEPARTAMEN">PIURA</SimpleData>
		<SimpleData name="PROVINCIA">SECHURA</SimpleData>
		<SimpleData name="DISTRITO">SECHURA</SimpleData>
		<SimpleData name="ZONA">LOTE 48 - LAS DELICIAS</SimpleData>
		<SimpleData name="RESOLUCI_1">R.D. N° 008-2022-PRODUCE/DGA</SimpleData>
		<SimpleData name="FECHA_MODI">2022/04/01</SimpleData>
		<SimpleData name="TIPO_COORD">UBICACIÓN RD</SimpleData>
		<SimpleData name="DATUM">WGS 84</SimpleData>
		<SimpleData name="LATITUD">PTO A 05°41'27.2840&quot; ,  PTO B 05°41'27.2840&quot; ,  PTO C 05°41'56.4120&quot; ,  PTO D 05°41'56.4120&quot;</SimpleData>
		<SimpleData name="LONGITUD">PTO A 80°55'45.8650&quot; ,  PTO B 80°55'16.7910&quot; ,  PTO C 80°55'16.7910&quot; ,  PTO D 80°55'45.8650&quot;</SimpleData>
		<SimpleData name="FLAG">1</SimpleData>
		<SimpleData name="Shape_STAr">0.00006534471</SimpleData>
		<SimpleData name="Shape_STLe">0.03233444444</SimpleData>
	</SchemaData></ExtendedData>
      <Polygon><outerBoundaryIs><LinearRing><coordinates>-80.921330833,-5.69900333299994 -80.9294069439999,-5.69900333299994 -80.9294069439999,-5.69091222199999 -80.921330833,-5.69091222199999 -80.921330833,-5.69900333299994</coordinates></LinearRing></outerBoundaryIs></Polygon>
  </Placemark>
  <Placemark>
	<name>INVERSIONES ACUICOLAS CHULLIYACHI SOCIEDAD ANONIMA CERRADA</name>
	<description>INVERSIONES ACUICOLAS CHULLIYACHI SOCIEDAD ANONIMA CERRADA</description>
	<Style><LineStyle><color>ff0000ff</color></LineStyle><PolyStyle><fill>0</fill></PolyStyle></Style>
	<ExtendedData><SchemaData schemaUrl="#Areas_de_Derechos_Acuícolas">
		<SimpleData name="CODIGO">20800</SimpleData>
		<SimpleData name="RESOLUCION">R.D.R. Nº 961-2023-GOBIERNO REGIONAL PIURA-DRP-DR</SimpleData>
		<SimpleData name="FECHA_EMIS">2023/12/29</SimpleData>
		<SimpleData name="FECHA_VIGE">2053/12/29</SimpleData>
		<SimpleData name="AREA_TOTAL">20.24700000</SimpleData>
		<SimpleData name="NRO_ZONA">1</SimpleData>
		<SimpleData name="AREA_ZONA_">20.24700000</SimpleData>
		<SimpleData name="ESPECIE">CONCHA DE ABANICO</SimpleData>
		<SimpleData name="AMBITO">MARICULTURA</SimpleData>
		<SimpleData name="TIPO_DEREC">CONCESION</SimpleData>
		<SimpleData name="CATEGORIA_">ACUICULTURA DE MICRO Y PEQUEÑA EMPRESA (AMYPE)</SimpleData>
		<SimpleData name="ESTADO">VIGENTE</SimpleData>
		<SimpleData name="DEPARTAMEN">PIURA</SimpleData>
		<SimpleData name="PROVINCIA">SECHURA</SimpleData>
		<SimpleData name="DISTRITO">SECHURA</SimpleData>
		<SimpleData name="ZONA">LOTE 11-A CHULLIYACHI</SimpleData>
		<SimpleData name="TIPO_COORD">UBICACIÓN RD</SimpleData>
		<SimpleData name="DATUM">WGS 84</SimpleData>
		<SimpleData name="LATITUD">PTO A 05°34'50.6910&quot; ,  PTO B 05°34'50.6910&quot; ,  PTO C 05°35'05.3440&quot; ,  PTO D 05°35'05.3460&quot;</SimpleData>
		<SimpleData name="LONGITUD">PTO A 80°53'53.3670&quot; ,  PTO B 80°53'38.7400&quot; ,  PTO C 80°53'38.7380&quot; ,  PTO D 80°53'53.3640&quot;</SimpleData>
		<SimpleData name="FLAG">1</SimpleData>
		<SimpleData name="Shape_STAr">0.00001653833</SimpleData>
		<SimpleData name="Shape_STLe">0.01626694461</SimpleData>
	</SchemaData></ExtendedData>
      <Polygon><outerBoundaryIs><LinearRing><coordinates>-80.894093889,-5.58481777799991 -80.8981566669999,-5.58481833299996 -80.8981574999999,-5.58074749999994 -80.8940944439999,-5.58074749999994 -80.894093889,-5.58481777799991</coordinates></LinearRing></outerBoundaryIs></Polygon>
  </Placemark>
  <Placemark>
	<name>INVERSIONES CULTIVOS ACUICOLAS SECHURA SOCIEDAD ANONIMA CERRADA</name>
	<description>INVERSIONES CULTIVOS ACUICOLAS SECHURA SOCIEDAD ANONIMA CERRADA</description>
	<Style><LineStyle><color>ff0000ff</color></LineStyle><PolyStyle><fill>0</fill></PolyStyle></Style>
	<ExtendedData><SchemaData schemaUrl="#Areas_de_Derechos_Acuícolas">
		<SimpleData name="CODIGO">20799</SimpleData>
		<SimpleData name="RESOLUCION">R.D.R. Nº 960-2023-GOBIERNO REGIONAL PIURA-DRP-DR</SimpleData>
		<SimpleData name="FECHA_EMIS">2023/12/29</SimpleData>
		<SimpleData name="FECHA_VIGE">2053/12/29</SimpleData>
		<SimpleData name="AREA_TOTAL">20.25500000</SimpleData>
		<SimpleData name="NRO_ZONA">1</SimpleData>
		<SimpleData name="AREA_ZONA_">20.25500000</SimpleData>
		<SimpleData name="ESPECIE">CONCHA DE ABANICO</SimpleData>
		<SimpleData name="AMBITO">MARICULTURA</SimpleData>
		<SimpleData name="TIPO_DEREC">CONCESION</SimpleData>
		<SimpleData name="CATEGORIA_">ACUICULTURA DE MICRO Y PEQUEÑA EMPRESA (AMYPE)</SimpleData>
		<SimpleData name="ESTADO">VIGENTE</SimpleData>
		<SimpleData name="DEPARTAMEN">PIURA</SimpleData>
		<SimpleData name="PROVINCIA">SECHURA</SimpleData>
		<SimpleData name="DISTRITO">SECHURA</SimpleData>
		<SimpleData name="ZONA">LOTE 11-C - CHULLIYACHI</SimpleData>
		<SimpleData name="TIPO_COORD">UBICACIÓN RD</SimpleData>
		<SimpleData name="DATUM">WGS 84</SimpleData>
		<SimpleData name="LATITUD">PTO A 05°35'08.6030&quot; ,  PTO B 05°35'08.6000&quot; ,  PTO C 05°35'23.2580&quot; ,  PTO D 05°35'23.2580&quot;</SimpleData>
		<SimpleData name="LONGITUD">PTO A 80°53'53.3640&quot; ,  PTO B 80°53'38.7370&quot; ,  PTO C 80°53'38.7340&quot; ,  PTO D 80°53'53.3670&quot;</SimpleData>
		<SimpleData name="FLAG">1</SimpleData>
		<SimpleData name="Shape_STAr">0.00001654511</SimpleData>
		<SimpleData name="Shape_STLe">0.01627027803</SimpleData>
	</SchemaData></ExtendedData>
      <Polygon><outerBoundaryIs><LinearRing><coordinates>-80.894092778,-5.58979388899997 -80.8981574999999,-5.58979388899997 -80.8981566669999,-5.58572305599994 -80.8940936109999,-5.58572222199996 -80.894092778,-5.58979388899997</coordinates></LinearRing></outerBoundaryIs></Polygon>
  </Placemark>
  <Placemark>
	<name>PRODUCTORES ACUICOLAS CHULLIYACHI SECHURA S.A.C.</name>
	<description>PRODUCTORES ACUICOLAS CHULLIYACHI SECHURA S.A.C.</description>
	<Style><LineStyle><color>ff0000ff</color></LineStyle><PolyStyle><fill>0</fill></PolyStyle></Style>
	<ExtendedData><SchemaData schemaUrl="#Areas_de_Derechos_Acuícolas">
		<SimpleData name="CODIGO">20798</SimpleData>
		<SimpleData name="RESOLUCION">R.D.R. Nº 879-2023-GOBIERNO REGIONAL PIURA-DRP-DR</SimpleData>
		<SimpleData name="FECHA_EMIS">2023/12/01</SimpleData>
		<SimpleData name="FECHA_VIGE">2053/12/01</SimpleData>
		<SimpleData name="AREA_TOTAL">13.82600000</SimpleData>
		<SimpleData name="NRO_ZONA">1</SimpleData>
		<SimpleData name="AREA_ZONA_">13.82600000</SimpleData>
		<SimpleData name="ESPECIE">CONCHA DE ABANICO</SimpleData>
		<SimpleData name="AMBITO">MARICULTURA</SimpleData>
		<SimpleData name="TIPO_DEREC">CONCESION</SimpleData>
		<SimpleData name="CATEGORIA_">ACUICULTURA DE MICRO Y PEQUEÑA EMPRESA (AMYPE)</SimpleData>
		<SimpleData name="ESTADO">VIGENTE</SimpleData>
		<SimpleData name="DEPARTAMEN">PIURA</SimpleData>
		<SimpleData name="PROVINCIA">SECHURA</SimpleData>
		<SimpleData name="DISTRITO">SECHURA</SimpleData>
		<SimpleData name="ZONA">LOTE 6-C - CHULLIYACHI</SimpleData>
		<SimpleData name="TIPO_COORD">UBICACIÓN RD</SimpleData>
		<SimpleData name="DATUM">WGS 84</SimpleData>
		<SimpleData name="LATITUD">PTO A 05°34'29.7940&quot; ,  PTO B 05°34'29.7940&quot; ,  PTO C 05°34'47.4340&quot; ,  PTO D 05°34'47.4340&quot;</SimpleData>
		<SimpleData name="LONGITUD">PTO A 80°54'40.6600&quot; ,  PTO B 80°54'32.3620&quot; ,  PTO C 80°54'32.3620&quot; ,  PTO D 80°54'40.6580&quot;</SimpleData>
		<SimpleData name="FLAG">1</SimpleData>
		<SimpleData name="Shape_STAr">0.00001129314</SimpleData>
		<SimpleData name="Shape_STLe">0.01440944448</SimpleData>
	</SchemaData></ExtendedData>
      <Polygon><outerBoundaryIs><LinearRing><coordinates>-80.908989444,-5.57984277799995 -80.911293889,-5.57984277799995 -80.9112944439999,-5.57494277799998 -80.908989444,-5.57494277799998 -80.908989444,-5.57984277799995</coordinates></LinearRing></outerBoundaryIs></Polygon>
  </Placemark>
  <Placemark>
	<name>ASOCIACION DE PESCADORES ARTESANALES ACUICULTORES LOS DOCE APOSTOLES</name>
	<description>ASOCIACION DE PESCADORES ARTESANALES ACUICULTORES LOS DOCE APOSTOLES</description>
	<Style><LineStyle><color>ff0000ff</color></LineStyle><PolyStyle><fill>0</fill></PolyStyle></Style>
	<ExtendedData><SchemaData schemaUrl="#Areas_de_Derechos_Acuícolas">
		<SimpleData name="CODIGO">5648</SimpleData>
		<SimpleData name="RESOLUCION">R.D.R. Nº 112-2011-GOBIERNO REGIONAL PIURA-DIREPRO-DR</SimpleData>
		<SimpleData name="FECHA_EMIS">2011/03/14</SimpleData>
		<SimpleData name="FECHA_VIGE">2041/03/14</SimpleData>
		<SimpleData name="AREA_TOTAL">25.00000000</SimpleData>
		<SimpleData name="NRO_ZONA">1</SimpleData>
		<SimpleData name="AREA_ZONA_">25.00000000</SimpleData>
		<SimpleData name="ESPECIE">CONCHA DE ABANICO</SimpleData>
		<SimpleData name="AMBITO">MARICULTURA</SimpleData>
		<SimpleData name="TIPO_DEREC">CONCESION</SimpleData>
		<SimpleData name="CATEGORIA_">ACUICULTURA DE MICRO Y PEQUEÑA EMPRESA (AMYPE)</SimpleData>
		<SimpleData name="ESTADO">VIGENTE</SimpleData>
		<SimpleData name="DEPARTAMEN">PIURA</SimpleData>
		<SimpleData name="PROVINCIA">SECHURA</SimpleData>
		<SimpleData name="DISTRITO">SECHURA</SimpleData>
		<SimpleData name="ZONA">LOTE 84-B - PARACHIQUE</SimpleData>
		<SimpleData name="RESOLUCI_1">R.D.R. Nº 040-2021-GOBIERNO REGIONAL PIURA-DIREPRO-DR</SimpleData>
		<SimpleData name="FECHA_MODI">2021/03/12</SimpleData>
		<SimpleData name="TIPO_COORD">UBICACIÓN RD</SimpleData>
		<SimpleData name="DATUM">WGS 84</SimpleData>
		<SimpleData name="LATITUD">PTO A 05°44'54.6100&quot; ,  PTO B 05°44'54.6000&quot; ,  PTO C 05°45'27.1770&quot; ,  PTO D 05°45'27.1770&quot;</SimpleData>
		<SimpleData name="LONGITUD">PTO A 80°56'00.9950&quot; ,  PTO B 80°55'52.8670&quot; ,  PTO C 80°55'52.8670&quot; ,  PTO D 80°56'00.9950&quot;</SimpleData>
		<SimpleData name="FLAG">1</SimpleData>
		<SimpleData name="Shape_STAr">0.00002042787</SimpleData>
		<SimpleData name="Shape_STLe">0.02261111282</SimpleData>
	</SchemaData></ExtendedData>
      <Polygon><outerBoundaryIs><LinearRing><coordinates>-80.9313519439999,-5.75754916700001 -80.933609722,-5.75754916700001 -80.933609722,-5.74850277799997 -80.9313519439999,-5.74850000000001 -80.9313519439999,-5.75754916700001</coordinates></LinearRing></outerBoundaryIs></Polygon>
  </Placemark>
  <Placemark>
	<name>ASOCIACION DE PESCADORES ARTESANALES Y BUSOS PARA MARICULTURA MUNDO SUDMARINO 2</name>
	<description>ASOCIACION DE PESCADORES ARTESANALES Y BUSOS PARA MARICULTURA MUNDO SUDMARINO 2</description>
	<Style><LineStyle><color>ff0000ff</color></LineStyle><PolyStyle><fill>0</fill></PolyStyle></Style>
	<ExtendedData><SchemaData schemaUrl="#Areas_de_Derechos_Acuícolas">
		<SimpleData name="CODIGO">5458</SimpleData>
		<SimpleData name="RESOLUCION">R.D.R. Nº 536-2010-GOBIERNO REGIONAL PIURA-DIREPRO-DR</SimpleData>
		<SimpleData name="FECHA_EMIS">2010/10/14</SimpleData>
		<SimpleData name="FECHA_VIGE">2040/10/14</SimpleData>
		<SimpleData name="AREA_TOTAL">77.07000000</SimpleData>
		<SimpleData name="NRO_ZONA">1</SimpleData>
		<SimpleData name="AREA_ZONA_">77.07000000</SimpleData>
		<SimpleData name="ESPECIE">CONCHA DE ABANICO</SimpleData>
		<SimpleData name="AMBITO">MARICULTURA</SimpleData>
		<SimpleData name="TIPO_DEREC">CONCESION</SimpleData>
		<SimpleData name="CATEGORIA_">ACUICULTURA DE MICRO Y PEQUEÑA EMPRESA (AMYPE)</SimpleData>
		<SimpleData name="ESTADO">VIGENTE</SimpleData>
		<SimpleData name="DEPARTAMEN">PIURA</SimpleData>
		<SimpleData name="PROVINCIA">SECHURA</SimpleData>
		<SimpleData name="DISTRITO">SECHURA</SimpleData>
		<SimpleData name="ZONA">LOTE 43 - CONSTANTE</SimpleData>
		<SimpleData name="RESOLUCI_1">R.D.R. Nº 158-2024-GOBIERNO REGIONAL PIURA-DIREPRO-DR</SimpleData>
		<SimpleData name="FECHA_MODI">2024/03/07</SimpleData>
		<SimpleData name="TIPO_COORD">UBICACIÓN RD</SimpleData>
		<SimpleData name="DATUM">WGS 84</SimpleData>
		<SimpleData name="LATITUD">PTO A 05°40'54.8990&quot; ,  PTO B 05°40'54.8990&quot; ,  PTO C 05°41'24.0270&quot; ,  PTO D 05°41'24.0270&quot;</SimpleData>
		<SimpleData name="LONGITUD">PTO A 80°53'36.5540&quot; ,  PTO B 80°53'07.4760&quot; ,  PTO C 80°53'09.6040&quot; ,  PTO D 80°53'36.5540&quot;</SimpleData>
		<SimpleData name="FLAG">1</SimpleData>
		<SimpleData name="Shape_STAr">0.00006296233</SimpleData>
		<SimpleData name="Shape_STLe">0.03176711918</SimpleData>
	</SchemaData></ExtendedData>
      <Polygon><outerBoundaryIs><LinearRing><coordinates>-80.886001111,-5.6900075 -80.8934872219999,-5.6900075 -80.8934872219999,-5.68191638899996 -80.88541,-5.68191638899996 -80.886001111,-5.6900075</coordinates></LinearRing></outerBoundaryIs></Polygon>
  </Placemark>
  <Placemark>
	<name>ACUICOLA JEOVA MI PROVEDOR SOCIEDAD ANONIMA CERRADA</name>
	<description>ACUICOLA JEOVA MI PROVEDOR SOCIEDAD ANONIMA CERRADA</description>
	<Style><LineStyle><color>ff0000ff</color></LineStyle><PolyStyle><fill>0</fill></PolyStyle></Style>
	<ExtendedData><SchemaData schemaUrl="#Areas_de_Derechos_Acuícolas">
		<SimpleData name="CODIGO">20913</SimpleData>
		<SimpleData name="RESOLUCION">R.D.R. Nº 96-2024-GOBIERNO REGIONAL PIURA-DRP-DR</SimpleData>
		<SimpleData name="FECHA_EMIS">2024/02/09</SimpleData>
		<SimpleData name="FECHA_VIGE">2054/02/09</SimpleData>
		<SimpleData name="AREA_TOTAL">20.25200000</SimpleData>
		<SimpleData name="NRO_ZONA">1</SimpleData>
		<SimpleData name="AREA_ZONA_">20.25200000</SimpleData>
		<SimpleData name="ESPECIE">CONCHA DE ABANICO</SimpleData>
		<SimpleData name="AMBITO">MARICULTURA</SimpleData>
		<SimpleData name="TIPO_DEREC">CONCESION</SimpleData>
		<SimpleData name="CATEGORIA_">ACUICULTURA DE MICRO Y PEQUEÑA EMPRESA (AMYPE)</SimpleData>
		<SimpleData name="ESTADO">VIGENTE</SimpleData>
		<SimpleData name="DEPARTAMEN">PIURA</SimpleData>
		<SimpleData name="PROVINCIA">SECHURA</SimpleData>
		<SimpleData name="DISTRITO">SECHURA</SimpleData>
		<SimpleData name="ZONA">LOTE 8-C CHULLIYACHI</SimpleData>
		<SimpleData name="TIPO_COORD">UBICACIÓN RD</SimpleData>
		<SimpleData name="DATUM">WGS 84</SimpleData>
		<SimpleData name="LATITUD">PTO A 05°35'08.6030&quot; ,  PTO B 05°35'08.6010&quot; ,  PTO C 05°35'23.2580&quot; ,  PTO D 05°35'23.2580&quot;</SimpleData>
		<SimpleData name="LONGITUD">PTO A 80°55'40.6230&quot; ,  PTO B 80°55'25.9960&quot; ,  PTO C 80°55'25.9950&quot; ,  PTO D 80°55'40.6250&quot;</SimpleData>
		<SimpleData name="FLAG">1</SimpleData>
		<SimpleData name="Shape_STAr">0.00001654285</SimpleData>
		<SimpleData name="Shape_STLe">0.01626916675</SimpleData>
	</SchemaData></ExtendedData>
      <Polygon><outerBoundaryIs><LinearRing><coordinates>-80.9238875,-5.58979388899997 -80.9279513889999,-5.58979388899997 -80.927950833,-5.58572305599994 -80.9238877779999,-5.58572249999999 -80.9238875,-5.58979388899997</coordinates></LinearRing></outerBoundaryIs></Polygon>
  </Placemark>
  <Placemark>
	<name>DE BAYOVAR MUNDO MARINO SOCIEDAD ANONIMA CERRADA - DE BAYOVAR MUNDO MARINO S.A.C.</name>
	<description>DE BAYOVAR MUNDO MARINO SOCIEDAD ANONIMA CERRADA - DE BAYOVAR MUNDO MARINO S.A.C.</description>
	<Style><LineStyle><color>ff0000ff</color></LineStyle><PolyStyle><fill>0</fill></PolyStyle></Style>
	<ExtendedData><SchemaData schemaUrl="#Areas_de_Derechos_Acuícolas">
		<SimpleData name="CODIGO">12589</SimpleData>
		<SimpleData name="RESOLUCION">R.D.R. Nº 1054-2018-GOBIERNO REGIONAL PIURA-DRP-DR</SimpleData>
		<SimpleData name="FECHA_EMIS">2018/12/31</SimpleData>
		<SimpleData name="FECHA_VIGE">2028/12/31</SimpleData>
		<SimpleData name="AREA_TOTAL">30.70000000</SimpleData>
		<SimpleData name="NRO_ZONA">1</SimpleData>
		<SimpleData name="AREA_ZONA_">30.70000000</SimpleData>
		<SimpleData name="ESPECIE">CONCHA DE ABANICO</SimpleData>
		<SimpleData name="AMBITO">MARICULTURA</SimpleData>
		<SimpleData name="TIPO_DEREC">CONCESION</SimpleData>
		<SimpleData name="CATEGORIA_">ACUICULTURA DE MICRO Y PEQUEÑA EMPRESA (AMYPE)</SimpleData>
		<SimpleData name="ESTADO">VIGENTE</SimpleData>
		<SimpleData name="DEPARTAMEN">PIURA</SimpleData>
		<SimpleData name="PROVINCIA">SECHURA</SimpleData>
		<SimpleData name="DISTRITO">SECHURA</SimpleData>
		<SimpleData name="ZONA">LOTE 17, PUERTO RICO-BAYOVAR</SimpleData>
		<SimpleData name="RESOLUCI_1">R.D.R.Nº  23 -2019-GOBIERNO REGIONAL PIURA-DRP-DR</SimpleData>
		<SimpleData name="FECHA_MODI">2019/02/13</SimpleData>
		<SimpleData name="TIPO_COORD">UBICACIÓN RD</SimpleData>
		<SimpleData name="DATUM">WGS 84</SimpleData>
		<SimpleData name="LATITUD">PTO A 05°48'24.6490&quot; ,  PTO B 05°48'24.6490&quot; ,  PTO C 05°48'38.3790&quot; ,  PTO D 05°48'38.3790&quot;</SimpleData>
		<SimpleData name="LONGITUD">PTO A 81°00'23.0430&quot; ,  PTO B 80°59'59.3660&quot; ,  PTO C 80°59'59.3660&quot; ,  PTO D 81°00'23.0430&quot;</SimpleData>
		<SimpleData name="FLAG">1</SimpleData>
		<SimpleData name="Shape_STAr">0.00002508374</SimpleData>
		<SimpleData name="Shape_STLe">0.02078166667</SimpleData>
	</SchemaData></ExtendedData>
      <Polygon><outerBoundaryIs><LinearRing><coordinates>-80.999823889,-5.81066083299996 -81.006400833,-5.81066083299996 -81.006400833,-5.80684694399996 -80.999823889,-5.80684694399996 -80.999823889,-5.81066083299996</coordinates></LinearRing></outerBoundaryIs></Polygon>
  </Placemark>
  <Placemark>
	<name>ACUICULTORES JOSE SILVERIO OLAYA BALANDRA SOCIEDAD ANONIMA CERRADA</name>
	<description>ACUICULTORES JOSE SILVERIO OLAYA BALANDRA SOCIEDAD ANONIMA CERRADA</description>
	<Style><LineStyle><color>ff0000ff</color></LineStyle><PolyStyle><fill>0</fill></PolyStyle></Style>
	<ExtendedData><SchemaData schemaUrl="#Areas_de_Derechos_Acuícolas">
		<SimpleData name="CODIGO">20788</SimpleData>
		<SimpleData name="RESOLUCION">R.D.R. Nº 939-2023-GOBIERNO REGIONAL PIURA-DRP-DR</SimpleData>
		<SimpleData name="FECHA_EMIS">2023/12/21</SimpleData>
		<SimpleData name="FECHA_VIGE">2053/12/21</SimpleData>
		<SimpleData name="AREA_TOTAL">24.30000000</SimpleData>
		<SimpleData name="NRO_ZONA">1</SimpleData>
		<SimpleData name="AREA_ZONA_">24.30000000</SimpleData>
		<SimpleData name="ESPECIE">CONCHA DE ABANICO</SimpleData>
		<SimpleData name="AMBITO">MARICULTURA</SimpleData>
		<SimpleData name="TIPO_DEREC">CONCESION</SimpleData>
		<SimpleData name="CATEGORIA_">ACUICULTURA DE MICRO Y PEQUEÑA EMPRESA (AMYPE)</SimpleData>
		<SimpleData name="ESTADO">VIGENTE</SimpleData>
		<SimpleData name="DEPARTAMEN">PIURA</SimpleData>
		<SimpleData name="PROVINCIA">SECHURA</SimpleData>
		<SimpleData name="DISTRITO">SECHURA</SimpleData>
		<SimpleData name="ZONA">LOTE 6-A - CHULLIYACHI</SimpleData>
		<SimpleData name="RESOLUCI_1">R.D.R. Nº 341-2024-GOBIERNO REGIONAL PIURA-DRP-DR</SimpleData>
		<SimpleData name="FECHA_MODI">2024/04/16</SimpleData>
		<SimpleData name="TIPO_COORD">UBICACIÓN RD</SimpleData>
		<SimpleData name="DATUM">WGS 84</SimpleData>
		<SimpleData name="LATITUD">PTO A 05°34'14.8630&quot; ,  PTO B 05°34'14.8630&quot; ,  PTO C 05°34'29.7940&quot; ,  PTO D 05°34'47.4340&quot; ,  PTO E 05°34'47.4340&quot;</SimpleData>
		<SimpleData name="LONGITUD">PTO A 80°55'04.7820&quot; ,  PTO B 80°55'02.0660&quot; ,  PTO C 80°54'55.4600&quot; ,  PTO D 80°54'55.4600&quot; ,  PTO E 80°55'04.8720&quot;</SimpleData>
		<SimpleData name="FLAG">1</SimpleData>
		<SimpleData name="Shape_STAr">0.00001973576</SimpleData>
		<SimpleData name="Shape_STLe">0.02185172730</SimpleData>
	</SchemaData></ExtendedData>
      <Polygon><outerBoundaryIs><LinearRing><coordinates>-80.9154055559999,-5.57984277799995 -80.91802,-5.57984277799995 -80.9179949999999,-5.57079527799992 -80.917240556,-5.57079527799992 -80.9154055559999,-5.57494277799998 -80.9154055559999,-5.57984277799995</coordinates></LinearRing></outerBoundaryIs></Polygon>
  </Placemark>
  <Placemark>
	<name>INVERSIONES OLA CABALLITO DE MAR SOCIEDAD ANONIMA CERRADA</name>
	<description>INVERSIONES OLA CABALLITO DE MAR SOCIEDAD ANONIMA CERRADA</description>
	<Style><LineStyle><color>ff0000ff</color></LineStyle><PolyStyle><fill>0</fill></PolyStyle></Style>
	<ExtendedData><SchemaData schemaUrl="#Areas_de_Derechos_Acuícolas">
		<SimpleData name="CODIGO">11009</SimpleData>
		<SimpleData name="RESOLUCION">R.D.R. Nº 464-2018-GOBIERNO REGIONAL PIURA-DRP-DR</SimpleData>
		<SimpleData name="FECHA_EMIS">2018/04/27</SimpleData>
		<SimpleData name="FECHA_VIGE">2028/04/27</SimpleData>
		<SimpleData name="AREA_TOTAL">20.49000000</SimpleData>
		<SimpleData name="NRO_ZONA">1</SimpleData>
		<SimpleData name="AREA_ZONA_">20.49000000</SimpleData>
		<SimpleData name="ESPECIE">CONCHA DE ABANICO</SimpleData>
		<SimpleData name="AMBITO">MARICULTURA</SimpleData>
		<SimpleData name="TIPO_DEREC">CONCESION</SimpleData>
		<SimpleData name="CATEGORIA_">ACUICULTURA DE MICRO Y PEQUEÑA EMPRESA (AMYPE)</SimpleData>
		<SimpleData name="ESTADO">VIGENTE</SimpleData>
		<SimpleData name="DEPARTAMEN">PIURA</SimpleData>
		<SimpleData name="PROVINCIA">SECHURA</SimpleData>
		<SimpleData name="DISTRITO">SECHURA</SimpleData>
		<SimpleData name="ZONA">LOTE 91-C - PARACHIQUE</SimpleData>
		<SimpleData name="OBS_MODIFI">MEDIANTE R.D. N° 1271-2018-MGP/DGCG SE DECLARA IMPROCEDENTE LA SOLICITUD DE DERECHO DE USO DE AREA ACTUATICA PARA DESARROLLO DE ACUICULTURA DE MICRO Y PEQUEÑA EMPRESA - AMYPE.</SimpleData>
		<SimpleData name="TIPO_COORD">UBICACIÓN RD</SimpleData>
		<SimpleData name="DATUM">WGS 84</SimpleData>
		<SimpleData name="LATITUD">PTO A 05°45'43.4660&quot; ,  PTO B 05°45'43.4660&quot; ,  PTO C 05°45'56.5100&quot; ,  PTO D 05°45'56.5100&quot;</SimpleData>
		<SimpleData name="LONGITUD">PTO A 80°55'02.5755&quot; ,  PTO B 80°54'45.9400&quot; ,  PTO C 80°54'45.9400&quot; ,  PTO D 80°55'02.5755&quot;</SimpleData>
		<SimpleData name="FLAG">1</SimpleData>
		<SimpleData name="Shape_STAr">0.00001674332</SimpleData>
		<SimpleData name="Shape_STLe">0.01648861111</SimpleData>
	</SchemaData></ExtendedData>
      <Polygon><outerBoundaryIs><LinearRing><coordinates>-80.912761111,-5.76569722199996 -80.9173820829999,-5.76569722199996 -80.9173820829999,-5.76207388899993 -80.912761111,-5.76207388899993 -80.912761111,-5.76569722199996</coordinates></LinearRing></outerBoundaryIs></Polygon>
  </Placemark>
  <Placemark>
	<name>HIDRO MAR DE COSTA S.A.C</name>
	<description>HIDRO MAR DE COSTA S.A.C</description>
	<Style><LineStyle><color>ff0000ff</color></LineStyle><PolyStyle><fill>0</fill></PolyStyle></Style>
	<ExtendedData><SchemaData schemaUrl="#Areas_de_Derechos_Acuícolas">
		<SimpleData name="CODIGO">10980</SimpleData>
		<SimpleData name="RESOLUCION">R.D.R. Nº 428-2018-GOBIERNO REGIONAL PIURA-DRP-DR</SimpleData>
		<SimpleData name="FECHA_EMIS">2018/03/23</SimpleData>
		<SimpleData name="FECHA_VIGE">2028/03/23</SimpleData>
		<SimpleData name="AREA_TOTAL">24.31000000</SimpleData>
		<SimpleData name="NRO_ZONA">1</SimpleData>
		<SimpleData name="AREA_ZONA_">24.31000000</SimpleData>
		<SimpleData name="ESPECIE">CONCHA DE ABANICO</SimpleData>
		<SimpleData name="AMBITO">MARICULTURA</SimpleData>
		<SimpleData name="TIPO_DEREC">CONCESION</SimpleData>
		<SimpleData name="CATEGORIA_">ACUICULTURA DE MICRO Y PEQUEÑA EMPRESA (AMYPE)</SimpleData>
		<SimpleData name="ESTADO">VIGENTE</SimpleData>
		<SimpleData name="DEPARTAMEN">PIURA</SimpleData>
		<SimpleData name="PROVINCIA">SECHURA</SimpleData>
		<SimpleData name="DISTRITO">SECHURA</SimpleData>
		<SimpleData name="ZONA">LOTE 73-A, PARACHIQUE- BAHIA SECHURA</SimpleData>
		<SimpleData name="TIPO_COORD">UBICACIÓN RD</SimpleData>
		<SimpleData name="DATUM">WGS 84</SimpleData>
		<SimpleData name="LATITUD">PTO A 05°44'18.7840&quot; ,  PTO B 05°44'18.7840&quot; ,  PTO C 05°44'26.3979&quot; ,  PTO D 05°44'26.3979&quot;</SimpleData>
		<SimpleData name="LONGITUD">PTO A 80°56'25.3750&quot; ,  PTO B 80°55'52.1470&quot; ,  PTO C 80°55'50.9952&quot; ,  PTO D 80°56'25.3750&quot;</SimpleData>
		<SimpleData name="FLAG">1</SimpleData>
		<SimpleData name="Shape_STAr">0.00001985953</SimpleData>
		<SimpleData name="Shape_STLe">0.02303395195</SimpleData>
	</SchemaData></ExtendedData>
      <Polygon><outerBoundaryIs><LinearRing><coordinates>-80.930832,-5.74066608299993 -80.9403819439999,-5.74066608299993 -80.9403819439999,-5.73855111099991 -80.931151944,-5.73855111099991 -80.930832,-5.74066608299993</coordinates></LinearRing></outerBoundaryIs></Polygon>
  </Placemark>
  <Placemark>
	<name>SHALPONCITO SOCIEDAD ANONIMA CERRADA - SHALPONCITO S.A.C.</name>
	<description>SHALPONCITO SOCIEDAD ANONIMA CERRADA - SHALPONCITO S.A.C.</description>
	<Style><LineStyle><color>ff0000ff</color></LineStyle><PolyStyle><fill>0</fill></PolyStyle></Style>
	<ExtendedData><SchemaData schemaUrl="#Areas_de_Derechos_Acuícolas">
		<SimpleData name="CODIGO">10986</SimpleData>
		<SimpleData name="RESOLUCION">R.D.R. Nº 437-2018-GOBIERNO REGIONAL PIURA-DRP-DR</SimpleData>
		<SimpleData name="FECHA_EMIS">2018/03/28</SimpleData>
		<SimpleData name="FECHA_VIGE">2028/03/28</SimpleData>
		<SimpleData name="AREA_TOTAL">12.84000000</SimpleData>
		<SimpleData name="NRO_ZONA">1</SimpleData>
		<SimpleData name="AREA_ZONA_">12.84000000</SimpleData>
		<SimpleData name="ESPECIE">CONCHA DE ABANICO</SimpleData>
		<SimpleData name="AMBITO">MARICULTURA</SimpleData>
		<SimpleData name="TIPO_DEREC">CONCESION</SimpleData>
		<SimpleData name="CATEGORIA_">ACUICULTURA DE MICRO Y PEQUEÑA EMPRESA (AMYPE)</SimpleData>
		<SimpleData name="ESTADO">VIGENTE</SimpleData>
		<SimpleData name="DEPARTAMEN">PIURA</SimpleData>
		<SimpleData name="PROVINCIA">SECHURA</SimpleData>
		<SimpleData name="DISTRITO">SECHURA</SimpleData>
		<SimpleData name="ZONA">LOTE 115-B - VICHAYO</SimpleData>
		<SimpleData name="TIPO_COORD">UBICACIÓN RD</SimpleData>
		<SimpleData name="DATUM">WGS 84</SimpleData>
		<SimpleData name="LATITUD">PTO A 05°47'45.1317&quot; ,  PTO B 05°47'45.1317&quot; ,  PTO C 05°47'56.6240&quot; ,  PTO D 05°47'56.6240&quot;</SimpleData>
		<SimpleData name="LONGITUD">PTO A 80°57'34.6520&quot; ,  PTO B 80°57'22.8197&quot; ,  PTO C 80°57'22.8197&quot; ,  PTO D 80°57'34.6520&quot;</SimpleData>
		<SimpleData name="FLAG">1</SimpleData>
		<SimpleData name="Shape_STAr">0.00001049231</SimpleData>
		<SimpleData name="Shape_STLe">0.01295811111</SimpleData>
	</SchemaData></ExtendedData>
      <Polygon><outerBoundaryIs><LinearRing><coordinates>-80.9563388059999,-5.79906222199996 -80.9596255559999,-5.79906222199996 -80.9596255559999,-5.79586991699997 -80.9563388059999,-5.79586991699997 -80.9563388059999,-5.79906222199996</coordinates></LinearRing></outerBoundaryIs></Polygon>
  </Placemark>
  <Placemark>
	<name>ASOCIACION DE PESCADORES ARTESANALES PERU MAR</name>
	<description>ASOCIACION DE PESCADORES ARTESANALES PERU MAR</description>
	<Style><LineStyle><color>ff0000ff</color></LineStyle><PolyStyle><fill>0</fill></PolyStyle></Style>
	<ExtendedData><SchemaData schemaUrl="#Areas_de_Derechos_Acuícolas">
		<SimpleData name="CODIGO">20921</SimpleData>
		<SimpleData name="RESOLUCION">R.D.R. Nº 153-2024-GOBIERNO REGIONAL PIUR-DRP-DR</SimpleData>
		<SimpleData name="FECHA_EMIS">2024/03/04</SimpleData>
		<SimpleData name="FECHA_VIGE">2054/03/04</SimpleData>
		<SimpleData name="AREA_TOTAL">22.81500000</SimpleData>
		<SimpleData name="NRO_ZONA">1</SimpleData>
		<SimpleData name="AREA_ZONA_">22.81500000</SimpleData>
		<SimpleData name="ESPECIE">CONCHA DE ABANICO</SimpleData>
		<SimpleData name="AMBITO">MARICULTURA</SimpleData>
		<SimpleData name="TIPO_DEREC">CONCESION</SimpleData>
		<SimpleData name="CATEGORIA_">ACUICULTURA DE MICRO Y PEQUEÑA EMPRESA (AMYPE)</SimpleData>
		<SimpleData name="ESTADO">VIGENTE</SimpleData>
		<SimpleData name="DEPARTAMEN">PIURA</SimpleData>
		<SimpleData name="PROVINCIA">SECHURA</SimpleData>
		<SimpleData name="DISTRITO">SECHURA</SimpleData>
		<SimpleData name="ZONA">LOTE 140-K - CONSTANTE</SimpleData>
		<SimpleData name="TIPO_COORD">UBICACIÓN RD</SimpleData>
		<SimpleData name="DATUM">WGS 84</SimpleData>
		<SimpleData name="LATITUD">PTO A 05°39'55.8900&quot; ,  PTO B 05°39'55.8880&quot; ,  PTO C 05°40'13.0270&quot; ,  PTO D 05°40'13.0290&quot;</SimpleData>
		<SimpleData name="LONGITUD">PTO A 80°54'27.1920&quot; ,  PTO B 80°54'13.0980&quot; ,  PTO C 80°54'13.0950&quot; ,  PTO D 80°54'27.1890&quot;</SimpleData>
		<SimpleData name="FLAG">1</SimpleData>
		<SimpleData name="Shape_STAr">0.00001863866</SimpleData>
		<SimpleData name="Shape_STLe">0.01735166689</SimpleData>
	</SchemaData></ExtendedData>
      <Polygon><outerBoundaryIs><LinearRing><coordinates>-80.9036374999999,-5.67028527799994 -80.9075524999999,-5.67028583299999 -80.9075533329999,-5.66552499999998 -80.9036383329999,-5.66552444399993 -80.9036374999999,-5.67028527799994</coordinates></LinearRing></outerBoundaryIs></Polygon>
  </Placemark>
  <Placemark>
	<name>ASOCIACION DE PESCADORES ARTESANALES EXTRACTORES DE MARISCOS CRISTO LA ROCA</name>
	<description>ASOCIACION DE PESCADORES ARTESANALES EXTRACTORES DE MARISCOS CRISTO LA ROCA</description>
	<Style><LineStyle><color>ff0000ff</color></LineStyle><PolyStyle><fill>0</fill></PolyStyle></Style>
	<ExtendedData><SchemaData schemaUrl="#Areas_de_Derechos_Acuícolas">
		<SimpleData name="CODIGO">5768</SimpleData>
		<SimpleData name="RESOLUCION">R.D.R. Nº 228-2011-GOBIERNO REGIONAL PIURA-DIREPRO-DR</SimpleData>
		<SimpleData name="FECHA_EMIS">2011/06/10</SimpleData>
		<SimpleData name="FECHA_VIGE">2041/06/10</SimpleData>
		<SimpleData name="AREA_TOTAL">82.87000000</SimpleData>
		<SimpleData name="NRO_ZONA">1</SimpleData>
		<SimpleData name="AREA_ZONA_">82.87000000</SimpleData>
		<SimpleData name="ESPECIE">CONCHA DE ABANICO</SimpleData>
		<SimpleData name="AMBITO">MARICULTURA</SimpleData>
		<SimpleData name="TIPO_DEREC">CONCESION</SimpleData>
		<SimpleData name="CATEGORIA_">ACUICULTURA DE MICRO Y PEQUEÑA EMPRESA (AMYPE)</SimpleData>
		<SimpleData name="ESTADO">VIGENTE</SimpleData>
		<SimpleData name="DEPARTAMEN">PIURA</SimpleData>
		<SimpleData name="PROVINCIA">SECHURA</SimpleData>
		<SimpleData name="DISTRITO">SECHURA</SimpleData>
		<SimpleData name="ZONA">LOTE 89 - PARACHIQUE, BAHIA SECHURA</SimpleData>
		<SimpleData name="RESOLUCI_1">R.D. N° 008-2022-PRODUCE/DGA</SimpleData>
		<SimpleData name="FECHA_MODI">2022/04/01</SimpleData>
		<SimpleData name="TIPO_COORD">UBICACIÓN RD</SimpleData>
		<SimpleData name="DATUM">WGS 84</SimpleData>
		<SimpleData name="LATITUD">PTO A 05°45'49.0440&quot; ,  PTO B 05°45'49.0440&quot; ,  PTO C 05°46'16.0330&quot; ,  PTO D 05°46'16.0330&quot;</SimpleData>
		<SimpleData name="LONGITUD">PTO A 80°54'06.9220&quot; ,  PTO B 80°53'34.4060&quot; ,  PTO C 80°53'34.4060&quot; ,  PTO D 80°54'06.9220&quot;</SimpleData>
		<SimpleData name="FLAG">1</SimpleData>
		<SimpleData name="Shape_STAr">0.00006771407</SimpleData>
		<SimpleData name="Shape_STLe">0.03305833333</SimpleData>
	</SchemaData></ExtendedData>
      <Polygon><outerBoundaryIs><LinearRing><coordinates>-80.892890556,-5.77112027799996 -80.901922778,-5.77112027799996 -80.901922778,-5.76362333299996 -80.892890556,-5.76362333299996 -80.892890556,-5.77112027799996</coordinates></LinearRing></outerBoundaryIs></Polygon>
  </Placemark>
  <Placemark>
	<name>ASOCIACION DE EXTRACTORES DE PRODUCTOS HIDROBIOLOGICOS VIRGEN DEL CARMEN</name>
	<description>ASOCIACION DE EXTRACTORES DE PRODUCTOS HIDROBIOLOGICOS VIRGEN DEL CARMEN</description>
	<Style><LineStyle><color>ff0000ff</color></LineStyle><PolyStyle><fill>0</fill></PolyStyle></Style>
	<ExtendedData><SchemaData schemaUrl="#Areas_de_Derechos_Acuícolas">
		<SimpleData name="CODIGO">19834</SimpleData>
		<SimpleData name="RESOLUCION">R.D.R. Nº 684-2022-GOBIERNO REGIONAL  PIURA-DRP-DR</SimpleData>
		<SimpleData name="FECHA_EMIS">2022/09/01</SimpleData>
		<SimpleData name="FECHA_VIGE">2052/09/01</SimpleData>
		<SimpleData name="AREA_TOTAL">20.26500000</SimpleData>
		<SimpleData name="NRO_ZONA">1</SimpleData>
		<SimpleData name="AREA_ZONA_">20.26500000</SimpleData>
		<SimpleData name="ESPECIE">CONCHA DE ABANICO</SimpleData>
		<SimpleData name="AMBITO">MARICULTURA</SimpleData>
		<SimpleData name="TIPO_DEREC">CONCESION</SimpleData>
		<SimpleData name="CATEGORIA_">ACUICULTURA DE MICRO Y PEQUEÑA EMPRESA (AMYPE)</SimpleData>
		<SimpleData name="ESTADO">VIGENTE</SimpleData>
		<SimpleData name="DEPARTAMEN">PIURA</SimpleData>
		<SimpleData name="PROVINCIA">SECHURA</SimpleData>
		<SimpleData name="DISTRITO">SECHURA</SimpleData>
		<SimpleData name="ZONA">LOTE 59-C - LAS DELICIAS</SimpleData>
		<SimpleData name="RESOLUCI_1">R.D.R. N° 467-2023-GOBIERNO REGIONAL PIURA-DRP-DR.</SimpleData>
		<SimpleData name="FECHA_MODI">2023/08/11</SimpleData>
		<SimpleData name="TIPO_COORD">UBICACIÓN RD</SimpleData>
		<SimpleData name="DATUM">WGS 84</SimpleData>
		<SimpleData name="LATITUD">PTO A 05°43'25.0356&quot; ,  PTO B 05°43'39.6987&quot; ,  PTO C 05°43'39.6984&quot; ,  PTO D 05°43'25.0356&quot;</SimpleData>
		<SimpleData name="LONGITUD">PTO A 80°56'07.5012&quot; ,  PTO B 80°56'07.5012&quot; ,  PTO C 80°55'52.8672&quot; ,  PTO D 80°55'52.8672&quot;</SimpleData>
		<SimpleData name="FLAG">1</SimpleData>
		<SimpleData name="Shape_STAr">0.00001655691</SimpleData>
		<SimpleData name="Shape_STLe">0.01627608333</SimpleData>
	</SchemaData></ExtendedData>
      <Polygon><outerBoundaryIs><LinearRing><coordinates>-80.9313519999999,-5.72769399999989 -80.935417,-5.72769408299999 -80.935417,-5.72362099999995 -80.9313519999999,-5.72362099999995 -80.9313519999999,-5.72769399999989</coordinates></LinearRing></outerBoundaryIs></Polygon>
  </Placemark>
  <Placemark>
	<name>TECNOLOGIA Y PESCA ARTESANAL SOCIEDAD ANONIMA CERRADA</name>
	<description>TECNOLOGIA Y PESCA ARTESANAL SOCIEDAD ANONIMA CERRADA</description>
	<Style><LineStyle><color>ff0000ff</color></LineStyle><PolyStyle><fill>0</fill></PolyStyle></Style>
	<ExtendedData><SchemaData schemaUrl="#Areas_de_Derechos_Acuícolas">
		<SimpleData name="CODIGO">10982</SimpleData>
		<SimpleData name="RESOLUCION">R.D.R. Nº 430-2018-GOBIERNO REGIONAL PIURA-DRP-DR</SimpleData>
		<SimpleData name="FECHA_EMIS">2018/03/23</SimpleData>
		<SimpleData name="FECHA_VIGE">2028/03/23</SimpleData>
		<SimpleData name="AREA_TOTAL">32.00000000</SimpleData>
		<SimpleData name="NRO_ZONA">1</SimpleData>
		<SimpleData name="AREA_ZONA_">32.00000000</SimpleData>
		<SimpleData name="ESPECIE">CONCHA DE ABANICO</SimpleData>
		<SimpleData name="AMBITO">MARICULTURA</SimpleData>
		<SimpleData name="TIPO_DEREC">CONCESION</SimpleData>
		<SimpleData name="CATEGORIA_">ACUICULTURA DE MICRO Y PEQUEÑA EMPRESA (AMYPE)</SimpleData>
		<SimpleData name="ESTADO">VIGENTE</SimpleData>
		<SimpleData name="DEPARTAMEN">PIURA</SimpleData>
		<SimpleData name="PROVINCIA">SECHURA</SimpleData>
		<SimpleData name="DISTRITO">SECHURA</SimpleData>
		<SimpleData name="ZONA">LOTE 79-A, PARACHIQUE - BAHIA SECHURA</SimpleData>
		<SimpleData name="TIPO_COORD">UBICACIÓN RD</SimpleData>
		<SimpleData name="DATUM">WGS 84</SimpleData>
		<SimpleData name="LATITUD">PTO A 05°44'25.6490&quot; ,  PTO B 05°44'25.6490&quot; ,  PTO C 05°44'37.3050&quot; ,  PTO D 05°44'37.3050&quot;</SimpleData>
		<SimpleData name="LONGITUD">PTO A 80°54'09.1940&quot; ,  PTO B 80°53'40.1150&quot; ,  PTO C 80°53'40.1150&quot; ,  PTO D 80°54'09.1940&quot;</SimpleData>
		<SimpleData name="FLAG">1</SimpleData>
		<SimpleData name="Shape_STAr">0.00002615315</SimpleData>
		<SimpleData name="Shape_STLe">0.02263055555</SimpleData>
	</SchemaData></ExtendedData>
      <Polygon><outerBoundaryIs><LinearRing><coordinates>-80.894476389,-5.74369583299997 -80.902553889,-5.74369583299997 -80.902553889,-5.74045805599995 -80.894476389,-5.74045805599995 -80.894476389,-5.74369583299997</coordinates></LinearRing></outerBoundaryIs></Polygon>
  </Placemark>
  <Placemark>
	<name>NORT ACUICOLA SOCIEDAD ANONIMA CERRADA - NORT ACUICOLA S.A.C.</name>
	<description>NORT ACUICOLA SOCIEDAD ANONIMA CERRADA - NORT ACUICOLA S.A.C.</description>
	<Style><LineStyle><color>ff0000ff</color></LineStyle><PolyStyle><fill>0</fill></PolyStyle></Style>
	<ExtendedData><SchemaData schemaUrl="#Areas_de_Derechos_Acuícolas">
		<SimpleData name="CODIGO">20792</SimpleData>
		<SimpleData name="RESOLUCION">R.D.R. Nº 929-2023-GOBIERNO REGIONAL PIURA-DRP-DR</SimpleData>
		<SimpleData name="FECHA_EMIS">2023/12/19</SimpleData>
		<SimpleData name="FECHA_VIGE">2053/12/19</SimpleData>
		<SimpleData name="AREA_TOTAL">23.61400000</SimpleData>
		<SimpleData name="NRO_ZONA">1</SimpleData>
		<SimpleData name="AREA_ZONA_">23.61400000</SimpleData>
		<SimpleData name="ESPECIE">CONCHA DE ABANICO</SimpleData>
		<SimpleData name="AMBITO">MARICULTURA</SimpleData>
		<SimpleData name="TIPO_DEREC">CONCESION</SimpleData>
		<SimpleData name="CATEGORIA_">ACUICULTURA DE MICRO Y PEQUEÑA EMPRESA (AMYPE)</SimpleData>
		<SimpleData name="ESTADO">VIGENTE</SimpleData>
		<SimpleData name="DEPARTAMEN">PIURA</SimpleData>
		<SimpleData name="PROVINCIA">SECHURA</SimpleData>
		<SimpleData name="DISTRITO">SECHURA</SimpleData>
		<SimpleData name="ZONA">LOTE N° 140 -D - CONSTANTE</SimpleData>
		<SimpleData name="TIPO_COORD">UBICACIÓN RD</SimpleData>
		<SimpleData name="DATUM">WGS 84</SimpleData>
		<SimpleData name="LATITUD">PTO A 05°38'56.8220&quot; ,  PTO B 05°38'56.8200&quot; ,  PTO C 05°39'11.8390&quot; ,  PTO D 05°39'11.8420&quot;</SimpleData>
		<SimpleData name="LONGITUD">PTO A 80°54'24.6460&quot; ,  PTO B 80°54'07.9990&quot; ,  PTO C 80°54'07.9990&quot; ,  PTO D 80°54'24.6430&quot;</SimpleData>
		<SimpleData name="FLAG">1</SimpleData>
		<SimpleData name="Shape_STAr">0.00001929067</SimpleData>
		<SimpleData name="Shape_STLe">0.01759166686</SimpleData>
	</SchemaData></ExtendedData>
      <Polygon><outerBoundaryIs><LinearRing><coordinates>-80.9022219439999,-5.65328861099997 -80.9068452779999,-5.65328944399995 -80.9068461109999,-5.64911722199997 -80.9022219439999,-5.64911666699993 -80.9022219439999,-5.65328861099997</coordinates></LinearRing></outerBoundaryIs></Polygon>
  </Placemark>
  <Placemark>
	<name>&quot;ASOCIACION DE PESCADORES RECOLECTORES Y EXTRACTORES DE MARISCOS ARTESANALES PUERTO RICO&quot;</name>
	<description>&quot;ASOCIACION DE PESCADORES RECOLECTORES Y EXTRACTORES DE MARISCOS ARTESANALES PUERTO RICO&quot;</description>
	<Style><LineStyle><color>ff0000ff</color></LineStyle><PolyStyle><fill>0</fill></PolyStyle></Style>
	<ExtendedData><SchemaData schemaUrl="#Areas_de_Derechos_Acuícolas">
		<SimpleData name="CODIGO">7004</SimpleData>
		<SimpleData name="RESOLUCION">R.D.R. Nº 241-2014-GOBIERNO REGIONAL PIURA-DRP-DR</SimpleData>
		<SimpleData name="FECHA_EMIS">2014/08/21</SimpleData>
		<SimpleData name="FECHA_VIGE">2044/08/21</SimpleData>
		<SimpleData name="AREA_TOTAL">30.70000000</SimpleData>
		<SimpleData name="NRO_ZONA">1</SimpleData>
		<SimpleData name="AREA_ZONA_">30.70000000</SimpleData>
		<SimpleData name="ESPECIE">CONCHA DE ABANICO</SimpleData>
		<SimpleData name="AMBITO">MARICULTURA</SimpleData>
		<SimpleData name="TIPO_DEREC">CONCESION</SimpleData>
		<SimpleData name="CATEGORIA_">ACUICULTURA DE MEDIANA Y GRAN EMPRESA (AMYGE)</SimpleData>
		<SimpleData name="ESTADO">VIGENTE</SimpleData>
		<SimpleData name="DEPARTAMEN">PIURA</SimpleData>
		<SimpleData name="PROVINCIA">SECHURA</SimpleData>
		<SimpleData name="DISTRITO">SECHURA</SimpleData>
		<SimpleData name="ZONA">LOTE Nº 15, PUERTO RICO-BAYOVAR DE LA BAHIA DE SEC</SimpleData>
		<SimpleData name="RESOLUCI_1">R.D. Nº 102-2020-PRODUCE/DGA</SimpleData>
		<SimpleData name="FECHA_MODI">2020/07/16</SimpleData>
		<SimpleData name="TIPO_COORD">UBICACIÓN RD</SimpleData>
		<SimpleData name="DATUM">WGS 84</SimpleData>
		<SimpleData name="LATITUD">PTO A 05°48'21.0120&quot; ,  PTO B 05°48'21.0120&quot; ,  PTO C 05°48'38.2820&quot; ,  PTO D 05°48'38.2820&quot;</SimpleData>
		<SimpleData name="LONGITUD">PTO A 80°59'21.5790&quot; ,  PTO B 80°59'02.7520&quot; ,  PTO C 80°59'02.7520&quot; ,  PTO D 80°59'21.5790&quot;</SimpleData>
		<SimpleData name="FLAG">1</SimpleData>
		<SimpleData name="Shape_STAr">0.00002508814</SimpleData>
		<SimpleData name="Shape_STLe">0.02005388889</SimpleData>
	</SchemaData></ExtendedData>
      <Polygon><outerBoundaryIs><LinearRing><coordinates>-80.984097778,-5.81063388899995 -80.9893275,-5.81063388899995 -80.9893275,-5.80583666699995 -80.984097778,-5.80583666699995 -80.984097778,-5.81063388899995</coordinates></LinearRing></outerBoundaryIs></Polygon>
  </Placemark>
  <Placemark>
	<name>ASOCIACION DE PESCADORES ARTESANALES DE BAYOVAR ASOCIADOS</name>
	<description>ASOCIACION DE PESCADORES ARTESANALES DE BAYOVAR ASOCIADOS</description>
	<Style><LineStyle><color>ff0000ff</color></LineStyle><PolyStyle><fill>0</fill></PolyStyle></Style>
	<ExtendedData><SchemaData schemaUrl="#Areas_de_Derechos_Acuícolas">
		<SimpleData name="CODIGO">6615</SimpleData>
		<SimpleData name="RESOLUCION">R.D.R. Nº 220-2014-GOBIERNO REGIONAL PIURA-DRP-DR</SimpleData>
		<SimpleData name="FECHA_EMIS">2014/08/06</SimpleData>
		<SimpleData name="FECHA_VIGE">2044/08/06</SimpleData>
		<SimpleData name="AREA_TOTAL">30.70000000</SimpleData>
		<SimpleData name="NRO_ZONA">1</SimpleData>
		<SimpleData name="AREA_ZONA_">30.70580000</SimpleData>
		<SimpleData name="ESPECIE">CONCHA DE ABANICO</SimpleData>
		<SimpleData name="AMBITO">MARICULTURA</SimpleData>
		<SimpleData name="TIPO_DEREC">CONCESION</SimpleData>
		<SimpleData name="CATEGORIA_">ACUICULTURA DE MEDIANA Y GRAN EMPRESA (AMYGE)</SimpleData>
		<SimpleData name="ESTADO">VIGENTE</SimpleData>
		<SimpleData name="DEPARTAMEN">PIURA</SimpleData>
		<SimpleData name="PROVINCIA">SECHURA</SimpleData>
		<SimpleData name="DISTRITO">SECHURA</SimpleData>
		<SimpleData name="ZONA">LOTE 16 - PUERTO RICO - BAYOVAR, BAHIA SECHURA</SimpleData>
		<SimpleData name="RESOLUCI_1">R.D. Nº 016-2020-PRODUCE/DGA</SimpleData>
		<SimpleData name="FECHA_MODI">2020/06/26</SimpleData>
		<SimpleData name="TIPO_COORD">UBICACIÓN RD</SimpleData>
		<SimpleData name="DATUM">WGS 84</SimpleData>
		<SimpleData name="LATITUD">PTO A 5°48'24.228&quot; ,  PTO B 5°48'24.228&quot; ,  PTO C 5°48'34.637&quot; ,  PTO D 5°48'34.637&quot;</SimpleData>
		<SimpleData name="LONGITUD">PTO A 80°59'56.076&quot; ,  PTO B 80°59'24.833&quot; ,  PTO C 80°59'24.833&quot; ,  PTO D 80°59'56.076&quot;</SimpleData>
		<SimpleData name="FLAG">1</SimpleData>
		<SimpleData name="Shape_STAr">0.00002509099</SimpleData>
		<SimpleData name="Shape_STLe">0.02314000000</SimpleData>
	</SchemaData></ExtendedData>
      <Polygon><outerBoundaryIs><LinearRing><coordinates>-80.990231,-5.8096209999999 -80.99891,-5.8096209999999 -80.99891,-5.80672999999997 -80.990231,-5.80672999999997 -80.990231,-5.8096209999999</coordinates></LinearRing></outerBoundaryIs></Polygon>
  </Placemark>
  <Placemark>
	<name>ASOCIACION DE PESCADORES Y EXTRACTORES ARTESANALES LOS DELFINES DE PUERTO RICO-BAYOVAR-SECHURA</name>
	<description>ASOCIACION DE PESCADORES Y EXTRACTORES ARTESANALES LOS DELFINES DE PUERTO RICO-BAYOVAR-SECHURA</description>
	<Style><LineStyle><color>ff0000ff</color></LineStyle><PolyStyle><fill>0</fill></PolyStyle></Style>
	<ExtendedData><SchemaData schemaUrl="#Areas_de_Derechos_Acuícolas">
		<SimpleData name="CODIGO">6637</SimpleData>
		<SimpleData name="RESOLUCION">R.D.R. Nº 224-2014-GOBIERNO REGIONAL PIURA-DRP-DR</SimpleData>
		<SimpleData name="FECHA_EMIS">2014/08/07</SimpleData>
		<SimpleData name="FECHA_VIGE">2044/08/07</SimpleData>
		<SimpleData name="AREA_TOTAL">30.70000000</SimpleData>
		<SimpleData name="NRO_ZONA">1</SimpleData>
		<SimpleData name="AREA_ZONA_">30.70000000</SimpleData>
		<SimpleData name="ESPECIE">CONCHA DE ABANICO</SimpleData>
		<SimpleData name="AMBITO">MARICULTURA</SimpleData>
		<SimpleData name="TIPO_DEREC">CONCESION</SimpleData>
		<SimpleData name="CATEGORIA_">ACUICULTURA DE MEDIANA Y GRAN EMPRESA (AMYGE)</SimpleData>
		<SimpleData name="ESTADO">VIGENTE</SimpleData>
		<SimpleData name="DEPARTAMEN">PIURA</SimpleData>
		<SimpleData name="PROVINCIA">SECHURA</SimpleData>
		<SimpleData name="DISTRITO">SECHURA</SimpleData>
		<SimpleData name="ZONA">LOTE 21 - PUERTO RICO - BAYOVAR, BAHIA SECHURA</SimpleData>
		<SimpleData name="RESOLUCI_1">R.D. N° 089-2020-PRODUCE/DGA</SimpleData>
		<SimpleData name="FECHA_MODI">2020/07/14</SimpleData>
		<SimpleData name="TIPO_COORD">UBICACIÓN RD</SimpleData>
		<SimpleData name="DATUM">WGS 84</SimpleData>
		<SimpleData name="LATITUD">PTO A 05°48'41.5470&quot; ,  PTO B 05°48'41.5470&quot; ,  PTO C 05°48'58.4030&quot; ,  PTO D 05°48'58.4610&quot; ,  PTO E 05°48'59.8480&quot; ,  PTO F 5°48'58.205&quot;</SimpleData>
		<SimpleData name="LONGITUD">PTO A 80°59'21.5810&quot; ,  PTO B 80°59'02.7220&quot; ,  PTO C 80°59'02.7220&quot; ,  PTO D 80°59'11.6790&quot; ,  PTO E 80°59'14.8940&quot; ,  PTO F 80°59'21.581&quot;</SimpleData>
		<SimpleData name="FLAG">1</SimpleData>
		<SimpleData name="Shape_STAr">0.00002505633</SimpleData>
		<SimpleData name="Shape_STLe">0.01992143170</SimpleData>
	</SchemaData></ExtendedData>
      <Polygon><outerBoundaryIs><LinearRing><coordinates>-80.9865775,-5.81623916699992 -80.987470556,-5.81662444399992 -80.9893279999999,-5.81616799999999 -80.9893280559999,-5.81154083299994 -80.9840894439999,-5.81154083299994 -80.9840894439999,-5.81622305599992 -80.9865775,-5.81623916699992</coordinates></LinearRing></outerBoundaryIs></Polygon>
  </Placemark>
  <Placemark>
	<name>ASOCIACION DE PESCADORES ARTESANALES ACUICULTORES REY JOSIAS</name>
	<description>ASOCIACION DE PESCADORES ARTESANALES ACUICULTORES REY JOSIAS</description>
	<Style><LineStyle><color>ff0000ff</color></LineStyle><PolyStyle><fill>0</fill></PolyStyle></Style>
	<ExtendedData><SchemaData schemaUrl="#Areas_de_Derechos_Acuícolas">
		<SimpleData name="CODIGO">7005</SimpleData>
		<SimpleData name="RESOLUCION">R.D.R. Nº 242-2014-GOBIERNOREGIONAL.PIURA-DRP-DR</SimpleData>
		<SimpleData name="FECHA_EMIS">2014/08/21</SimpleData>
		<SimpleData name="FECHA_VIGE">2044/08/21</SimpleData>
		<SimpleData name="AREA_TOTAL">30.70000000</SimpleData>
		<SimpleData name="NRO_ZONA">1</SimpleData>
		<SimpleData name="AREA_ZONA_">30.70000000</SimpleData>
		<SimpleData name="ESPECIE">CONCHA DE ABANICO</SimpleData>
		<SimpleData name="AMBITO">MARICULTURA</SimpleData>
		<SimpleData name="TIPO_DEREC">CONCESION</SimpleData>
		<SimpleData name="CATEGORIA_">ACUICULTURA DE MEDIANA Y GRAN EMPRESA (AMYGE)</SimpleData>
		<SimpleData name="ESTADO">VIGENTE</SimpleData>
		<SimpleData name="DEPARTAMEN">PIURA</SimpleData>
		<SimpleData name="PROVINCIA">SECHURA</SimpleData>
		<SimpleData name="DISTRITO">SECHURA</SimpleData>
		<SimpleData name="ZONA">LOTE Nº 11, ZONA PUERTO RICO-BAYOVAR, DE LA BAHIA</SimpleData>
		<SimpleData name="RESOLUCI_1">R.D. Nº 145-2020-PRODUCE/DGA</SimpleData>
		<SimpleData name="FECHA_MODI">2020/08/20</SimpleData>
		<SimpleData name="TIPO_COORD">UBICACIÓN RD</SimpleData>
		<SimpleData name="DATUM">WGS 84</SimpleData>
		<SimpleData name="LATITUD">PTO A 05°48'10.5140&quot; ,  PTO B 05°48'10.5140&quot; ,  PTO C 05°48'20.9490&quot; ,  PTO D 05°48'20.9490&quot;</SimpleData>
		<SimpleData name="LONGITUD">PTO A 80°59'55.9670&quot; ,  PTO B 80°59'24.8170&quot; ,  PTO C 80°59'24.8170&quot; ,  PTO D 80°59'55.9670&quot;</SimpleData>
		<SimpleData name="FLAG">1</SimpleData>
		<SimpleData name="Shape_STAr">0.00002508104</SimpleData>
		<SimpleData name="Shape_STLe">0.02310277778</SimpleData>
	</SchemaData></ExtendedData>
      <Polygon><outerBoundaryIs><LinearRing><coordinates>-80.990226944,-5.80581916699992 -80.9988797219999,-5.80581916699992 -80.9988797219999,-5.80292055599999 -80.990226944,-5.80292055599999 -80.990226944,-5.80581916699992</coordinates></LinearRing></outerBoundaryIs></Polygon>
  </Placemark>
  <Placemark>
	<name>ASOCIACION DE EXTRACTORES RECOLECTORES DE MARISCOS ARTESANALES PADRE DIOS</name>
	<description>ASOCIACION DE EXTRACTORES RECOLECTORES DE MARISCOS ARTESANALES PADRE DIOS</description>
	<Style><LineStyle><color>ff0000ff</color></LineStyle><PolyStyle><fill>0</fill></PolyStyle></Style>
	<ExtendedData><SchemaData schemaUrl="#Areas_de_Derechos_Acuícolas">
		<SimpleData name="CODIGO">5265</SimpleData>
		<SimpleData name="RESOLUCION">R.D.R. Nº 404-2010-GOBIERNO REGIONAL PIURA-DIREPRO-DR</SimpleData>
		<SimpleData name="FECHA_EMIS">2010/08/12</SimpleData>
		<SimpleData name="FECHA_VIGE">2040/08/12</SimpleData>
		<SimpleData name="AREA_TOTAL">100.00000000</SimpleData>
		<SimpleData name="NRO_ZONA">1</SimpleData>
		<SimpleData name="AREA_ZONA_">100.00000000</SimpleData>
		<SimpleData name="ESPECIE">CONCHA DE ABANICO</SimpleData>
		<SimpleData name="AMBITO">MARICULTURA</SimpleData>
		<SimpleData name="TIPO_DEREC">CONCESION</SimpleData>
		<SimpleData name="CATEGORIA_">ACUICULTURA DE MEDIANA Y GRAN EMPRESA (AMYGE)</SimpleData>
		<SimpleData name="ESTADO">VIGENTE</SimpleData>
		<SimpleData name="DEPARTAMEN">PIURA</SimpleData>
		<SimpleData name="PROVINCIA">SECHURA</SimpleData>
		<SimpleData name="DISTRITO">SECHURA</SimpleData>
		<SimpleData name="ZONA">LOTE 23 - MATACABALLO</SimpleData>
		<SimpleData name="RESOLUCI_1">R.D. Nº 119-2020-PRODUCE/DGA</SimpleData>
		<SimpleData name="FECHA_MODI">2020/07/30</SimpleData>
		<SimpleData name="TIPO_COORD">UBICACIÓN RD</SimpleData>
		<SimpleData name="DATUM">WGS 84</SimpleData>
		<SimpleData name="LATITUD">PTO A 05°36'38.1620&quot; ,  PTO B 05°36'38.1620&quot; ,  PTO C 05°37'10.7300&quot; ,  PTO D 05°37'10.7300&quot;</SimpleData>
		<SimpleData name="LONGITUD">PTO A 80°55'04.8720&quot; ,  PTO B 80°54'32.3620&quot; ,  PTO C 80°54'32.3620&quot; ,  PTO D 80°55'04.8720&quot;</SimpleData>
		<SimpleData name="FLAG">1</SimpleData>
		<SimpleData name="Shape_STAr">0.00008169643</SimpleData>
		<SimpleData name="Shape_STLe">0.03615444444</SimpleData>
	</SchemaData></ExtendedData>
      <Polygon><outerBoundaryIs><LinearRing><coordinates>-80.908989444,-5.61964722199993 -80.91802,-5.61964722199993 -80.91802,-5.61060055599996 -80.908989444,-5.61060055599996 -80.908989444,-5.61964722199993</coordinates></LinearRing></outerBoundaryIs></Polygon>
  </Placemark>
  <Placemark>
	<name>ASOCIACION DE PESCADORES ARTESANALES EXTRACTORES DE MARISCOS SAN MARTIN DE TOURS</name>
	<description>ASOCIACION DE PESCADORES ARTESANALES EXTRACTORES DE MARISCOS SAN MARTIN DE TOURS</description>
	<Style><LineStyle><color>ff0000ff</color></LineStyle><PolyStyle><fill>0</fill></PolyStyle></Style>
	<ExtendedData><SchemaData schemaUrl="#Areas_de_Derechos_Acuícolas">
		<SimpleData name="CODIGO">5264</SimpleData>
		<SimpleData name="RESOLUCION">R.D.R. Nº 403-2010-GOBIERNO REGIONAL PIURA-DIREPRO-DR</SimpleData>
		<SimpleData name="FECHA_EMIS">2010/08/12</SimpleData>
		<SimpleData name="FECHA_VIGE">2040/08/12</SimpleData>
		<SimpleData name="AREA_TOTAL">100.00000000</SimpleData>
		<SimpleData name="NRO_ZONA">1</SimpleData>
		<SimpleData name="AREA_ZONA_">100.00000000</SimpleData>
		<SimpleData name="ESPECIE">CONCHA DE ABANICO</SimpleData>
		<SimpleData name="AMBITO">MARICULTURA</SimpleData>
		<SimpleData name="TIPO_DEREC">CONCESION</SimpleData>
		<SimpleData name="CATEGORIA_">ACUICULTURA DE MEDIANA Y GRAN EMPRESA (AMYGE)</SimpleData>
		<SimpleData name="ESTADO">VIGENTE</SimpleData>
		<SimpleData name="DEPARTAMEN">PIURA</SimpleData>
		<SimpleData name="PROVINCIA">SECHURA</SimpleData>
		<SimpleData name="DISTRITO">SECHURA</SimpleData>
		<SimpleData name="ZONA">LOTE 16 - MATACABALLO</SimpleData>
		<SimpleData name="RESOLUCI_1">R.D. Nº 124-2020-PRODUCE/DGA</SimpleData>
		<SimpleData name="FECHA_MODI">2020/07/30</SimpleData>
		<SimpleData name="TIPO_COORD">UBICACIÓN RD</SimpleData>
		<SimpleData name="DATUM">WGS 84</SimpleData>
		<SimpleData name="LATITUD">PTO A 05°36'02.3390&quot; ,  PTO B 05°36'02.3390&quot; ,  PTO C 05°36'34.9060&quot; ,  PTO D 05°36'34.9060&quot;</SimpleData>
		<SimpleData name="LONGITUD">PTO A 80°55'04.8720&quot; ,  PTO B 80°54'32.3620&quot; ,  PTO C 80°54'32.3620&quot; ,  PTO D 80°55'04.8720&quot;</SimpleData>
		<SimpleData name="FLAG">1</SimpleData>
		<SimpleData name="Shape_STAr">0.00008169392</SimpleData>
		<SimpleData name="Shape_STLe">0.03615388889</SimpleData>
	</SchemaData></ExtendedData>
      <Polygon><outerBoundaryIs><LinearRing><coordinates>-80.908989444,-5.60969611099991 -80.91802,-5.60969611099991 -80.91802,-5.60064972199997 -80.908989444,-5.60064972199997 -80.908989444,-5.60969611099991</coordinates></LinearRing></outerBoundaryIs></Polygon>
  </Placemark>
  <Placemark>
	<name>ASOCIACION UNIFICADA DE EXTRACTORES MARISCOS Y PESCA SUBMARINA - BAHIA DE SECHURA</name>
	<description>ASOCIACION UNIFICADA DE EXTRACTORES MARISCOS Y PESCA SUBMARINA - BAHIA DE SECHURA</description>
	<Style><LineStyle><color>ff0000ff</color></LineStyle><PolyStyle><fill>0</fill></PolyStyle></Style>
	<ExtendedData><SchemaData schemaUrl="#Areas_de_Derechos_Acuícolas">
		<SimpleData name="CODIGO">5347</SimpleData>
		<SimpleData name="RESOLUCION">R.D.R. Nº 456-2010-GOBIERNO REGIONAL PIURA-DIREPRO-DR</SimpleData>
		<SimpleData name="FECHA_EMIS">2010/09/03</SimpleData>
		<SimpleData name="FECHA_VIGE">2040/09/03</SimpleData>
		<SimpleData name="AREA_TOTAL">80.00000000</SimpleData>
		<SimpleData name="NRO_ZONA">1</SimpleData>
		<SimpleData name="AREA_ZONA_">80.00000000</SimpleData>
		<SimpleData name="ESPECIE">CONCHA DE ABANICO</SimpleData>
		<SimpleData name="AMBITO">MARICULTURA</SimpleData>
		<SimpleData name="TIPO_DEREC">CONCESION</SimpleData>
		<SimpleData name="CATEGORIA_">ACUICULTURA DE MEDIANA Y GRAN EMPRESA (AMYGE)</SimpleData>
		<SimpleData name="ESTADO">VIGENTE</SimpleData>
		<SimpleData name="DEPARTAMEN">PIURA</SimpleData>
		<SimpleData name="PROVINCIA">SECHURA</SimpleData>
		<SimpleData name="DISTRITO">SECHURA</SimpleData>
		<SimpleData name="ZONA">LOTE 17 - MATACABALLO</SimpleData>
		<SimpleData name="RESOLUCI_1">R.D. Nº 098-2020-PRODUCE/DGA</SimpleData>
		<SimpleData name="FECHA_MODI">2020/07/14</SimpleData>
		<SimpleData name="TIPO_COORD">UBICACIÓN RD</SimpleData>
		<SimpleData name="DATUM">WGS 84</SimpleData>
		<SimpleData name="LATITUD">PTO A 05°36'09.2060&quot; ,  PTO B 05°36'09.2060&quot; ,  PTO C 05°36'38.3340&quot; ,  PTO D 05°36'38.3340&quot;</SimpleData>
		<SimpleData name="LONGITUD">PTO A 80°54'24.6910&quot; ,  PTO B 80°53'55.6170&quot; ,  PTO C 80°53'55.6170&quot; ,  PTO D 80°54'24.6910&quot;</SimpleData>
		<SimpleData name="FLAG">1</SimpleData>
		<SimpleData name="Shape_STAr">0.00006534471</SimpleData>
		<SimpleData name="Shape_STLe">0.03233444444</SimpleData>
	</SchemaData></ExtendedData>
      <Polygon><outerBoundaryIs><LinearRing><coordinates>-80.8987824999999,-5.61064833300001 -80.906858611,-5.61064833300001 -80.906858611,-5.60255722199997 -80.8987824999999,-5.60255722199997 -80.8987824999999,-5.61064833300001</coordinates></LinearRing></outerBoundaryIs></Polygon>
  </Placemark>
  <Placemark>
	<name>ASOCIACION DE PESCADORES ARTESANALES ACUICULTORES SECHURA EXPORT</name>
	<description>ASOCIACION DE PESCADORES ARTESANALES ACUICULTORES SECHURA EXPORT</description>
	<Style><LineStyle><color>ff0000ff</color></LineStyle><PolyStyle><fill>0</fill></PolyStyle></Style>
	<ExtendedData><SchemaData schemaUrl="#Areas_de_Derechos_Acuícolas">
		<SimpleData name="CODIGO">2277</SimpleData>
		<SimpleData name="RESOLUCION">R.D.R. Nº 087-2004-GRP-420020-100</SimpleData>
		<SimpleData name="FECHA_EMIS">2004/07/16</SimpleData>
		<SimpleData name="FECHA_VIGE">2039/01/22</SimpleData>
		<SimpleData name="AREA_TOTAL">99.16000000</SimpleData>
		<SimpleData name="NRO_ZONA">1</SimpleData>
		<SimpleData name="AREA_ZONA_">99.16000000</SimpleData>
		<SimpleData name="ESPECIE">CONCHA DE ABANICO</SimpleData>
		<SimpleData name="AMBITO">MARICULTURA</SimpleData>
		<SimpleData name="TIPO_DEREC">CONCESION</SimpleData>
		<SimpleData name="CATEGORIA_">ACUICULTURA DE MEDIANA Y GRAN EMPRESA (AMYGE)</SimpleData>
		<SimpleData name="ESTADO">VIGENTE</SimpleData>
		<SimpleData name="DEPARTAMEN">PIURA</SimpleData>
		<SimpleData name="PROVINCIA">SECHURA</SimpleData>
		<SimpleData name="DISTRITO">SECHURA</SimpleData>
		<SimpleData name="ZONA">LOTE 32 - MATACABALLO, BAHIA SECHURA</SimpleData>
		<SimpleData name="RESOLUCI_1">R.D. Nº 094-2020-PRODUCE/DGA</SimpleData>
		<SimpleData name="FECHA_MODI">2020/07/14</SimpleData>
		<SimpleData name="TIPO_COORD">UBICACIÓN RD</SimpleData>
		<SimpleData name="DATUM">WGS 84</SimpleData>
		<SimpleData name="LATITUD">PTO A 05°37'49.8000&quot; ,  PTO B 05°37'49.8000&quot; ,  PTO C 05°38'22.2000&quot; ,  PTO D 05°38'22.2000&quot;</SimpleData>
		<SimpleData name="LONGITUD">PTO A 80°53'55.6000&quot; ,  PTO B 80°54'28.0000&quot; ,  PTO C 80°54'28.0000&quot; ,  PTO D 80°53'55.6000&quot;</SimpleData>
		<SimpleData name="FLAG">1</SimpleData>
		<SimpleData name="Shape_STAr">0.00008100000</SimpleData>
		<SimpleData name="Shape_STLe">0.03600000000</SimpleData>
	</SchemaData></ExtendedData>
      <Polygon><outerBoundaryIs><LinearRing><coordinates>-80.8987777779999,-5.63949999999996 -80.9077777779999,-5.63949999999996 -80.9077777779999,-5.63049999999995 -80.8987777779999,-5.63049999999995 -80.8987777779999,-5.63949999999996</coordinates></LinearRing></outerBoundaryIs></Polygon>
  </Placemark>
  <Placemark>
	<name>ACUICULTORES LOS PALACIOS SAC</name>
	<description>ACUICULTORES LOS PALACIOS SAC</description>
	<Style><LineStyle><color>ff0000ff</color></LineStyle><PolyStyle><fill>0</fill></PolyStyle></Style>
	<ExtendedData><SchemaData schemaUrl="#Areas_de_Derechos_Acuícolas">
		<SimpleData name="CODIGO">6553</SimpleData>
		<SimpleData name="RESOLUCION">R.D.R. Nº 113-2014-GOBIERNO REGIONAL PIURA-DRP-DR</SimpleData>
		<SimpleData name="FECHA_EMIS">2014/04/10</SimpleData>
		<SimpleData name="FECHA_VIGE">2044/04/10</SimpleData>
		<SimpleData name="AREA_TOTAL">49.50000000</SimpleData>
		<SimpleData name="NRO_ZONA">1</SimpleData>
		<SimpleData name="AREA_ZONA_">49.50000000</SimpleData>
		<SimpleData name="ESPECIE">CONCHA DE ABANICO</SimpleData>
		<SimpleData name="AMBITO">MARICULTURA</SimpleData>
		<SimpleData name="TIPO_DEREC">CONCESION</SimpleData>
		<SimpleData name="CATEGORIA_">ACUICULTURA DE MEDIANA Y GRAN EMPRESA (AMYGE)</SimpleData>
		<SimpleData name="ESTADO">VIGENTE</SimpleData>
		<SimpleData name="DEPARTAMEN">PIURA</SimpleData>
		<SimpleData name="PROVINCIA">SECHURA</SimpleData>
		<SimpleData name="DISTRITO">SECHURA</SimpleData>
		<SimpleData name="ZONA">LOTE 06 - CONSTANTE, BAHIA SECHURA</SimpleData>
		<SimpleData name="RESOLUCI_1">R.D. Nº 010-2024-PRODUCE/DGA</SimpleData>
		<SimpleData name="FECHA_MODI">2024/03/27</SimpleData>
		<SimpleData name="TIPO_COORD">UBICACIÓN RD</SimpleData>
		<SimpleData name="DATUM">WGS 84</SimpleData>
		<SimpleData name="LATITUD">PTO A 05°40'15.5920&quot; ,  PTO B 05°40'15.6280&quot; ,  PTO C 05°40'31.7300&quot; ,  PTO D 05°40'31.7490&quot;</SimpleData>
		<SimpleData name="LONGITUD">PTO A 80°55'20.3060&quot; ,  PTO B 80°54'47.8020&quot; ,  PTO C 80°54'47.8210&quot; ,  PTO D 80°55'20.3050&quot;</SimpleData>
		<SimpleData name="FLAG">1</SimpleData>
		<SimpleData name="Shape_STAr">0.00004044074</SimpleData>
		<SimpleData name="Shape_STLe">0.02701306576</SimpleData>
	</SchemaData></ExtendedData>
      <Polygon><outerBoundaryIs><LinearRing><coordinates>-80.9132836109999,-5.67548055600001 -80.9223069439999,-5.67548583299991 -80.9223072219999,-5.67099777799992 -80.9132783329999,-5.67100777799994 -80.9132836109999,-5.67548055600001</coordinates></LinearRing></outerBoundaryIs></Polygon>
  </Placemark>
  <Placemark>
	<name>ASOCIACION DE PESCADORES ARTESANALES BEATITA DE HUMAY</name>
	<description>ASOCIACION DE PESCADORES ARTESANALES BEATITA DE HUMAY</description>
	<Style><LineStyle><color>ff0000ff</color></LineStyle><PolyStyle><fill>0</fill></PolyStyle></Style>
	<ExtendedData><SchemaData schemaUrl="#Areas_de_Derechos_Acuícolas">
		<SimpleData name="CODIGO">2278</SimpleData>
		<SimpleData name="RESOLUCION">R.D.R. Nº 095-2004-GRP-420020-100</SimpleData>
		<SimpleData name="FECHA_EMIS">2004/08/05</SimpleData>
		<SimpleData name="FECHA_VIGE">2039/01/22</SimpleData>
		<SimpleData name="AREA_TOTAL">100.31000000</SimpleData>
		<SimpleData name="NRO_ZONA">1</SimpleData>
		<SimpleData name="AREA_ZONA_">100.31000000</SimpleData>
		<SimpleData name="ESPECIE">CONCHA DE ABANICO</SimpleData>
		<SimpleData name="AMBITO">MARICULTURA</SimpleData>
		<SimpleData name="TIPO_DEREC">CONCESION</SimpleData>
		<SimpleData name="CATEGORIA_">ACUICULTURA DE MEDIANA Y GRAN EMPRESA (AMYGE)</SimpleData>
		<SimpleData name="ESTADO">VIGENTE</SimpleData>
		<SimpleData name="DEPARTAMEN">PIURA</SimpleData>
		<SimpleData name="PROVINCIA">SECHURA</SimpleData>
		<SimpleData name="DISTRITO">SECHURA</SimpleData>
		<SimpleData name="ZONA">LOTE 75 - PARACHIQUE</SimpleData>
		<SimpleData name="RESOLUCI_1">R.D. N° 087-2020-PRODUCE/DGA</SimpleData>
		<SimpleData name="FECHA_MODI">2020/07/14</SimpleData>
		<SimpleData name="TIPO_COORD">UBICACIÓN RD</SimpleData>
		<SimpleData name="DATUM">WGS 84</SimpleData>
		<SimpleData name="LATITUD">PTO A 05°44'11.0000&quot; ,  PTO B 05°44'08.7000&quot; ,  PTO C 05°44'40.8000&quot; ,  PTO D 05°44'44.7000&quot;</SimpleData>
		<SimpleData name="LONGITUD">PTO A 80°55'17.2000&quot; ,  PTO B 80°55'50.2000&quot; ,  PTO C 80°55'45.5000&quot; ,  PTO D 80°55'13.1000&quot;</SimpleData>
		<SimpleData name="FLAG">1</SimpleData>
		<SimpleData name="Shape_STAr">0.00008195910</SimpleData>
		<SimpleData name="Shape_STLe">0.03669574425</SimpleData>
	</SchemaData></ExtendedData>
      <Polygon><outerBoundaryIs><LinearRing><coordinates>-80.921444444,-5.73638888899997 -80.920305556,-5.74574999999994 -80.929305556,-5.74466666699992 -80.9306111109999,-5.73574999999996 -80.921444444,-5.73638888899997</coordinates></LinearRing></outerBoundaryIs></Polygon>
  </Placemark>
  <Placemark>
	<name>ASOCIACION DE PESCADORES ARTESANALES LOS TECOSA DE LA BOCANA PARACHIQUE</name>
	<description>ASOCIACION DE PESCADORES ARTESANALES LOS TECOSA DE LA BOCANA PARACHIQUE</description>
	<Style><LineStyle><color>ff0000ff</color></LineStyle><PolyStyle><fill>0</fill></PolyStyle></Style>
	<ExtendedData><SchemaData schemaUrl="#Areas_de_Derechos_Acuícolas">
		<SimpleData name="CODIGO">5258</SimpleData>
		<SimpleData name="RESOLUCION">R.D.R. Nº 397-2010-GOBIERNO REGIONAL PIURA-DIREPRO-DR</SimpleData>
		<SimpleData name="FECHA_EMIS">2010/08/12</SimpleData>
		<SimpleData name="FECHA_VIGE">2040/08/12</SimpleData>
		<SimpleData name="AREA_TOTAL">79.28000000</SimpleData>
		<SimpleData name="NRO_ZONA">1</SimpleData>
		<SimpleData name="AREA_ZONA_">79.28000000</SimpleData>
		<SimpleData name="ESPECIE">CONCHA DE ABANICO</SimpleData>
		<SimpleData name="AMBITO">MARICULTURA</SimpleData>
		<SimpleData name="TIPO_DEREC">CONCESION</SimpleData>
		<SimpleData name="CATEGORIA_">ACUICULTURA DE MEDIANA Y GRAN EMPRESA (AMYGE)</SimpleData>
		<SimpleData name="ESTADO">VIGENTE</SimpleData>
		<SimpleData name="DEPARTAMEN">PIURA</SimpleData>
		<SimpleData name="PROVINCIA">SECHURA</SimpleData>
		<SimpleData name="DISTRITO">SECHURA</SimpleData>
		<SimpleData name="ZONA">LOTE 76 - PARACHIQUE</SimpleData>
		<SimpleData name="RESOLUCI_1">R.D. Nº 076-2020-PRODUCE/DGA</SimpleData>
		<SimpleData name="FECHA_MODI">2020/06/30</SimpleData>
		<SimpleData name="TIPO_COORD">UBICACIÓN RD</SimpleData>
		<SimpleData name="DATUM">WGS 84</SimpleData>
		<SimpleData name="LATITUD">PTO A 05°43'53.2650&quot; ,  PTO B 05°43'53.2650&quot; ,  PTO C 05°44'22.3930&quot; ,  PTO D 05°44'22.3930&quot; ,  PTO E 05°44'11.8260&quot;</SimpleData>
		<SimpleData name="LONGITUD">PTO A 80°55'13.8540&quot; ,  PTO B 80°54'44.7750&quot; ,  PTO C 80°54'44.7750&quot; ,  PTO D 80°55'12.4230&quot; ,  PTO E 80°55'13.8540&quot;</SimpleData>
		<SimpleData name="FLAG">1</SimpleData>
		<SimpleData name="Shape_STAr">0.00006477256</SimpleData>
		<SimpleData name="Shape_STLe">0.03196651498</SimpleData>
	</SchemaData></ExtendedData>
      <Polygon><outerBoundaryIs><LinearRing><coordinates>-80.9124374999999,-5.73955361099999 -80.9201175,-5.73955361099999 -80.920515,-5.73661833299995 -80.920515,-5.73146249999995 -80.9124374999999,-5.73146249999995 -80.9124374999999,-5.73955361099999</coordinates></LinearRing></outerBoundaryIs></Polygon>
  </Placemark>
  <Placemark>
	<name>ASOCIACION DE EXTRACTORES ARTESANALES DE MARISCOS SAN MARTIN DE PORRAS</name>
	<description>ASOCIACION DE EXTRACTORES ARTESANALES DE MARISCOS SAN MARTIN DE PORRAS</description>
	<Style><LineStyle><color>ff0000ff</color></LineStyle><PolyStyle><fill>0</fill></PolyStyle></Style>
	<ExtendedData><SchemaData schemaUrl="#Areas_de_Derechos_Acuícolas">
		<SimpleData name="CODIGO">5278</SimpleData>
		<SimpleData name="RESOLUCION">R.D.R. Nº 417-2010-GOBIERNO REGIONAL PIURA-DIREPRO-DR</SimpleData>
		<SimpleData name="FECHA_EMIS">2010/08/12</SimpleData>
		<SimpleData name="FECHA_VIGE">2040/08/12</SimpleData>
		<SimpleData name="AREA_TOTAL">80.00000000</SimpleData>
		<SimpleData name="NRO_ZONA">1</SimpleData>
		<SimpleData name="AREA_ZONA_">80.00000000</SimpleData>
		<SimpleData name="ESPECIE">CONCHA DE ABANICO</SimpleData>
		<SimpleData name="AMBITO">MARICULTURA</SimpleData>
		<SimpleData name="TIPO_DEREC">CONCESION</SimpleData>
		<SimpleData name="CATEGORIA_">ACUICULTURA DE MEDIANA Y GRAN EMPRESA (AMYGE)</SimpleData>
		<SimpleData name="ESTADO">VIGENTE</SimpleData>
		<SimpleData name="DEPARTAMEN">PIURA</SimpleData>
		<SimpleData name="PROVINCIA">SECHURA</SimpleData>
		<SimpleData name="DISTRITO">SECHURA</SimpleData>
		<SimpleData name="ZONA">LOTE 77 - PARACHIQUE</SimpleData>
		<SimpleData name="RESOLUCI_1">R.D. Nº 046-2020-PRODUCE/DGA</SimpleData>
		<SimpleData name="FECHA_MODI">2020/06/30</SimpleData>
		<SimpleData name="TIPO_COORD">UBICACIÓN RD</SimpleData>
		<SimpleData name="DATUM">WGS 84</SimpleData>
		<SimpleData name="LATITUD">PTO A 05°43'53.265&quot; ,  PTO B 05°43'53.265&quot; ,  PTO C 05°44'22.393&quot; ,  PTO D 05°44'22.393&quot;</SimpleData>
		<SimpleData name="LONGITUD">PTO A 80°54'41.524&quot; ,  PTO B 80°54'12.445&quot; ,  PTO C 80°54'12.445&quot; ,  PTO D 80°54'41.524&quot;</SimpleData>
		<SimpleData name="FLAG">1</SimpleData>
		<SimpleData name="Shape_STAr">0.00006535595</SimpleData>
		<SimpleData name="Shape_STLe">0.03233722222</SimpleData>
	</SchemaData></ExtendedData>
      <Polygon><outerBoundaryIs><LinearRing><coordinates>-80.903456944,-5.73955361099999 -80.911534444,-5.73955361099999 -80.911534444,-5.73146249999995 -80.903456944,-5.73146249999995 -80.903456944,-5.73955361099999</coordinates></LinearRing></outerBoundaryIs></Polygon>
  </Placemark>
  <Placemark>
	<name>ASOCIACION DE EXTRACTORES ARTESANALES DE MARISCOS JESUS EN TI CONFIO DE PARACHIQUE</name>
	<description>ASOCIACION DE EXTRACTORES ARTESANALES DE MARISCOS JESUS EN TI CONFIO DE PARACHIQUE</description>
	<Style><LineStyle><color>ff0000ff</color></LineStyle><PolyStyle><fill>0</fill></PolyStyle></Style>
	<ExtendedData><SchemaData schemaUrl="#Areas_de_Derechos_Acuícolas">
		<SimpleData name="CODIGO">5334</SimpleData>
		<SimpleData name="RESOLUCION">R.D.R. Nº 433-2010-GOBIERNO REGIONAL PIURA-DIREPRO-DR</SimpleData>
		<SimpleData name="FECHA_EMIS">2010/08/19</SimpleData>
		<SimpleData name="FECHA_VIGE">2040/08/19</SimpleData>
		<SimpleData name="AREA_TOTAL">80.00000000</SimpleData>
		<SimpleData name="NRO_ZONA">1</SimpleData>
		<SimpleData name="AREA_ZONA_">80.00000000</SimpleData>
		<SimpleData name="ESPECIE">CONCHA DE ABANICO</SimpleData>
		<SimpleData name="AMBITO">MARICULTURA</SimpleData>
		<SimpleData name="TIPO_DEREC">CONCESION</SimpleData>
		<SimpleData name="CATEGORIA_">ACUICULTURA DE MEDIANA Y GRAN EMPRESA (AMYGE)</SimpleData>
		<SimpleData name="ESTADO">VIGENTE</SimpleData>
		<SimpleData name="DEPARTAMEN">PIURA</SimpleData>
		<SimpleData name="PROVINCIA">SECHURA</SimpleData>
		<SimpleData name="DISTRITO">SECHURA</SimpleData>
		<SimpleData name="ZONA">LOTE 78 - PARACHIQUE, BAHIA SECHURA</SimpleData>
		<SimpleData name="RESOLUCI_1">R.D. Nº 024-2020-PRODUCE/DGA</SimpleData>
		<SimpleData name="FECHA_MODI">2020/06/27</SimpleData>
		<SimpleData name="TIPO_COORD">UBICACIÓN RD</SimpleData>
		<SimpleData name="DATUM">WGS 84</SimpleData>
		<SimpleData name="LATITUD">PTO A 05°43'53.2650&quot; ,  PTO B 05°43'53.2650&quot; ,  PTO C 05°44'22.3930&quot; ,  PTO D 05°44'22.3930&quot;</SimpleData>
		<SimpleData name="LONGITUD">PTO A 80°54'09.1940&quot; ,  PTO B 80°53'40.1150&quot; ,  PTO C 80°53'40.1150&quot; ,  PTO D 80°54'09.1940&quot;</SimpleData>
		<SimpleData name="FLAG">1</SimpleData>
		<SimpleData name="Shape_STAr">0.00006535595</SimpleData>
		<SimpleData name="Shape_STLe">0.03233722222</SimpleData>
	</SchemaData></ExtendedData>
      <Polygon><outerBoundaryIs><LinearRing><coordinates>-80.894476389,-5.73955361099999 -80.902553889,-5.73955361099999 -80.902553889,-5.73146249999995 -80.894476389,-5.73146249999995 -80.894476389,-5.73955361099999</coordinates></LinearRing></outerBoundaryIs></Polygon>
  </Placemark>
  <Placemark>
	<name>ASOCIACION DE ACUICULTORES ARTESANALES JOSELYN EXPORT</name>
	<description>ASOCIACION DE ACUICULTORES ARTESANALES JOSELYN EXPORT</description>
	<Style><LineStyle><color>ff0000ff</color></LineStyle><PolyStyle><fill>0</fill></PolyStyle></Style>
	<ExtendedData><SchemaData schemaUrl="#Areas_de_Derechos_Acuícolas">
		<SimpleData name="CODIGO">5800</SimpleData>
		<SimpleData name="RESOLUCION">R.D.R. Nº 360-2011-GOBIERNO REGIONAL PIURA-DIREPRO-DR</SimpleData>
		<SimpleData name="FECHA_EMIS">2011/08/26</SimpleData>
		<SimpleData name="FECHA_VIGE">2041/08/26</SimpleData>
		<SimpleData name="AREA_TOTAL">63.00000000</SimpleData>
		<SimpleData name="NRO_ZONA">1</SimpleData>
		<SimpleData name="AREA_ZONA_">63.00000000</SimpleData>
		<SimpleData name="ESPECIE">CONCHA DE ABANICO</SimpleData>
		<SimpleData name="AMBITO">MARICULTURA</SimpleData>
		<SimpleData name="TIPO_DEREC">CONCESION</SimpleData>
		<SimpleData name="CATEGORIA_">ACUICULTURA DE MEDIANA Y GRAN EMPRESA (AMYGE)</SimpleData>
		<SimpleData name="ESTADO">VIGENTE</SimpleData>
		<SimpleData name="DEPARTAMEN">PIURA</SimpleData>
		<SimpleData name="PROVINCIA">SECHURA</SimpleData>
		<SimpleData name="DISTRITO">SECHURA</SimpleData>
		<SimpleData name="ZONA">LOTE 80-B - PARACHIQUE</SimpleData>
		<SimpleData name="RESOLUCI_1">R.D. Nº 131-2020-PRODUCE/DGA</SimpleData>
		<SimpleData name="FECHA_MODI">2020/08/05</SimpleData>
		<SimpleData name="TIPO_COORD">UBICACIÓN RD</SimpleData>
		<SimpleData name="DATUM">WGS 84</SimpleData>
		<SimpleData name="LATITUD">PTO A 05°44'31.8080&quot; ,  PTO B 05°44'31.8080&quot; ,  PTO C 05°44'54.7780&quot; ,  PTO D 05°44'54.7780&quot;</SimpleData>
		<SimpleData name="LONGITUD">PTO A 80°54'41.5240&quot; ,  PTO B 80°54'12.4450&quot; ,  PTO C 80°54'12.4450&quot; ,  PTO D 80°54'41.5240&quot;</SimpleData>
		<SimpleData name="FLAG">1</SimpleData>
		<SimpleData name="Shape_STAr">0.00005153894</SimpleData>
		<SimpleData name="Shape_STLe">0.02891611111</SimpleData>
	</SchemaData></ExtendedData>
      <Polygon><outerBoundaryIs><LinearRing><coordinates>-80.911534444,-5.74216888899993 -80.903456944,-5.74216888899993 -80.903456944,-5.74854944399993 -80.911534444,-5.74854944399993 -80.911534444,-5.74216888899993</coordinates></LinearRing></outerBoundaryIs></Polygon>
  </Placemark>
  <Placemark>
	<name>ACUICULTURA JESUS EN TI CONFIO S.A.C.</name>
	<description>ACUICULTURA JESUS EN TI CONFIO S.A.C.</description>
	<Style><LineStyle><color>ff0000ff</color></LineStyle><PolyStyle><fill>0</fill></PolyStyle></Style>
	<ExtendedData><SchemaData schemaUrl="#Areas_de_Derechos_Acuícolas">
		<SimpleData name="CODIGO">21046</SimpleData>
		<SimpleData name="RESOLUCION">R.D. Nº 421-2024-GOBIERNO REGIONAL PIURA-DRP-DR</SimpleData>
		<SimpleData name="FECHA_EMIS">2024/05/09</SimpleData>
		<SimpleData name="FECHA_VIGE">2054/05/09</SimpleData>
		<SimpleData name="AREA_TOTAL">20.24700000</SimpleData>
		<SimpleData name="NRO_ZONA">1</SimpleData>
		<SimpleData name="AREA_ZONA_">20.24700000</SimpleData>
		<SimpleData name="ESPECIE">CONCHA DE ABANICO</SimpleData>
		<SimpleData name="AMBITO">MARICULTURA</SimpleData>
		<SimpleData name="TIPO_DEREC">CONCESION</SimpleData>
		<SimpleData name="CATEGORIA_">ACUICULTURA DE MICRO Y PEQUEÑA EMPRESA (AMYPE)</SimpleData>
		<SimpleData name="ESTADO">VIGENTE</SimpleData>
		<SimpleData name="DEPARTAMEN">PIURA</SimpleData>
		<SimpleData name="PROVINCIA">SECHURA</SimpleData>
		<SimpleData name="DISTRITO">SECHURA</SimpleData>
		<SimpleData name="ZONA">LOTE 8-D CHULLIYACHI</SimpleData>
		<SimpleData name="TIPO_COORD">UBICACIÓN RD</SimpleData>
		<SimpleData name="DATUM">WGS 84</SimpleData>
		<SimpleData name="LATITUD">PTO A 05°35'08.6010&quot; ,  PTO B 05°35'08.5990&quot; ,  PTO C 05°35'23.2580&quot; ,  PTO D 05°35'23.2580&quot;</SimpleData>
		<SimpleData name="LONGITUD">PTO A 80°55'22.7460&quot; ,  PTO B 80°55'08.1220&quot; ,  PTO C 80°55'08.1220&quot; ,  PTO D 80°55'22.7440&quot;</SimpleData>
		<SimpleData name="FLAG">1</SimpleData>
		<SimpleData name="Shape_STAr">0.00001653888</SimpleData>
		<SimpleData name="Shape_STLe">0.01626722230</SimpleData>
	</SchemaData></ExtendedData>
      <Polygon><outerBoundaryIs><LinearRing><coordinates>-80.918922778,-5.58979388899997 -80.9229844439999,-5.58979388899997 -80.922985,-5.58572249999999 -80.918922778,-5.58572194399994 -80.918922778,-5.58979388899997</coordinates></LinearRing></outerBoundaryIs></Polygon>
  </Placemark>
  <Placemark>
	<name>MARIA AUXILIADORA BENDITA S.A.C.</name>
	<description>MARIA AUXILIADORA BENDITA S.A.C.</description>
	<Style><LineStyle><color>ff0000ff</color></LineStyle><PolyStyle><fill>0</fill></PolyStyle></Style>
	<ExtendedData><SchemaData schemaUrl="#Areas_de_Derechos_Acuícolas">
		<SimpleData name="CODIGO">20063</SimpleData>
		<SimpleData name="RESOLUCION">R.D.R. Nº 1106-2022-GOBIERNO REGIONAL PIURA-DRP-DR</SimpleData>
		<SimpleData name="FECHA_EMIS">2022/12/29</SimpleData>
		<SimpleData name="FECHA_VIGE">2052/12/29</SimpleData>
		<SimpleData name="AREA_TOTAL">15.20480000</SimpleData>
		<SimpleData name="NRO_ZONA">1</SimpleData>
		<SimpleData name="AREA_ZONA_">15.20480000</SimpleData>
		<SimpleData name="ESPECIE">CONCHA DE ABANICO</SimpleData>
		<SimpleData name="AMBITO">MARICULTURA</SimpleData>
		<SimpleData name="TIPO_DEREC">CONCESION</SimpleData>
		<SimpleData name="CATEGORIA_">ACUICULTURA DE MICRO Y PEQUEÑA EMPRESA (AMYPE)</SimpleData>
		<SimpleData name="ESTADO">VIGENTE</SimpleData>
		<SimpleData name="DEPARTAMEN">PIURA</SimpleData>
		<SimpleData name="PROVINCIA">SECHURA</SimpleData>
		<SimpleData name="DISTRITO">SECHURA</SimpleData>
		<SimpleData name="ZONA">LOTE 115-C VICHAYO</SimpleData>
		<SimpleData name="TIPO_COORD">UBICACIÓN RD</SimpleData>
		<SimpleData name="DATUM">WGS 84</SimpleData>
		<SimpleData name="LATITUD">PTO A 05°47'45.1317&quot; ,  PTO B 05°47'45.1317&quot; ,  PTO C 05°47'56.6240&quot; ,  PTO D 05°47'56.6240&quot;</SimpleData>
		<SimpleData name="LONGITUD">PTO A 80°57'19.5800&quot; ,  PTO B 80°57'05.5690&quot; ,  PTO C 80°57'05.5690&quot; ,  PTO D 80°57'19.5800&quot;</SimpleData>
		<SimpleData name="FLAG">1</SimpleData>
		<SimpleData name="Shape_STAr">0.00001242428</SimpleData>
		<SimpleData name="Shape_STLe">0.01416850000</SimpleData>
	</SchemaData></ExtendedData>
      <Polygon><outerBoundaryIs><LinearRing><coordinates>-80.9515469439999,-5.79906222199996 -80.9554388889999,-5.79906222199996 -80.9554388889999,-5.79586991699997 -80.9515469439999,-5.79586991699997 -80.9515469439999,-5.79906222199996</coordinates></LinearRing></outerBoundaryIs></Polygon>
  </Placemark>
  <Placemark>
	<name>ROBLESCA S.A.C.</name>
	<description>ROBLESCA S.A.C.</description>
	<Style><LineStyle><color>ff0000ff</color></LineStyle><PolyStyle><fill>0</fill></PolyStyle></Style>
	<ExtendedData><SchemaData schemaUrl="#Areas_de_Derechos_Acuícolas">
		<SimpleData name="CODIGO">20787</SimpleData>
		<SimpleData name="RESOLUCION">R.D.R. Nº 930-2023-GOBIERNO REGIONAL PIURA-DRP-DR</SimpleData>
		<SimpleData name="FECHA_EMIS">2023/12/19</SimpleData>
		<SimpleData name="FECHA_VIGE">2053/12/19</SimpleData>
		<SimpleData name="AREA_TOTAL">20.41300000</SimpleData>
		<SimpleData name="NRO_ZONA">1</SimpleData>
		<SimpleData name="AREA_ZONA_">20.41300000</SimpleData>
		<SimpleData name="ESPECIE">CONCHA DE ABANICO</SimpleData>
		<SimpleData name="AMBITO">MARICULTURA</SimpleData>
		<SimpleData name="TIPO_DEREC">CONCESION</SimpleData>
		<SimpleData name="CATEGORIA_">ACUICULTURA DE MICRO Y PEQUEÑA EMPRESA (AMYPE)</SimpleData>
		<SimpleData name="ESTADO">VIGENTE</SimpleData>
		<SimpleData name="DEPARTAMEN">PIURA</SimpleData>
		<SimpleData name="PROVINCIA">SECHURA</SimpleData>
		<SimpleData name="DISTRITO">SECHURA</SimpleData>
		<SimpleData name="ZONA">LOTE 140 - I -CONSTANTE</SimpleData>
		<SimpleData name="TIPO_COORD">UBICACIÓN RD</SimpleData>
		<SimpleData name="DATUM">WGS 84</SimpleData>
		<SimpleData name="LATITUD">PTO A 05°39'35.4920&quot; ,  PTO B 05°39'35.4900&quot; ,  PTO C 05°39'52.6290&quot; ,  PTO D 05°39'52.6310&quot;</SimpleData>
		<SimpleData name="LONGITUD">PTO A 80°54'12.8180&quot; ,  PTO B 80°54'02.0590&quot; ,  PTO C 80°53'58.3540&quot; ,  PTO D 80°54'12.8150&quot;</SimpleData>
		<SimpleData name="FLAG">1</SimpleData>
		<SimpleData name="Shape_STAr">0.00001667643</SimpleData>
		<SimpleData name="Shape_STLe">0.01663719166</SimpleData>
	</SchemaData></ExtendedData>
      <Polygon><outerBoundaryIs><LinearRing><coordinates>-80.899542778,-5.66461916699999 -80.903559722,-5.66461972199995 -80.903560556,-5.65985888899994 -80.9005719439999,-5.6598583329999 -80.899542778,-5.66461916699999</coordinates></LinearRing></outerBoundaryIs></Polygon>
  </Placemark>
  <Placemark>
	<name>PESQUERA KARIMAR SOCIEDAD ANONIMA CERRADA</name>
	<description>PESQUERA KARIMAR SOCIEDAD ANONIMA CERRADA</description>
	<Style><LineStyle><color>ff0000ff</color></LineStyle><PolyStyle><fill>0</fill></PolyStyle></Style>
	<ExtendedData><SchemaData schemaUrl="#Areas_de_Derechos_Acuícolas">
		<SimpleData name="CODIGO">20922</SimpleData>
		<SimpleData name="RESOLUCION">R.D.R. Nº 160-2024-GOBIERNO REGIONAL PIURA-DRP-DR</SimpleData>
		<SimpleData name="FECHA_EMIS">2024/03/12</SimpleData>
		<SimpleData name="FECHA_VIGE">2054/03/12</SimpleData>
		<SimpleData name="AREA_TOTAL">26.94500000</SimpleData>
		<SimpleData name="NRO_ZONA">1</SimpleData>
		<SimpleData name="AREA_ZONA_">26.94500000</SimpleData>
		<SimpleData name="ESPECIE">CONCHA DE ABANICO</SimpleData>
		<SimpleData name="AMBITO">MARICULTURA</SimpleData>
		<SimpleData name="TIPO_DEREC">CONCESION</SimpleData>
		<SimpleData name="CATEGORIA_">ACUICULTURA DE MICRO Y PEQUEÑA EMPRESA (AMYPE)</SimpleData>
		<SimpleData name="ESTADO">VIGENTE</SimpleData>
		<SimpleData name="DEPARTAMEN">PIURA</SimpleData>
		<SimpleData name="PROVINCIA">SECHURA</SimpleData>
		<SimpleData name="DISTRITO">SECHURA</SimpleData>
		<SimpleData name="ZONA">LOTE 140-E - CONSTANTE</SimpleData>
		<SimpleData name="TIPO_COORD">UBICACIÓN RD</SimpleData>
		<SimpleData name="DATUM">WGS 84</SimpleData>
		<SimpleData name="LATITUD">PTO A 05°39'15.1020&quot; ,  PTO B 05°39'15.1020&quot; ,  PTO C 05°39'32.2360&quot; ,  PTO D 05°39'32.2360&quot;</SimpleData>
		<SimpleData name="LONGITUD">PTO A 80°54'44.5430&quot; ,  PTO B 80°54'27.8940&quot; ,  PTO C 80°54'27.8910&quot; ,  PTO D 80°54'44.5410&quot;</SimpleData>
		<SimpleData name="FLAG">1</SimpleData>
		<SimpleData name="Shape_STAr">0.00002201177</SimpleData>
		<SimpleData name="Shape_STLe">0.01876861122</SimpleData>
	</SchemaData></ExtendedData>
      <Polygon><outerBoundaryIs><LinearRing><coordinates>-80.9077475,-5.65895444399998 -80.9123724999999,-5.65895444399998 -80.912373056,-5.65419499999991 -80.907748333,-5.65419499999991 -80.9077475,-5.65895444399998</coordinates></LinearRing></outerBoundaryIs></Polygon>
  </Placemark>
  <Placemark>
	<name>ACUICOLA HERMANOS PURIZACA  AYALA SOCIEDAD ANONIMA CERRADA</name>
	<description>ACUICOLA HERMANOS PURIZACA  AYALA SOCIEDAD ANONIMA CERRADA</description>
	<Style><LineStyle><color>ff0000ff</color></LineStyle><PolyStyle><fill>0</fill></PolyStyle></Style>
	<ExtendedData><SchemaData schemaUrl="#Areas_de_Derechos_Acuícolas">
		<SimpleData name="CODIGO">13644</SimpleData>
		<SimpleData name="RESOLUCION">R.D.R. Nº 063-2019/GOBIERNO REGIONAL PIURA-DRP-DR</SimpleData>
		<SimpleData name="FECHA_EMIS">2019/03/21</SimpleData>
		<SimpleData name="FECHA_VIGE">2029/03/21</SimpleData>
		<SimpleData name="AREA_TOTAL">49.50000000</SimpleData>
		<SimpleData name="NRO_ZONA">1</SimpleData>
		<SimpleData name="AREA_ZONA_">49.50000000</SimpleData>
		<SimpleData name="ESPECIE">CONCHA DE ABANICO</SimpleData>
		<SimpleData name="AMBITO">MARICULTURA</SimpleData>
		<SimpleData name="TIPO_DEREC">CONCESION</SimpleData>
		<SimpleData name="CATEGORIA_">ACUICULTURA DE MICRO Y PEQUEÑA EMPRESA (AMYPE)</SimpleData>
		<SimpleData name="ESTADO">VIGENTE</SimpleData>
		<SimpleData name="DEPARTAMEN">PIURA</SimpleData>
		<SimpleData name="PROVINCIA">SECHURA</SimpleData>
		<SimpleData name="DISTRITO">SECHURA</SimpleData>
		<SimpleData name="ZONA">LOTE 05 - CONSTANTE, BAHIA SECHURA</SimpleData>
		<SimpleData name="TIPO_COORD">UBICACIÓN RD</SimpleData>
		<SimpleData name="DATUM">WGS 84</SimpleData>
		<SimpleData name="LATITUD">PTO A 05°39'56.2410&quot; ,  PTO B 05°39'56.2360&quot; ,  PTO C 05°40'12.3640&quot; ,  PTO D 05°40'12.3530&quot;</SimpleData>
		<SimpleData name="LONGITUD">PTO A 80°55'20.3170&quot; ,  PTO B 80°54'47.8000&quot; ,  PTO C 80°54'47.8000&quot; ,  PTO D 80°55'20.3060&quot;</SimpleData>
		<SimpleData name="FLAG">1</SimpleData>
		<SimpleData name="Shape_STAr">0.00004043869</SimpleData>
		<SimpleData name="Shape_STLe">0.02701750167</SimpleData>
	</SchemaData></ExtendedData>
      <Polygon><outerBoundaryIs><LinearRing><coordinates>-80.913277778,-5.66562111099994 -80.913277778,-5.67010111099998 -80.9223072219999,-5.67009805599999 -80.9223102779999,-5.66562249999996 -80.913277778,-5.66562111099994</coordinates></LinearRing></outerBoundaryIs></Polygon>
  </Placemark>
  <Placemark>
	<name>MAR Y CIELO SECHURA SOCIEDAD ANONIMA CERRADA-MAR Y CIELO SECHURA S.A.C.</name>
	<description>MAR Y CIELO SECHURA SOCIEDAD ANONIMA CERRADA-MAR Y CIELO SECHURA S.A.C.</description>
	<Style><LineStyle><color>ff0000ff</color></LineStyle><PolyStyle><fill>0</fill></PolyStyle></Style>
	<ExtendedData><SchemaData schemaUrl="#Areas_de_Derechos_Acuícolas">
		<SimpleData name="CODIGO">12571</SimpleData>
		<SimpleData name="RESOLUCION">R.D.R. Nº 1017-2018-GOBIERNO REGIONAL PIURA-DRP-DR</SimpleData>
		<SimpleData name="FECHA_EMIS">2018/12/28</SimpleData>
		<SimpleData name="FECHA_VIGE">2028/12/28</SimpleData>
		<SimpleData name="AREA_TOTAL">84.54000000</SimpleData>
		<SimpleData name="NRO_ZONA">1</SimpleData>
		<SimpleData name="AREA_ZONA_">84.54000000</SimpleData>
		<SimpleData name="ESPECIE">CONCHA DE ABANICO</SimpleData>
		<SimpleData name="AMBITO">MARICULTURA</SimpleData>
		<SimpleData name="TIPO_DEREC">CONCESION</SimpleData>
		<SimpleData name="CATEGORIA_">ACUICULTURA DE MICRO Y PEQUEÑA EMPRESA (AMYPE)</SimpleData>
		<SimpleData name="ESTADO">VIGENTE</SimpleData>
		<SimpleData name="DEPARTAMEN">PIURA</SimpleData>
		<SimpleData name="PROVINCIA">SECHURA</SimpleData>
		<SimpleData name="DISTRITO">SECHURA</SimpleData>
		<SimpleData name="ZONA">LOTE 4 - CHULLIYACHI, BAHIA SECHURA</SimpleData>
		<SimpleData name="TIPO_COORD">UBICACIÓN RD</SimpleData>
		<SimpleData name="DATUM">WGS 84</SimpleData>
		<SimpleData name="LATITUD">PTO A 05°34'14.8630&quot; ,  PTO B 05°34'14.8630&quot; ,  PTO C 05°34'47.4340&quot; ,  PTO D 05°34'47.4340&quot; ,  PTO E 05°34'29.7940&quot; ,  PTO F 05°34'29.7940&quot;</SimpleData>
		<SimpleData name="LONGITUD">PTO A 80°54'21.9210&quot; ,  PTO B 80°53'56.6180&quot; ,  PTO C 80°53'56.6180&quot; ,  PTO D 80°54'29.1220&quot; ,  PTO E 80°54'29.1220&quot; ,  PTO F 80°54'14.3830&quot;</SimpleData>
		<SimpleData name="FLAG">1</SimpleData>
		<SimpleData name="Shape_STAr">0.00006905052</SimpleData>
		<SimpleData name="Shape_STLe">0.03874525394</SimpleData>
	</SchemaData></ExtendedData>
      <Polygon><outerBoundaryIs><LinearRing><coordinates>-80.899060556,-5.57984277799995 -80.908089444,-5.57984277799995 -80.908089444,-5.57494277799998 -80.903995278,-5.57494277799998 -80.9060891669999,-5.57079527799992 -80.899060556,-5.57079527799992 -80.899060556,-5.57984277799995</coordinates></LinearRing></outerBoundaryIs></Polygon>
  </Placemark>
  <Placemark>
	<name>ACUICULTORES EL CABALLERO DE LOS MARES SOCIEDAD ANONIMA CERRADA</name>
	<description>ACUICULTORES EL CABALLERO DE LOS MARES SOCIEDAD ANONIMA CERRADA</description>
	<Style><LineStyle><color>ff0000ff</color></LineStyle><PolyStyle><fill>0</fill></PolyStyle></Style>
	<ExtendedData><SchemaData schemaUrl="#Areas_de_Derechos_Acuícolas">
		<SimpleData name="CODIGO">12572</SimpleData>
		<SimpleData name="RESOLUCION">R.D.R. Nº 1028-2018-GOBIERNO REGIONAL PIURA-DRP-DR</SimpleData>
		<SimpleData name="FECHA_EMIS">2018/12/31</SimpleData>
		<SimpleData name="FECHA_VIGE">2028/12/31</SimpleData>
		<SimpleData name="AREA_TOTAL">100.00000000</SimpleData>
		<SimpleData name="NRO_ZONA">1</SimpleData>
		<SimpleData name="AREA_ZONA_">100.00000000</SimpleData>
		<SimpleData name="ESPECIE">CONCHA DE ABANICO</SimpleData>
		<SimpleData name="AMBITO">MARICULTURA</SimpleData>
		<SimpleData name="TIPO_DEREC">CONCESION</SimpleData>
		<SimpleData name="CATEGORIA_">ACUICULTURA DE MICRO Y PEQUEÑA EMPRESA (AMYPE)</SimpleData>
		<SimpleData name="ESTADO">VIGENTE</SimpleData>
		<SimpleData name="DEPARTAMEN">PIURA</SimpleData>
		<SimpleData name="PROVINCIA">SECHURA</SimpleData>
		<SimpleData name="DISTRITO">SECHURA</SimpleData>
		<SimpleData name="ZONA">LOTE 10 - CHULLIYACHI, BAHIA SECHURA</SimpleData>
		<SimpleData name="TIPO_COORD">UBICACIÓN RD</SimpleData>
		<SimpleData name="DATUM">WGS 84</SimpleData>
		<SimpleData name="LATITUD">PTO A 05°34'50.6910&quot; ,  PTO B 05°34'50.6910&quot; ,  PTO C 05°35'23.2580&quot; ,  PTO D 05°35'23.2580&quot;</SimpleData>
		<SimpleData name="LONGITUD">PTO A 80°54'29.1220&quot; ,  PTO B 80°53'56.6180&quot; ,  PTO C 80°53'56.6180&quot; ,  PTO D 80°54'29.1220&quot;</SimpleData>
		<SimpleData name="FLAG">1</SimpleData>
		<SimpleData name="Shape_STAr">0.00008167884</SimpleData>
		<SimpleData name="Shape_STLe">0.03615055555</SimpleData>
	</SchemaData></ExtendedData>
      <Polygon><outerBoundaryIs><LinearRing><coordinates>-80.899060556,-5.58979388899997 -80.908089444,-5.58979388899997 -80.908089444,-5.58074749999994 -80.899060556,-5.58074749999994 -80.899060556,-5.58979388899997</coordinates></LinearRing></outerBoundaryIs></Polygon>
  </Placemark>
  <Placemark>
	<name>AMIGOS UNIDOS DE MATACABALLO SOCIEDAD ANONIMA CERRADA-AMIGOS UNIDOS DE MATACABALLO S.A.C.</name>
	<description>AMIGOS UNIDOS DE MATACABALLO SOCIEDAD ANONIMA CERRADA-AMIGOS UNIDOS DE MATACABALLO S.A.C.</description>
	<Style><LineStyle><color>ff0000ff</color></LineStyle><PolyStyle><fill>0</fill></PolyStyle></Style>
	<ExtendedData><SchemaData schemaUrl="#Areas_de_Derechos_Acuícolas">
		<SimpleData name="CODIGO">12590</SimpleData>
		<SimpleData name="RESOLUCION">R.D.R. Nº 1055-2018-GOBIERNO REGIONAL PIURA-DRP-DR</SimpleData>
		<SimpleData name="FECHA_EMIS">2018/12/31</SimpleData>
		<SimpleData name="FECHA_VIGE">2028/12/31</SimpleData>
		<SimpleData name="AREA_TOTAL">100.00000000</SimpleData>
		<SimpleData name="NRO_ZONA">1</SimpleData>
		<SimpleData name="AREA_ZONA_">100.00000000</SimpleData>
		<SimpleData name="ESPECIE">CONCHA DE ABANICO</SimpleData>
		<SimpleData name="AMBITO">MARICULTURA</SimpleData>
		<SimpleData name="TIPO_DEREC">CONCESION</SimpleData>
		<SimpleData name="CATEGORIA_">ACUICULTURA DE MICRO Y PEQUEÑA EMPRESA (AMYPE)</SimpleData>
		<SimpleData name="ESTADO">VIGENTE</SimpleData>
		<SimpleData name="DEPARTAMEN">PIURA</SimpleData>
		<SimpleData name="PROVINCIA">SECHURA</SimpleData>
		<SimpleData name="DISTRITO">SECHURA</SimpleData>
		<SimpleData name="ZONA">LOTE 29 - MATACABALLO, BAHIA SECHURA</SimpleData>
		<SimpleData name="TIPO_COORD">UBICACIÓN RD</SimpleData>
		<SimpleData name="DATUM">WGS 84</SimpleData>
		<SimpleData name="LATITUD">PTO A 05°37'13.9860&quot; ,  PTO B 05°37'13.9860&quot; ,  PTO C 05°37'46.5540&quot; ,  PTO D 05°37'46.5540&quot;</SimpleData>
		<SimpleData name="LONGITUD">PTO A 80°53'16.6180&quot; ,  PTO B 80°52'44.1120&quot; ,  PTO C 80°52'44.1120&quot; ,  PTO D 80°53'16.6180&quot;</SimpleData>
		<SimpleData name="FLAG">1</SimpleData>
		<SimpleData name="Shape_STAr">0.00008168637</SimpleData>
		<SimpleData name="Shape_STLe">0.03615222222</SimpleData>
	</SchemaData></ExtendedData>
      <Polygon><outerBoundaryIs><LinearRing><coordinates>-80.8789199999999,-5.62959833299995 -80.887949444,-5.62959833299995 -80.887949444,-5.62055166699998 -80.8789199999999,-5.62055166699998 -80.8789199999999,-5.62959833299995</coordinates></LinearRing></outerBoundaryIs></Polygon>
  </Placemark>
  <Placemark>
	<name>ESPERANZA DEL FUTURO S.A.C.</name>
	<description>ESPERANZA DEL FUTURO S.A.C.</description>
	<Style><LineStyle><color>ff0000ff</color></LineStyle><PolyStyle><fill>0</fill></PolyStyle></Style>
	<ExtendedData><SchemaData schemaUrl="#Areas_de_Derechos_Acuícolas">
		<SimpleData name="CODIGO">12584</SimpleData>
		<SimpleData name="RESOLUCION">R.D.R. Nº 1051-2018-GOBIERNO REGIONAL PIURA-DRP-DR</SimpleData>
		<SimpleData name="FECHA_EMIS">2018/12/31</SimpleData>
		<SimpleData name="FECHA_VIGE">2028/12/31</SimpleData>
		<SimpleData name="AREA_TOTAL">100.00000000</SimpleData>
		<SimpleData name="NRO_ZONA">1</SimpleData>
		<SimpleData name="AREA_ZONA_">100.00000000</SimpleData>
		<SimpleData name="ESPECIE">CONCHA DE ABANICO</SimpleData>
		<SimpleData name="AMBITO">MARICULTURA</SimpleData>
		<SimpleData name="TIPO_DEREC">CONCESION</SimpleData>
		<SimpleData name="CATEGORIA_">ACUICULTURA DE MICRO Y PEQUEÑA EMPRESA (AMYPE)</SimpleData>
		<SimpleData name="ESTADO">VIGENTE</SimpleData>
		<SimpleData name="DEPARTAMEN">PIURA</SimpleData>
		<SimpleData name="PROVINCIA">SECHURA</SimpleData>
		<SimpleData name="DISTRITO">SECHURA</SimpleData>
		<SimpleData name="ZONA">LOTE 28 - MATACABALLO, BAHIA SECHURA</SimpleData>
		<SimpleData name="TIPO_COORD">UBICACIÓN RD</SimpleData>
		<SimpleData name="DATUM">WGS 84</SimpleData>
		<SimpleData name="LATITUD">PTO A 05°37'13.9860&quot; ,  PTO B 05°37'13.9860&quot; ,  PTO C 05°37'46.5540&quot; ,  PTO D 05°37'46.5540&quot;</SimpleData>
		<SimpleData name="LONGITUD">PTO A 80°53'52.3670&quot; ,  PTO B 80°53'19.8480&quot; ,  PTO C 80°53'19.8480&quot; ,  PTO D 80°53'52.3670&quot;</SimpleData>
		<SimpleData name="FLAG">1</SimpleData>
		<SimpleData name="Shape_STAr">0.00008171904</SimpleData>
		<SimpleData name="Shape_STLe">0.03615944444</SimpleData>
	</SchemaData></ExtendedData>
      <Polygon><outerBoundaryIs><LinearRing><coordinates>-80.888846667,-5.62959833299995 -80.8978797219999,-5.62959833299995 -80.8978797219999,-5.62055166699998 -80.888846667,-5.62055166699998 -80.888846667,-5.62959833299995</coordinates></LinearRing></outerBoundaryIs></Polygon>
  </Placemark>
  <Placemark>
	<name>JESUS ES EL VENCEDOR SOCIEDAD ANONIMA CERRADA - JESUS ES EL VENCEDOR S.A.C.</name>
	<description>JESUS ES EL VENCEDOR SOCIEDAD ANONIMA CERRADA - JESUS ES EL VENCEDOR S.A.C.</description>
	<Style><LineStyle><color>ff0000ff</color></LineStyle><PolyStyle><fill>0</fill></PolyStyle></Style>
	<ExtendedData><SchemaData schemaUrl="#Areas_de_Derechos_Acuícolas">
		<SimpleData name="CODIGO">12579</SimpleData>
		<SimpleData name="RESOLUCION">R.D.R. Nº 1035-2018-GOBIERNO REGIONAL PIURA-DRP-DR</SimpleData>
		<SimpleData name="FECHA_EMIS">2018/12/31</SimpleData>
		<SimpleData name="FECHA_VIGE">2028/12/31</SimpleData>
		<SimpleData name="AREA_TOTAL">100.00000000</SimpleData>
		<SimpleData name="NRO_ZONA">1</SimpleData>
		<SimpleData name="AREA_ZONA_">100.00000000</SimpleData>
		<SimpleData name="ESPECIE">CONCHA DE ABANICO</SimpleData>
		<SimpleData name="AMBITO">MARICULTURA</SimpleData>
		<SimpleData name="TIPO_DEREC">CONCESION</SimpleData>
		<SimpleData name="CATEGORIA_">ACUICULTURA DE MICRO Y PEQUEÑA EMPRESA (AMYPE)</SimpleData>
		<SimpleData name="ESTADO">VIGENTE</SimpleData>
		<SimpleData name="DEPARTAMEN">PIURA</SimpleData>
		<SimpleData name="PROVINCIA">SECHURA</SimpleData>
		<SimpleData name="DISTRITO">SECHURA</SimpleData>
		<SimpleData name="ZONA">ZONA 19 - MATACABALLO, BAHIA SECHURA</SimpleData>
		<SimpleData name="TIPO_COORD">UBICACIÓN RD</SimpleData>
		<SimpleData name="DATUM">WGS 84</SimpleData>
		<SimpleData name="LATITUD">PTO A 05°36'02.3390&quot; ,  PTO B 05°36'02.3390&quot; ,  PTO C 05°36'34.9060&quot; ,  PTO D 05°36'34.9060&quot;</SimpleData>
		<SimpleData name="LONGITUD">PTO A 80°53'16.6180&quot; ,  PTO B 80°52'44.1120&quot; ,  PTO C 80°52'44.1120&quot; ,  PTO D 80°53'16.6180&quot;</SimpleData>
		<SimpleData name="FLAG">1</SimpleData>
		<SimpleData name="Shape_STAr">0.00008168387</SimpleData>
		<SimpleData name="Shape_STLe">0.03615166667</SimpleData>
	</SchemaData></ExtendedData>
      <Polygon><outerBoundaryIs><LinearRing><coordinates>-80.8789199999999,-5.60969611099991 -80.887949444,-5.60969611099991 -80.887949444,-5.60064972199997 -80.8789199999999,-5.60064972199997 -80.8789199999999,-5.60969611099991</coordinates></LinearRing></outerBoundaryIs></Polygon>
  </Placemark>
  <Placemark>
	<name>MARICULTURA BAYOVAR HUACAS PERU SOCIEDAD ANONIMA CERRADA</name>
	<description>MARICULTURA BAYOVAR HUACAS PERU SOCIEDAD ANONIMA CERRADA</description>
	<Style><LineStyle><color>ff0000ff</color></LineStyle><PolyStyle><fill>0</fill></PolyStyle></Style>
	<ExtendedData><SchemaData schemaUrl="#Areas_de_Derechos_Acuícolas">
		<SimpleData name="CODIGO">12578</SimpleData>
		<SimpleData name="RESOLUCION">R.D.R. Nº 1034-2018-GOBIERNO REGIONAL PIURA-DRP-DR</SimpleData>
		<SimpleData name="FECHA_EMIS">2018/12/31</SimpleData>
		<SimpleData name="FECHA_VIGE">2028/12/31</SimpleData>
		<SimpleData name="AREA_TOTAL">30.70000000</SimpleData>
		<SimpleData name="NRO_ZONA">1</SimpleData>
		<SimpleData name="AREA_ZONA_">30.70000000</SimpleData>
		<SimpleData name="ESPECIE">CONCHA DE ABANICO</SimpleData>
		<SimpleData name="AMBITO">MARICULTURA</SimpleData>
		<SimpleData name="TIPO_DEREC">CONCESION</SimpleData>
		<SimpleData name="CATEGORIA_">ACUICULTURA DE MICRO Y PEQUEÑA EMPRESA (AMYPE)</SimpleData>
		<SimpleData name="ESTADO">VIGENTE</SimpleData>
		<SimpleData name="DEPARTAMEN">PIURA</SimpleData>
		<SimpleData name="PROVINCIA">SECHURA</SimpleData>
		<SimpleData name="DISTRITO">SECHURA</SimpleData>
		<SimpleData name="ZONA">LOTE 19 - PUERTO RICO, BAHIA SECHURA</SimpleData>
		<SimpleData name="RESOLUCI_1">R.D.R.Nº 021-2019-GOBIERNO REGIONAL PIURA-DRP-DR</SimpleData>
		<SimpleData name="FECHA_MODI">2019/02/13</SimpleData>
		<SimpleData name="TIPO_COORD">UBICACIÓN RD</SimpleData>
		<SimpleData name="DATUM">WGS 84</SimpleData>
		<SimpleData name="LATITUD">PTO A 05°48'24.6270&quot; ,  PTO B 05°48'24.6270&quot; ,  PTO C 05°48'35.7990&quot; ,  PTO D 05°48'35.7990&quot;</SimpleData>
		<SimpleData name="LONGITUD">PTO A 81°01'22.3750&quot; ,  PTO B 81°00'53.2920&quot; ,  PTO C 81°00'53.2920&quot; ,  PTO D 81°01'22.3750&quot;</SimpleData>
		<SimpleData name="FLAG">1</SimpleData>
		<SimpleData name="Shape_STAr">0.00002507062</SimpleData>
		<SimpleData name="Shape_STLe">0.02236388889</SimpleData>
	</SchemaData></ExtendedData>
      <Polygon><outerBoundaryIs><LinearRing><coordinates>-81.0148033329999,-5.80994416699999 -81.0228819439999,-5.80994416699999 -81.0228819439999,-5.80684083299999 -81.0148033329999,-5.80684083299999 -81.0148033329999,-5.80994416699999</coordinates></LinearRing></outerBoundaryIs></Polygon>
  </Placemark>
  <Placemark>
	<name>MPX S.A.</name>
	<description>MPX S.A.</description>
	<Style><LineStyle><color>ff0000ff</color></LineStyle><PolyStyle><fill>0</fill></PolyStyle></Style>
	<ExtendedData><SchemaData schemaUrl="#Areas_de_Derechos_Acuícolas">
		<SimpleData name="CODIGO">12592</SimpleData>
		<SimpleData name="RESOLUCION">R.D.R. Nº 1057-2018-GOBIERNO REGIONAL PIURA-DRP-DR</SimpleData>
		<SimpleData name="FECHA_EMIS">2018/12/31</SimpleData>
		<SimpleData name="FECHA_VIGE">2028/12/31</SimpleData>
		<SimpleData name="AREA_TOTAL">80.24000000</SimpleData>
		<SimpleData name="NRO_ZONA">1</SimpleData>
		<SimpleData name="AREA_ZONA_">80.24000000</SimpleData>
		<SimpleData name="ESPECIE">CONCHA DE ABANICO</SimpleData>
		<SimpleData name="AMBITO">MARICULTURA</SimpleData>
		<SimpleData name="TIPO_DEREC">CONCESION</SimpleData>
		<SimpleData name="CATEGORIA_">ACUICULTURA DE MICRO Y PEQUEÑA EMPRESA (AMYPE)</SimpleData>
		<SimpleData name="ESTADO">VIGENTE</SimpleData>
		<SimpleData name="DEPARTAMEN">PIURA</SimpleData>
		<SimpleData name="PROVINCIA">SECHURA</SimpleData>
		<SimpleData name="DISTRITO">SECHURA</SimpleData>
		<SimpleData name="ZONA">LOTE 7 - CHULLIYACHI, BAHIA SECHURA</SimpleData>
		<SimpleData name="TIPO_COORD">UBICACIÓN RD</SimpleData>
		<SimpleData name="DATUM">WGS 84</SimpleData>
		<SimpleData name="LATITUD">PTO A 05°34'27.7390&quot; ,  PTO B 05°34'14.8630&quot; ,  PTO C 05°34'47.4340&quot; ,  PTO D 05°34'47.4340&quot;</SimpleData>
		<SimpleData name="LONGITUD">PTO A 80°55'40.6250&quot; ,  PTO B 80°55'08.1220&quot; ,  PTO C 80°55'08.1220&quot; ,  PTO D 80°55'40.6250&quot;</SimpleData>
		<SimpleData name="FLAG">1</SimpleData>
		<SimpleData name="Shape_STAr">0.00006554019</SimpleData>
		<SimpleData name="Shape_STLe">0.03325819375</SimpleData>
	</SchemaData></ExtendedData>
      <Polygon><outerBoundaryIs><LinearRing><coordinates>-80.918922778,-5.57984277799995 -80.9279513889999,-5.57984277799995 -80.9279513889999,-5.57437194399991 -80.918922778,-5.57079527799992 -80.918922778,-5.57984277799995</coordinates></LinearRing></outerBoundaryIs></Polygon>
  </Placemark>
  <Placemark>
	<name>RELEROS DE CONSTANTE - SECHURA SOCIEDAD ANONIMA CERRADA</name>
	<description>RELEROS DE CONSTANTE - SECHURA SOCIEDAD ANONIMA CERRADA</description>
	<Style><LineStyle><color>ff0000ff</color></LineStyle><PolyStyle><fill>0</fill></PolyStyle></Style>
	<ExtendedData><SchemaData schemaUrl="#Areas_de_Derechos_Acuícolas">
		<SimpleData name="CODIGO">12593</SimpleData>
		<SimpleData name="RESOLUCION">R.D.R. Nº 1058-2018-GOBIERNO REGIONAL PIURA-DRP-DR</SimpleData>
		<SimpleData name="FECHA_EMIS">2018/12/31</SimpleData>
		<SimpleData name="FECHA_VIGE">2028/12/31</SimpleData>
		<SimpleData name="AREA_TOTAL">45.48000000</SimpleData>
		<SimpleData name="NRO_ZONA">1</SimpleData>
		<SimpleData name="AREA_ZONA_">45.48000000</SimpleData>
		<SimpleData name="ESPECIE">CONCHA DE ABANICO</SimpleData>
		<SimpleData name="AMBITO">MARICULTURA</SimpleData>
		<SimpleData name="TIPO_DEREC">CONCESION</SimpleData>
		<SimpleData name="CATEGORIA_">ACUICULTURA DE MICRO Y PEQUEÑA EMPRESA (AMYPE)</SimpleData>
		<SimpleData name="ESTADO">VIGENTE</SimpleData>
		<SimpleData name="DEPARTAMEN">PIURA</SimpleData>
		<SimpleData name="PROVINCIA">SECHURA</SimpleData>
		<SimpleData name="DISTRITO">SECHURA</SimpleData>
		<SimpleData name="ZONA">LOTE 37-A - CONSTANTE, BAHIA SECHURA</SimpleData>
		<SimpleData name="TIPO_COORD">UBICACIÓN RD</SimpleData>
		<SimpleData name="DATUM">WGS 84</SimpleData>
		<SimpleData name="LATITUD">PTO A 05°39'14.4720&quot; ,  PTO B 05°39'14.4720&quot; ,  PTO C 05°39'24.8920&quot; ,  PTO D 05°39'29.3450&quot; ,  PTO E 05°39'29.3450&quot;</SimpleData>
		<SimpleData name="LONGITUD">PTO A 80°53'28.9910&quot; ,  PTO B 80°52'56.4820&quot; ,  PTO C 80°52'56.4820&quot; ,  PTO D 80°52'57.3480&quot; ,  PTO E 80°53'28.9910&quot;</SimpleData>
		<SimpleData name="FLAG">1</SimpleData>
		<SimpleData name="Shape_STAr">0.00003715881</SimpleData>
		<SimpleData name="Shape_STLe">0.02610595179</SimpleData>
	</SchemaData></ExtendedData>
      <Polygon><outerBoundaryIs><LinearRing><coordinates>-80.882596667,-5.65815138899997 -80.891386389,-5.65815138899997 -80.891386389,-5.65401999999991 -80.882356111,-5.65401999999991 -80.882356111,-5.65691444399995 -80.882596667,-5.65815138899997</coordinates></LinearRing></outerBoundaryIs></Polygon>
  </Placemark>
  <Placemark>
	<name>CORPORACION A &amp;amp; Q SOCIEDAD ANONIMA CERRADA-CORPORACION A &amp;amp; Q S.A.C.</name>
	<description>CORPORACION A &amp;amp; Q SOCIEDAD ANONIMA CERRADA-CORPORACION A &amp;amp; Q S.A.C.</description>
	<Style><LineStyle><color>ff0000ff</color></LineStyle><PolyStyle><fill>0</fill></PolyStyle></Style>
	<ExtendedData><SchemaData schemaUrl="#Areas_de_Derechos_Acuícolas">
		<SimpleData name="CODIGO">12640</SimpleData>
		<SimpleData name="RESOLUCION">R.D.R. Nº 016-2019-GOBIERNO REGIONAL PIURA-DRP-DR</SimpleData>
		<SimpleData name="FECHA_EMIS">2019/01/31</SimpleData>
		<SimpleData name="FECHA_VIGE">2029/01/31</SimpleData>
		<SimpleData name="AREA_TOTAL">100.00000000</SimpleData>
		<SimpleData name="NRO_ZONA">1</SimpleData>
		<SimpleData name="AREA_ZONA_">0.00000000</SimpleData>
		<SimpleData name="ESPECIE">CONCHA DE ABANICO</SimpleData>
		<SimpleData name="AMBITO">MARICULTURA</SimpleData>
		<SimpleData name="TIPO_DEREC">CONCESION</SimpleData>
		<SimpleData name="CATEGORIA_">ACUICULTURA DE MICRO Y PEQUEÑA EMPRESA (AMYPE)</SimpleData>
		<SimpleData name="ESTADO">VIGENTE</SimpleData>
		<SimpleData name="DEPARTAMEN">PIURA</SimpleData>
		<SimpleData name="PROVINCIA">SECHURA</SimpleData>
		<SimpleData name="DISTRITO">SECHURA</SimpleData>
		<SimpleData name="ZONA">LOTE 2 - CHULLIYACHI, BAHIA SECHURA</SimpleData>
		<SimpleData name="TIPO_COORD">UBICACIÓN RD</SimpleData>
		<SimpleData name="DATUM">WGS 84</SimpleData>
		<SimpleData name="LATITUD">PTO A 05°33'39.0330&quot; ,  PTO B 05°33'39.0330&quot; ,  PTO C 05°34'11.6000&quot; ,  PTO D 05°34'11.6000&quot;</SimpleData>
		<SimpleData name="LONGITUD">PTO A 80°53'53.3670&quot; ,  PTO B 80°53'20.8630&quot; ,  PTO C 80°53'20.8630&quot; ,  PTO D 80°53'53.3670&quot;</SimpleData>
		<SimpleData name="FLAG">1</SimpleData>
		<SimpleData name="Shape_STAr">0.00008167884</SimpleData>
		<SimpleData name="Shape_STLe">0.03615055556</SimpleData>
	</SchemaData></ExtendedData>
      <Polygon><outerBoundaryIs><LinearRing><coordinates>-80.889128611,-5.56988888899997 -80.8981574999999,-5.56988888899997 -80.8981574999999,-5.56084249999994 -80.889128611,-5.56084249999994 -80.889128611,-5.56988888899997</coordinates></LinearRing></outerBoundaryIs></Polygon>
  </Placemark>
  <Placemark>
	<name>HIDROBIOLOGICOS DEYMAR S.A.C.</name>
	<description>HIDROBIOLOGICOS DEYMAR S.A.C.</description>
	<Style><LineStyle><color>ff0000ff</color></LineStyle><PolyStyle><fill>0</fill></PolyStyle></Style>
	<ExtendedData><SchemaData schemaUrl="#Areas_de_Derechos_Acuícolas">
		<SimpleData name="CODIGO">12641</SimpleData>
		<SimpleData name="RESOLUCION">R.D.R. Nº 017-2019-GOBIERNO REGIONAL PIURA-DRP-DR</SimpleData>
		<SimpleData name="FECHA_EMIS">2019/02/04</SimpleData>
		<SimpleData name="FECHA_VIGE">2029/02/04</SimpleData>
		<SimpleData name="AREA_TOTAL">96.98000000</SimpleData>
		<SimpleData name="NRO_ZONA">1</SimpleData>
		<SimpleData name="AREA_ZONA_">0.00000000</SimpleData>
		<SimpleData name="ESPECIE">CONCHA DE ABANICO</SimpleData>
		<SimpleData name="AMBITO">MARICULTURA</SimpleData>
		<SimpleData name="TIPO_DEREC">CONCESION</SimpleData>
		<SimpleData name="CATEGORIA_">ACUICULTURA DE MICRO Y PEQUEÑA EMPRESA (AMYPE)</SimpleData>
		<SimpleData name="ESTADO">VIGENTE</SimpleData>
		<SimpleData name="DEPARTAMEN">PIURA</SimpleData>
		<SimpleData name="PROVINCIA">SECHURA</SimpleData>
		<SimpleData name="DISTRITO">SECHURA</SimpleData>
		<SimpleData name="ZONA">LOTE 1 - CHULLIYACHI, BAHIA SECHURA</SimpleData>
		<SimpleData name="TIPO_COORD">UBICACIÓN RD</SimpleData>
		<SimpleData name="DATUM">WGS 84</SimpleData>
		<SimpleData name="LATITUD">PTO A 05°33'39.0330&quot; ,  PTO B 05°33'39.0330&quot; ,  PTO C 05°34'11.6000&quot; ,  PTO D 05°34'11.6000&quot; ,  PTO E 05°34'00.3400&quot;</SimpleData>
		<SimpleData name="LONGITUD">PTO A 80°54'29.1220&quot; ,  PTO B 80°53'56.6180&quot; ,  PTO C 80°53'56.6180&quot; ,  PTO D 80°54'23.4470&quot; ,  PTO E 80°54'29.1220&quot;</SimpleData>
		<SimpleData name="FLAG">1</SimpleData>
		<SimpleData name="Shape_STAr">0.00007921354</SimpleData>
		<SimpleData name="Shape_STLe">0.03494895877</SimpleData>
	</SchemaData></ExtendedData>
      <Polygon><outerBoundaryIs><LinearRing><coordinates>-80.899060556,-5.56988888899997 -80.9065130559999,-5.56988888899997 -80.908089444,-5.5667611109999 -80.908089444,-5.56084249999994 -80.899060556,-5.56084249999994 -80.899060556,-5.56988888899997</coordinates></LinearRing></outerBoundaryIs></Polygon>
  </Placemark>
  <Placemark>
	<name>GROUP MARCYMAR S.A.C.</name>
	<description>GROUP MARCYMAR S.A.C.</description>
	<Style><LineStyle><color>ff0000ff</color></LineStyle><PolyStyle><fill>0</fill></PolyStyle></Style>
	<ExtendedData><SchemaData schemaUrl="#Areas_de_Derechos_Acuícolas">
		<SimpleData name="CODIGO">12775</SimpleData>
		<SimpleData name="RESOLUCION">R.D.R. Nº 050-2019-GOBIERNO REGIONAL PIURA-DRP-DR</SimpleData>
		<SimpleData name="FECHA_EMIS">2019/02/26</SimpleData>
		<SimpleData name="FECHA_VIGE">2029/02/26</SimpleData>
		<SimpleData name="AREA_TOTAL">100.00000000</SimpleData>
		<SimpleData name="NRO_ZONA">1</SimpleData>
		<SimpleData name="AREA_ZONA_">0.00000000</SimpleData>
		<SimpleData name="ESPECIE">CONCHA DE ABANICO</SimpleData>
		<SimpleData name="AMBITO">MARICULTURA</SimpleData>
		<SimpleData name="TIPO_DEREC">CONCESION</SimpleData>
		<SimpleData name="CATEGORIA_">ACUICULTURA DE MICRO Y PEQUEÑA EMPRESA (AMYPE)</SimpleData>
		<SimpleData name="ESTADO">VIGENTE</SimpleData>
		<SimpleData name="DEPARTAMEN">PIURA</SimpleData>
		<SimpleData name="PROVINCIA">SECHURA</SimpleData>
		<SimpleData name="DISTRITO">SECHURA</SimpleData>
		<SimpleData name="ZONA">LOTE 3 - CHULLIYACHI, BAHIA SECHURA</SimpleData>
		<SimpleData name="TIPO_COORD">UBICACIÓN RD</SimpleData>
		<SimpleData name="DATUM">WGS 84</SimpleData>
		<SimpleData name="LATITUD">PTO A 05°34'14.8630&quot; ,  PTO B 05°34'14.8630&quot; ,  PTO C 05°34'47.4340&quot; ,  PTO D 05°34'47.4340&quot;</SimpleData>
		<SimpleData name="LONGITUD">PTO A 80°53'53.3670&quot; ,  PTO B 80°53'20.8630&quot; ,  PTO C 80°53'20.8630&quot; ,  PTO D 80°53'53.3670&quot;</SimpleData>
		<SimpleData name="FLAG">1</SimpleData>
		<SimpleData name="Shape_STAr">0.00008168887</SimpleData>
		<SimpleData name="Shape_STLe">0.03615277778</SimpleData>
	</SchemaData></ExtendedData>
      <Polygon><outerBoundaryIs><LinearRing><coordinates>-80.889128611,-5.57984277799995 -80.8981574999999,-5.57984277799995 -80.8981574999999,-5.57079527799992 -80.889128611,-5.57079527799992 -80.889128611,-5.57984277799995</coordinates></LinearRing></outerBoundaryIs></Polygon>
  </Placemark>
  <Placemark>
	<name>EMPRESA ACUICOLA BAYOVAR SOCIEDAD ANONIMA CERRADA</name>
	<description>EMPRESA ACUICOLA BAYOVAR SOCIEDAD ANONIMA CERRADA</description>
	<Style><LineStyle><color>ff0000ff</color></LineStyle><PolyStyle><fill>0</fill></PolyStyle></Style>
	<ExtendedData><SchemaData schemaUrl="#Areas_de_Derechos_Acuícolas">
		<SimpleData name="CODIGO">21158</SimpleData>
		<SimpleData name="RESOLUCION">R.D.R. Nº 601-2024-GOBIERNO REGIONAL PURA-DRP-DR</SimpleData>
		<SimpleData name="FECHA_EMIS">2024/08/14</SimpleData>
		<SimpleData name="FECHA_VIGE">2034/08/14</SimpleData>
		<SimpleData name="AREA_TOTAL">0.09500000</SimpleData>
		<SimpleData name="NRO_ZONA">1</SimpleData>
		<SimpleData name="AREA_ZONA_">0.09500000</SimpleData>
		<SimpleData name="ESPECIE">CONCHA DE ABANICO</SimpleData>
		<SimpleData name="AMBITO">MARICULTURA</SimpleData>
		<SimpleData name="TIPO_DEREC">AUTORIZACION</SimpleData>
		<SimpleData name="CATEGORIA_">ACUICULTURA DE MICRO Y PEQUEÑA EMPRESA (AMYPE)</SimpleData>
		<SimpleData name="ESTADO">VIGENTE</SimpleData>
		<SimpleData name="DEPARTAMEN">PIURA</SimpleData>
		<SimpleData name="PROVINCIA">SECHURA</SimpleData>
		<SimpleData name="DISTRITO">SECHURA</SimpleData>
		<SimpleData name="ZONA">KM. 15 CARRETERA SECHURA - BAYOVAR</SimpleData>
		<SimpleData name="TIPO_COORD">UBICACIÓN RD</SimpleData>
		<SimpleData name="DATUM">WGS 84</SimpleData>
		<SimpleData name="LATITUD">PTO A 05°49'28.2960&quot; ,  PTO B 05°49'27.3426&quot; ,  PTO C 05°49'27.6090&quot; ,  PTO D 05°49'28.9236&quot;</SimpleData>
		<SimpleData name="LONGITUD">PTO A 81°01'46.6392&quot; ,  PTO B 81°01'45.8940&quot; ,  PTO C 81°01'45.3138&quot; ,  PTO D 81°01'46.0230&quot;</SimpleData>
		<SimpleData name="FLAG">1</SimpleData>
		<SimpleData name="Shape_STAr">0.00000007742</SimpleData>
		<SimpleData name="Shape_STLe">0.00117270903</SimpleData>
	</SchemaData></ExtendedData>
      <Polygon><outerBoundaryIs><LinearRing><coordinates>-81.029253833,-5.82433583299998 -81.029450833,-5.82470099999991 -81.029622,-5.82452666699996 -81.0294149999999,-5.82426183299999 -81.029253833,-5.82433583299998</coordinates></LinearRing></outerBoundaryIs></Polygon>
  </Placemark>
  <Placemark>
	<name>ANCLA DE VERNE SOCIEDAD ANONIMA CERRADA</name>
	<description>ANCLA DE VERNE SOCIEDAD ANONIMA CERRADA</description>
	<Style><LineStyle><color>ff0000ff</color></LineStyle><PolyStyle><fill>0</fill></PolyStyle></Style>
	<ExtendedData><SchemaData schemaUrl="#Areas_de_Derechos_Acuícolas">
		<SimpleData name="CODIGO">20802</SimpleData>
		<SimpleData name="RESOLUCION">R.D.R. Nº 944-2023-GOBIERNO REGIONA PIURA-DRP-DR</SimpleData>
		<SimpleData name="FECHA_EMIS">2023/12/29</SimpleData>
		<SimpleData name="FECHA_VIGE">2053/12/29</SimpleData>
		<SimpleData name="AREA_TOTAL">25.04000000</SimpleData>
		<SimpleData name="NRO_ZONA">1</SimpleData>
		<SimpleData name="AREA_ZONA_">25.04000000</SimpleData>
		<SimpleData name="ESPECIE">CONCHA DE ABANICO</SimpleData>
		<SimpleData name="AMBITO">MARICULTURA</SimpleData>
		<SimpleData name="TIPO_DEREC">CONCESION</SimpleData>
		<SimpleData name="CATEGORIA_">ACUICULTURA DE MICRO Y PEQUEÑA EMPRESA (AMYPE)</SimpleData>
		<SimpleData name="ESTADO">VIGENTE</SimpleData>
		<SimpleData name="DEPARTAMEN">PIURA</SimpleData>
		<SimpleData name="PROVINCIA">SECHURA</SimpleData>
		<SimpleData name="DISTRITO">SECHURA</SimpleData>
		<SimpleData name="ZONA">LOTE 99-D - BARRANCOS</SimpleData>
		<SimpleData name="RESOLUCI_1">R.D.R. Nº 135-2024-GOBIERNO REGIONAL PIURA-DRP-DR</SimpleData>
		<SimpleData name="FECHA_MODI">2024/02/26</SimpleData>
		<SimpleData name="TIPO_COORD">UBICACIÓN RD</SimpleData>
		<SimpleData name="DATUM">WGS 84</SimpleData>
		<SimpleData name="LATITUD">PTO A 05°46'19.2850&quot; ,  PTO B 05°46'19.2850&quot; ,  PTO C 05°46'51.8520&quot; ,  PTO D 05°46'51.8520&quot;</SimpleData>
		<SimpleData name="LONGITUD">PTO A 80°57'17.1500&quot; ,  PTO B 80°57'09.0080&quot; ,  PTO C 80°57'09.0080&quot; ,  PTO D 80°57'17.1500&quot;</SimpleData>
		<SimpleData name="FLAG">1</SimpleData>
		<SimpleData name="Shape_STAr">0.00002045992</SimpleData>
		<SimpleData name="Shape_STLe">0.02261611111</SimpleData>
	</SchemaData></ExtendedData>
      <Polygon><outerBoundaryIs><LinearRing><coordinates>-80.9525022219999,-5.78106999999995 -80.9547638889999,-5.78106999999995 -80.9547638889999,-5.77202361099992 -80.9525022219999,-5.77202361099992 -80.9525022219999,-5.78106999999995</coordinates></LinearRing></outerBoundaryIs></Polygon>
  </Placemark>
  <Placemark>
	<name>PESCA Y ACUICULTURA GUERBER SOCIEDAD ANONIMA CERRADA - PESCA Y ACUICULTURA GUERBER S.A.C.</name>
	<description>PESCA Y ACUICULTURA GUERBER SOCIEDAD ANONIMA CERRADA - PESCA Y ACUICULTURA GUERBER S.A.C.</description>
	<Style><LineStyle><color>ff0000ff</color></LineStyle><PolyStyle><fill>0</fill></PolyStyle></Style>
	<ExtendedData><SchemaData schemaUrl="#Areas_de_Derechos_Acuícolas">
		<SimpleData name="CODIGO">20104</SimpleData>
		<SimpleData name="RESOLUCION">R.D.R. Nº 013-2023-GOBIERNO REGIONAL PIURA-DRP-DR</SimpleData>
		<SimpleData name="FECHA_EMIS">2023/01/30</SimpleData>
		<SimpleData name="FECHA_VIGE">2053/01/30</SimpleData>
		<SimpleData name="AREA_TOTAL">17.20100000</SimpleData>
		<SimpleData name="NRO_ZONA">1</SimpleData>
		<SimpleData name="AREA_ZONA_">17.20100000</SimpleData>
		<SimpleData name="ESPECIE">CONCHA DE ABANICO</SimpleData>
		<SimpleData name="AMBITO">MARICULTURA</SimpleData>
		<SimpleData name="TIPO_DEREC">CONCESION</SimpleData>
		<SimpleData name="CATEGORIA_">ACUICULTURA DE MICRO Y PEQUEÑA EMPRESA (AMYPE)</SimpleData>
		<SimpleData name="ESTADO">VIGENTE</SimpleData>
		<SimpleData name="DEPARTAMEN">PIURA</SimpleData>
		<SimpleData name="PROVINCIA">SECHURA</SimpleData>
		<SimpleData name="DISTRITO">SECHURA</SimpleData>
		<SimpleData name="ZONA">LOTE 99-C - BARRANCOS</SimpleData>
		<SimpleData name="TIPO_COORD">UBICACIÓN RD</SimpleData>
		<SimpleData name="DATUM">WGS 84</SimpleData>
		<SimpleData name="LATITUD">PTO A 05°46'43.2336&quot; ,  PTO B 05°46'51.8520&quot; ,  PTO C 05°46'51.8520&quot; ,  PTO D 05°46'43.2336&quot;</SimpleData>
		<SimpleData name="LONGITUD">PTO A 80°57'41.5224&quot; ,  PTO B 80°57'41.5224&quot; ,  PTO C 80°57'20.3904&quot; ,  PTO D 80°57'20.3904&quot;</SimpleData>
		<SimpleData name="FLAG">1</SimpleData>
		<SimpleData name="Shape_STAr">0.00001405278</SimpleData>
		<SimpleData name="Shape_STLe">0.01652800000</SimpleData>
	</SchemaData></ExtendedData>
      <Polygon><outerBoundaryIs><LinearRing><coordinates>-80.955664,-5.78106999999995 -80.961534,-5.78106999999995 -80.961534,-5.77867599999994 -80.955664,-5.77867599999994 -80.955664,-5.78106999999995</coordinates></LinearRing></outerBoundaryIs></Polygon>
  </Placemark>
  <Placemark>
	<name>GUERRERO DEL OCEANO S.A.C.</name>
	<description>GUERRERO DEL OCEANO S.A.C.</description>
	<Style><LineStyle><color>ff0000ff</color></LineStyle><PolyStyle><fill>0</fill></PolyStyle></Style>
	<ExtendedData><SchemaData schemaUrl="#Areas_de_Derechos_Acuícolas">
		<SimpleData name="CODIGO">20752</SimpleData>
		<SimpleData name="RESOLUCION">R.D.R. Nº 588-2023-GOBIERNO REGIONAL PIURA-DRP-DR</SimpleData>
		<SimpleData name="FECHA_EMIS">2023/09/18</SimpleData>
		<SimpleData name="FECHA_VIGE">2053/09/18</SimpleData>
		<SimpleData name="AREA_TOTAL">17.20400000</SimpleData>
		<SimpleData name="NRO_ZONA">1</SimpleData>
		<SimpleData name="AREA_ZONA_">17.20400000</SimpleData>
		<SimpleData name="ESPECIE">CONCHA DE ABANICO</SimpleData>
		<SimpleData name="AMBITO">MARICULTURA</SimpleData>
		<SimpleData name="TIPO_DEREC">CONCESION</SimpleData>
		<SimpleData name="CATEGORIA_">ACUICULTURA DE MICRO Y PEQUEÑA EMPRESA (AMYPE)</SimpleData>
		<SimpleData name="ESTADO">VIGENTE</SimpleData>
		<SimpleData name="DEPARTAMEN">PIURA</SimpleData>
		<SimpleData name="PROVINCIA">SECHURA</SimpleData>
		<SimpleData name="DISTRITO">SECHURA</SimpleData>
		<SimpleData name="ZONA">LOTE 99-A BARRANCOS</SimpleData>
		<SimpleData name="TIPO_COORD">UBICACIÓN RD</SimpleData>
		<SimpleData name="DATUM">WGS 84</SimpleData>
		<SimpleData name="LATITUD">PTO A 05°46'19.2850&quot; ,  PTO B 05°46'19.2850&quot; ,  PTO C 05°46'27.9048&quot; ,  PTO D 05°46'27.9048&quot;</SimpleData>
		<SimpleData name="LONGITUD">PTO A 80°57'41.5240&quot; ,  PTO B 80°57'20.3890&quot; ,  PTO C 80°57'20.3890&quot; ,  PTO D 80°57'41.5240&quot;</SimpleData>
		<SimpleData name="FLAG">1</SimpleData>
		<SimpleData name="Shape_STAr">0.00001405706</SimpleData>
		<SimpleData name="Shape_STLe">0.01653044444</SimpleData>
	</SchemaData></ExtendedData>
      <Polygon><outerBoundaryIs><LinearRing><coordinates>-80.9556636109999,-5.77441799999997 -80.961534444,-5.77441799999997 -80.961534444,-5.77202361099992 -80.9556636109999,-5.77202361099992 -80.9556636109999,-5.77441799999997</coordinates></LinearRing></outerBoundaryIs></Polygon>
  </Placemark>
  <Placemark>
	<name>ASOCIACION DE PESCADORES ARTESANALES MI RICO MAR</name>
	<description>ASOCIACION DE PESCADORES ARTESANALES MI RICO MAR</description>
	<Style><LineStyle><color>ff0000ff</color></LineStyle><PolyStyle><fill>0</fill></PolyStyle></Style>
	<ExtendedData><SchemaData schemaUrl="#Areas_de_Derechos_Acuícolas">
		<SimpleData name="CODIGO">20805</SimpleData>
		<SimpleData name="RESOLUCION">R.D.R. Nº 07-2024-GOBIERNO REGIONAL PIURA-DRP-DR</SimpleData>
		<SimpleData name="FECHA_EMIS">2024/01/12</SimpleData>
		<SimpleData name="FECHA_VIGE">2054/01/12</SimpleData>
		<SimpleData name="AREA_TOTAL">22.81500000</SimpleData>
		<SimpleData name="NRO_ZONA">1</SimpleData>
		<SimpleData name="AREA_ZONA_">22.81500000</SimpleData>
		<SimpleData name="ESPECIE">CONCHA DE ABANICO</SimpleData>
		<SimpleData name="AMBITO">MARICULTURA</SimpleData>
		<SimpleData name="TIPO_DEREC">CONCESION</SimpleData>
		<SimpleData name="CATEGORIA_">ACUICULTURA DE MICRO Y PEQUEÑA EMPRESA (AMYPE)</SimpleData>
		<SimpleData name="ESTADO">VIGENTE</SimpleData>
		<SimpleData name="DEPARTAMEN">PIURA</SimpleData>
		<SimpleData name="PROVINCIA">SECHURA</SimpleData>
		<SimpleData name="DISTRITO">SECHURA</SimpleData>
		<SimpleData name="ZONA">LOTE 140-L - CONSTANTE</SimpleData>
		<SimpleData name="RESOLUCI_1">R.D.R. N° 622-2024-GOBIERNO REIONAL PIURA-DRP-DR</SimpleData>
		<SimpleData name="FECHA_MODI">2024/08/27</SimpleData>
		<SimpleData name="TIPO_COORD">UBICACIÓN RD</SimpleData>
		<SimpleData name="DATUM">WGS 84</SimpleData>
		<SimpleData name="LATITUD">PTO A 05°39'55.8870&quot; ,  PTO B 05°39'55.8850&quot; ,  PTO C 05°40'13.0240&quot; ,  PTO D 05°40'13.0260&quot;</SimpleData>
		<SimpleData name="LONGITUD">PTO A 80°54'09.8470&quot; ,  PTO B 80°53'57.6380&quot; ,  PTO C 80°53'53.8650&quot; ,  PTO D 80°54'09.8440&quot;</SimpleData>
		<SimpleData name="FLAG">1</SimpleData>
		<SimpleData name="Shape_STAr">0.00001863895</SimpleData>
		<SimpleData name="Shape_STLe">0.01746566215</SimpleData>
	</SchemaData></ExtendedData>
      <Polygon><outerBoundaryIs><LinearRing><coordinates>-80.898295833,-5.67028444399996 -80.902734444,-5.67028500000001 -80.902735278,-5.66552416699991 -80.8993438889999,-5.66552361099995 -80.898295833,-5.67028444399996</coordinates></LinearRing></outerBoundaryIs></Polygon>
  </Placemark>
  <Placemark>
	<name>ASOCIACION DE PESCADORES ARTESANALES Y ACUICULTORES SAN JOSE</name>
	<description>ASOCIACION DE PESCADORES ARTESANALES Y ACUICULTORES SAN JOSE</description>
	<Style><LineStyle><color>ff0000ff</color></LineStyle><PolyStyle><fill>0</fill></PolyStyle></Style>
	<ExtendedData><SchemaData schemaUrl="#Areas_de_Derechos_Acuícolas">
		<SimpleData name="CODIGO">5556</SimpleData>
		<SimpleData name="RESOLUCION">R.D.R. Nº 670-2010-GOBIERNO REGIONAL PIURA-DIREPRO-DR</SimpleData>
		<SimpleData name="FECHA_EMIS">2010/12/21</SimpleData>
		<SimpleData name="FECHA_VIGE">2040/12/21</SimpleData>
		<SimpleData name="AREA_TOTAL">40.00000000</SimpleData>
		<SimpleData name="NRO_ZONA">1</SimpleData>
		<SimpleData name="AREA_ZONA_">40.00000000</SimpleData>
		<SimpleData name="ESPECIE">CONCHA DE ABANICO</SimpleData>
		<SimpleData name="AMBITO">MARICULTURA</SimpleData>
		<SimpleData name="TIPO_DEREC">CONCESION</SimpleData>
		<SimpleData name="CATEGORIA_">ACUICULTURA DE MICRO Y PEQUEÑA EMPRESA (AMYPE)</SimpleData>
		<SimpleData name="ESTADO">VIGENTE</SimpleData>
		<SimpleData name="DEPARTAMEN">PIURA</SimpleData>
		<SimpleData name="PROVINCIA">SECHURA</SimpleData>
		<SimpleData name="DISTRITO">SECHURA</SimpleData>
		<SimpleData name="ZONA">LOTE 129-A - VICHAYO</SimpleData>
		<SimpleData name="RESOLUCI_1">R.D.R. Nº 148-2020-GOBIERNO REGIONAL PIURA-DIREPRO-DR</SimpleData>
		<SimpleData name="FECHA_MODI">2020/12/04</SimpleData>
		<SimpleData name="OBS_MODIFI">R.D. Nº 0732-2011/DCG (15/07/2011) DEJA SIN EFECTO LA R.D. Nº 315-2011/DCG DE CONFORMIDAD CON LA R.G.R. Nº 032-2011/GOBIERNO REGIONAL PIURA-GRDE DEL 19.03.2011</SimpleData>
		<SimpleData name="TIPO_COORD">UBICACIÓN RD</SimpleData>
		<SimpleData name="DATUM">WGS 84</SimpleData>
		<SimpleData name="LATITUD">PTO A 05°48'32.2660&quot; ,  PTO B 05°48'32.2660&quot; ,  PTO C 05°48'46.8290&quot; ,  PTO D 05°48'46.8290&quot;</SimpleData>
		<SimpleData name="LONGITUD">PTO A 80°58'06.9850&quot; ,  PTO B 80°57'37.9030&quot; ,  PTO C 80°57'37.9030&quot; ,  PTO D 80°58'06.9850&quot;</SimpleData>
		<SimpleData name="FLAG">1</SimpleData>
		<SimpleData name="Shape_STAr">0.00003267910</SimpleData>
		<SimpleData name="Shape_STLe">0.02424722222</SimpleData>
	</SchemaData></ExtendedData>
      <Polygon><outerBoundaryIs><LinearRing><coordinates>-80.960529,-5.81300805599992 -80.968606944,-5.81300805599992 -80.968606944,-5.81300800000001 -80.968606944,-5.80896277799997 -80.9605286109999,-5.80896277799997 -80.9605286109999,-5.81300805599992 -80.960529,-5.81300805599992</coordinates></LinearRing></outerBoundaryIs></Polygon>
  </Placemark>
  <Placemark>
	<name>ASOCIACION DE PESCADORES EXTRACTORES ARTESANALES ACUICULTORES DE CONSTANTE-APEAR ACUICULTORE</name>
	<description>ASOCIACION DE PESCADORES EXTRACTORES ARTESANALES ACUICULTORES DE CONSTANTE-APEAR ACUICULTORE</description>
	<Style><LineStyle><color>ff0000ff</color></LineStyle><PolyStyle><fill>0</fill></PolyStyle></Style>
	<ExtendedData><SchemaData schemaUrl="#Areas_de_Derechos_Acuícolas">
		<SimpleData name="CODIGO">20790</SimpleData>
		<SimpleData name="RESOLUCION">R.D.R. Nº 911-2023-GOBIERNO REGIONAL PIURADRP-DR</SimpleData>
		<SimpleData name="FECHA_EMIS">2023/12/15</SimpleData>
		<SimpleData name="FECHA_VIGE">2053/12/15</SimpleData>
		<SimpleData name="AREA_TOTAL">29.99800000</SimpleData>
		<SimpleData name="NRO_ZONA">1</SimpleData>
		<SimpleData name="AREA_ZONA_">29.99800000</SimpleData>
		<SimpleData name="ESPECIE">CONCHA DE ABANICO</SimpleData>
		<SimpleData name="AMBITO">MARICULTURA</SimpleData>
		<SimpleData name="TIPO_DEREC">CONCESION</SimpleData>
		<SimpleData name="CATEGORIA_">ACUICULTURA DE MICRO Y PEQUEÑA EMPRESA (AMYPE)</SimpleData>
		<SimpleData name="ESTADO">VIGENTE</SimpleData>
		<SimpleData name="DEPARTAMEN">PIURA</SimpleData>
		<SimpleData name="PROVINCIA">SECHURA</SimpleData>
		<SimpleData name="DISTRITO">SECHURA</SimpleData>
		<SimpleData name="ZONA">LOTE 34-B - MATACABALLO</SimpleData>
		<SimpleData name="TIPO_COORD">UBICACIÓN RD</SimpleData>
		<SimpleData name="DATUM">WGS 84</SimpleData>
		<SimpleData name="LATITUD">PTO A 05°38'12.6060&quot; ,  PTO B 05°38'12.6060&quot; ,  PTO C 05°38'22.3770&quot; ,  PTO D 05°38'22.3770&quot;</SimpleData>
		<SimpleData name="LONGITUD">PTO A 80°55'40.6250&quot; ,  PTO B 80°55'08.1220&quot; ,  PTO C 80°55'08.1220&quot; ,  PTO D 80°55'40.6250&quot;</SimpleData>
		<SimpleData name="FLAG">1</SimpleData>
		<SimpleData name="Shape_STAr">0.00002450516</SimpleData>
		<SimpleData name="Shape_STLe">0.02348555556</SimpleData>
	</SchemaData></ExtendedData>
      <Polygon><outerBoundaryIs><LinearRing><coordinates>-80.918922778,-5.63954916699994 -80.9279513889999,-5.63954916699994 -80.9279513889999,-5.63683499999999 -80.918922778,-5.63683499999999 -80.918922778,-5.63954916699994</coordinates></LinearRing></outerBoundaryIs></Polygon>
  </Placemark>
  <Placemark>
	<name>ASOCIACION DE EXTRACTORES RECOLECTORES DE MARISCOS ARTESANALES VECINOS DEL MAR</name>
	<description>ASOCIACION DE EXTRACTORES RECOLECTORES DE MARISCOS ARTESANALES VECINOS DEL MAR</description>
	<Style><LineStyle><color>ff0000ff</color></LineStyle><PolyStyle><fill>0</fill></PolyStyle></Style>
	<ExtendedData><SchemaData schemaUrl="#Areas_de_Derechos_Acuícolas">
		<SimpleData name="CODIGO">5634</SimpleData>
		<SimpleData name="RESOLUCION">R.D.R. Nº 039-2011-GOBIERNO REGIONAL PIURA-DIREPRO-DR</SimpleData>
		<SimpleData name="FECHA_EMIS">2011/02/09</SimpleData>
		<SimpleData name="FECHA_VIGE">2041/02/09</SimpleData>
		<SimpleData name="AREA_TOTAL">48.00000000</SimpleData>
		<SimpleData name="NRO_ZONA">1</SimpleData>
		<SimpleData name="AREA_ZONA_">48.00000000</SimpleData>
		<SimpleData name="ESPECIE">CONCHA DE ABANICO</SimpleData>
		<SimpleData name="AMBITO">MARICULTURA</SimpleData>
		<SimpleData name="TIPO_DEREC">CONCESION</SimpleData>
		<SimpleData name="CATEGORIA_">ACUICULTURA DE MICRO Y PEQUEÑA EMPRESA (AMYPE)</SimpleData>
		<SimpleData name="ESTADO">VIGENTE</SimpleData>
		<SimpleData name="DEPARTAMEN">PIURA</SimpleData>
		<SimpleData name="PROVINCIA">SECHURA</SimpleData>
		<SimpleData name="DISTRITO">SECHURA</SimpleData>
		<SimpleData name="ZONA">LOTE 79-B - PARACHIQUE</SimpleData>
		<SimpleData name="RESOLUCI_1">R.D.R. Nº 824-2023-GOBIENO REGIONAL PIURA-DRP-DR</SimpleData>
		<SimpleData name="FECHA_MODI">2023/11/15</SimpleData>
		<SimpleData name="TIPO_COORD">UBICACIÓN RD</SimpleData>
		<SimpleData name="DATUM">WGS 84</SimpleData>
		<SimpleData name="LATITUD">PTO A 05°44'37.3050&quot; ,  PTO B 05°44'37.3050&quot; ,  PTO C 05°44'54.7780&quot; ,  PTO D 05°44'54.7780&quot;</SimpleData>
		<SimpleData name="LONGITUD">PTO A 80°54'09.1940&quot; ,  PTO B 80°53'40.1150&quot; ,  PTO C 80°53'40.1150&quot; ,  PTO D 80°54'09.1940&quot;</SimpleData>
		<SimpleData name="FLAG">1</SimpleData>
		<SimpleData name="Shape_STAr">0.00003920504</SimpleData>
		<SimpleData name="Shape_STLe">0.02586222222</SimpleData>
	</SchemaData></ExtendedData>
      <Polygon><outerBoundaryIs><LinearRing><coordinates>-80.902553889,-5.74369583299997 -80.894476389,-5.74369583299997 -80.894476389,-5.74854944399993 -80.902553889,-5.74854944399993 -80.902553889,-5.74369583299997</coordinates></LinearRing></outerBoundaryIs></Polygon>
  </Placemark>
  <Placemark>
	<name>ASOCIACION DE PESCADORES ARTESANALES ACUICULTORES SEÑOR CAUTIVO 1</name>
	<description>ASOCIACION DE PESCADORES ARTESANALES ACUICULTORES SEÑOR CAUTIVO 1</description>
	<Style><LineStyle><color>ff0000ff</color></LineStyle><PolyStyle><fill>0</fill></PolyStyle></Style>
	<ExtendedData><SchemaData schemaUrl="#Areas_de_Derechos_Acuícolas">
		<SimpleData name="CODIGO">5889</SimpleData>
		<SimpleData name="RESOLUCION">R.D.R. Nº 012-2012-GOBIERNO REGIONAL PIURA-DIREPRO-DR</SimpleData>
		<SimpleData name="FECHA_EMIS">2012/01/09</SimpleData>
		<SimpleData name="FECHA_VIGE">2042/01/09</SimpleData>
		<SimpleData name="AREA_TOTAL">10.00000000</SimpleData>
		<SimpleData name="NRO_ZONA">1</SimpleData>
		<SimpleData name="AREA_ZONA_">10.00000000</SimpleData>
		<SimpleData name="ESPECIE">CONCHA DE ABANICO</SimpleData>
		<SimpleData name="AMBITO">MARICULTURA</SimpleData>
		<SimpleData name="TIPO_DEREC">CONCESION</SimpleData>
		<SimpleData name="CATEGORIA_">ACUICULTURA DE MICRO Y PEQUEÑA EMPRESA (AMYPE)</SimpleData>
		<SimpleData name="ESTADO">VIGENTE</SimpleData>
		<SimpleData name="DEPARTAMEN">PIURA</SimpleData>
		<SimpleData name="PROVINCIA">SECHURA</SimpleData>
		<SimpleData name="DISTRITO">SECHURA</SimpleData>
		<SimpleData name="ZONA">LOTE 96-C - LOS BARRANCOS, BAHIA SECHURA</SimpleData>
		<SimpleData name="RESOLUCI_1">R.D.R. Nº 612-2024-GOBIERNO REGIONAL PIURA-DIREPRO-DR</SimpleData>
		<SimpleData name="FECHA_MODI">2024/08/20</SimpleData>
		<SimpleData name="TIPO_COORD">UBICACIÓN RD</SimpleData>
		<SimpleData name="DATUM">WGS 84</SimpleData>
		<SimpleData name="LATITUD">PTO A 05°46'12.7600&quot; ,  PTO B 05°46'12.7600&quot; ,  PTO C 05°46'16.0330&quot; ,  PTO D 05°46'16.0330&quot;</SimpleData>
		<SimpleData name="LONGITUD">PTO A 80°58'17.2910&quot; ,  PTO B 80°57'44.7750&quot; ,  PTO C 80°57'44.7750&quot; ,  PTO D 80°58'17.2910&quot;</SimpleData>
		<SimpleData name="FLAG">1</SimpleData>
		<SimpleData name="Shape_STAr">0.00000821180</SimpleData>
		<SimpleData name="Shape_STLe">0.01988277778</SimpleData>
	</SchemaData></ExtendedData>
      <Polygon><outerBoundaryIs><LinearRing><coordinates>-80.9714697219999,-5.77021111099996 -80.9624375,-5.77021111099996 -80.9624375,-5.77112027799996 -80.9714697219999,-5.77112027799996 -80.9714697219999,-5.77021111099996</coordinates></LinearRing></outerBoundaryIs></Polygon>
  </Placemark>
  <Placemark>
	<name>EXPORTACIONES ACUICOLAS CHULLIYACHI S.A.C.</name>
	<description>EXPORTACIONES ACUICOLAS CHULLIYACHI S.A.C.</description>
	<Style><LineStyle><color>ff0000ff</color></LineStyle><PolyStyle><fill>0</fill></PolyStyle></Style>
	<ExtendedData><SchemaData schemaUrl="#Areas_de_Derechos_Acuícolas">
		<SimpleData name="CODIGO">20920</SimpleData>
		<SimpleData name="RESOLUCION">R.D.R. Nº 161-2024-GOBIERNO REGIOANL PIURA-DRP-DR</SimpleData>
		<SimpleData name="FECHA_EMIS">2024/03/12</SimpleData>
		<SimpleData name="FECHA_VIGE">2054/03/12</SimpleData>
		<SimpleData name="AREA_TOTAL">20.25500000</SimpleData>
		<SimpleData name="NRO_ZONA">1</SimpleData>
		<SimpleData name="AREA_ZONA_">20.25500000</SimpleData>
		<SimpleData name="ESPECIE">CONCHA DE ABANICO</SimpleData>
		<SimpleData name="AMBITO">MARICULTURA</SimpleData>
		<SimpleData name="TIPO_DEREC">CONCESION</SimpleData>
		<SimpleData name="CATEGORIA_">ACUICULTURA DE MICRO Y PEQUEÑA EMPRESA (AMYPE)</SimpleData>
		<SimpleData name="ESTADO">VIGENTE</SimpleData>
		<SimpleData name="DEPARTAMEN">PIURA</SimpleData>
		<SimpleData name="PROVINCIA">SECHURA</SimpleData>
		<SimpleData name="DISTRITO">SECHURA</SimpleData>
		<SimpleData name="ZONA">LOTE 11-D CHUYILLACHI</SimpleData>
		<SimpleData name="RESOLUCI_1">R.D.R. Nº 760-2024-GOBIERNO REGIOANL PIURA-DRP-DR</SimpleData>
		<SimpleData name="FECHA_MODI">2024/10/31</SimpleData>
		<SimpleData name="TIPO_COORD">UBICACIÓN RD</SimpleData>
		<SimpleData name="DATUM">WGS 84</SimpleData>
		<SimpleData name="LATITUD">PTO A 05°35'08.6000&quot; ,  PTO B 05°35'08.5970&quot; ,  PTO C 05°35'23.2580&quot; ,  PTO D 05°35'23.2580&quot;</SimpleData>
		<SimpleData name="LONGITUD">PTO A 80°53'35.4860&quot; ,  PTO B 80°53'20.8440&quot; ,  PTO C 80°53'20.8630&quot; ,  PTO D 80°53'35.4840&quot;</SimpleData>
		<SimpleData name="FLAG">1</SimpleData>
		<SimpleData name="Shape_STAr">0.00001655019</SimpleData>
		<SimpleData name="Shape_STLe">0.01627278132</SimpleData>
	</SchemaData></ExtendedData>
      <Polygon><outerBoundaryIs><LinearRing><coordinates>-80.889128611,-5.58979388899997 -80.89319,-5.58979388899997 -80.893190556,-5.58572222199996 -80.889123333,-5.58572138899998 -80.889128611,-5.58979388899997</coordinates></LinearRing></outerBoundaryIs></Polygon>
  </Placemark>
  <Placemark>
	<name>ASOCIACION DE PESCADORES Y EXTRACTORES ARTESANALES DE MARISCOS JUANITA ELIZA - SECHURA</name>
	<description>ASOCIACION DE PESCADORES Y EXTRACTORES ARTESANALES DE MARISCOS JUANITA ELIZA - SECHURA</description>
	<Style><LineStyle><color>ff0000ff</color></LineStyle><PolyStyle><fill>0</fill></PolyStyle></Style>
	<ExtendedData><SchemaData schemaUrl="#Areas_de_Derechos_Acuícolas">
		<SimpleData name="CODIGO">5555</SimpleData>
		<SimpleData name="RESOLUCION">R.D.R. Nº 669-2010-GOBIERNO REGIONAL PIURA-DIREPRO-DR</SimpleData>
		<SimpleData name="FECHA_EMIS">2010/12/20</SimpleData>
		<SimpleData name="FECHA_VIGE">2040/12/20</SimpleData>
		<SimpleData name="AREA_TOTAL">20.00000000</SimpleData>
		<SimpleData name="NRO_ZONA">1</SimpleData>
		<SimpleData name="AREA_ZONA_">20.00000000</SimpleData>
		<SimpleData name="ESPECIE">CONCHA DE ABANICO</SimpleData>
		<SimpleData name="AMBITO">MARICULTURA</SimpleData>
		<SimpleData name="TIPO_DEREC">CONCESION</SimpleData>
		<SimpleData name="CATEGORIA_">ACUICULTURA DE MICRO Y PEQUEÑA EMPRESA (AMYPE)</SimpleData>
		<SimpleData name="ESTADO">VIGENTE</SimpleData>
		<SimpleData name="DEPARTAMEN">PIURA</SimpleData>
		<SimpleData name="PROVINCIA">SECHURA</SimpleData>
		<SimpleData name="DISTRITO">SECHURA</SimpleData>
		<SimpleData name="ZONA">LOTE 134-B - VICHAYO</SimpleData>
		<SimpleData name="RESOLUCI_1">R.D.R. Nº 824-2023-GOBIERNO REGIONAL PIURA-DRP-DR</SimpleData>
		<SimpleData name="FECHA_MODI">2023/11/15</SimpleData>
		<SimpleData name="TIPO_COORD">UBICACIÓN RD</SimpleData>
		<SimpleData name="DATUM">WGS 84</SimpleData>
		<SimpleData name="LATITUD">PTO A 5°49'04.650&quot; ,  PTO B 5°49'04.650&quot; ,  PTO C 5°49'33.778&quot; ,  PTO D 5°49'33.778&quot;</SimpleData>
		<SimpleData name="LONGITUD">PTO A 80°56'40.513&quot; ,  PTO B 80°56'33.241&quot; ,  PTO C 80°56'33.241&quot; ,  PTO D 80°56'40.513&quot;</SimpleData>
		<SimpleData name="FLAG">1</SimpleData>
		<SimpleData name="Shape_STAr">0.00001634382</SimpleData>
		<SimpleData name="Shape_STLe">0.02022200000</SimpleData>
	</SchemaData></ExtendedData>
      <Polygon><outerBoundaryIs><LinearRing><coordinates>-80.9425659999999,-5.82604899999997 -80.944586,-5.82604899999997 -80.944586,-5.81795799999994 -80.9425659999999,-5.81795799999994 -80.9425659999999,-5.82604899999997</coordinates></LinearRing></outerBoundaryIs></Polygon>
  </Placemark>
  <Placemark>
	<name>POR SIEMPRE DAYRO SOCIEDAD ANONIMA CERRADA - POR SIEMPRE DAYRO S.A.C.</name>
	<description>POR SIEMPRE DAYRO SOCIEDAD ANONIMA CERRADA - POR SIEMPRE DAYRO S.A.C.</description>
	<Style><LineStyle><color>ff0000ff</color></LineStyle><PolyStyle><fill>0</fill></PolyStyle></Style>
	<ExtendedData><SchemaData schemaUrl="#Areas_de_Derechos_Acuícolas">
		<SimpleData name="CODIGO">21047</SimpleData>
		<SimpleData name="RESOLUCION">R.D.R. Nº  222-2024-GOBIERNO REGIONAL PIURA-DRP-DR</SimpleData>
		<SimpleData name="FECHA_EMIS">2024/04/03</SimpleData>
		<SimpleData name="FECHA_VIGE">2054/04/03</SimpleData>
		<SimpleData name="AREA_TOTAL">23.61200000</SimpleData>
		<SimpleData name="NRO_ZONA">1</SimpleData>
		<SimpleData name="AREA_ZONA_">23.61200000</SimpleData>
		<SimpleData name="ESPECIE">CONCHA DE ABANICO</SimpleData>
		<SimpleData name="AMBITO">MARICULTURA</SimpleData>
		<SimpleData name="TIPO_DEREC">CONCESION</SimpleData>
		<SimpleData name="CATEGORIA_">ACUICULTURA DE MICRO Y PEQUEÑA EMPRESA (AMYPE)</SimpleData>
		<SimpleData name="ESTADO">VIGENTE</SimpleData>
		<SimpleData name="DEPARTAMEN">PIURA</SimpleData>
		<SimpleData name="PROVINCIA">SECHURA</SimpleData>
		<SimpleData name="DISTRITO">SECHURA</SimpleData>
		<SimpleData name="ZONA">LOTE 141-B - LAS DELICIAS</SimpleData>
		<SimpleData name="TIPO_COORD">UBICACIÓN RD</SimpleData>
		<SimpleData name="DATUM">WGS 84</SimpleData>
		<SimpleData name="LATITUD">PTO A 05°42'16.1140&quot; ,  PTO B 05°42'16.1100&quot; ,  PTO C 05°42'28.0440&quot; ,  PTO D 05°42'28.0440&quot;</SimpleData>
		<SimpleData name="LONGITUD">PTO A 80°55'38.0580&quot; ,  PTO B 80°55'17.1050&quot; ,  PTO C 80°55'17.1030&quot; ,  PTO D 80°55'38.0560&quot;</SimpleData>
		<SimpleData name="FLAG">1</SimpleData>
		<SimpleData name="Shape_STAr">0.00001929099</SimpleData>
		<SimpleData name="Shape_STLe">0.01826944464</SimpleData>
	</SchemaData></ExtendedData>
      <Polygon><outerBoundaryIs><LinearRing><coordinates>-80.9214175,-5.70778999999989 -80.927237778,-5.70778999999989 -80.9272383329999,-5.70447611099996 -80.9214180559999,-5.70447499999996 -80.9214175,-5.70778999999989</coordinates></LinearRing></outerBoundaryIs></Polygon>
  </Placemark>
  <Placemark>
	<name>ASOCIACION DE PESCADORES ARTESANALES ACUICULTORES JUVENTUD UNIDA</name>
	<description>ASOCIACION DE PESCADORES ARTESANALES ACUICULTORES JUVENTUD UNIDA</description>
	<Style><LineStyle><color>ff0000ff</color></LineStyle><PolyStyle><fill>0</fill></PolyStyle></Style>
	<ExtendedData><SchemaData schemaUrl="#Areas_de_Derechos_Acuícolas">
		<SimpleData name="CODIGO">5557</SimpleData>
		<SimpleData name="RESOLUCION">R.D.R. Nº 671-2010-GOBIERNO REGIONAL PIURA-DIREPRO-DR</SimpleData>
		<SimpleData name="FECHA_EMIS">2010/12/21</SimpleData>
		<SimpleData name="FECHA_VIGE">2040/12/21</SimpleData>
		<SimpleData name="AREA_TOTAL">20.00000000</SimpleData>
		<SimpleData name="NRO_ZONA">1</SimpleData>
		<SimpleData name="AREA_ZONA_">20.00000000</SimpleData>
		<SimpleData name="ESPECIE">CONCHA DE ABANICO</SimpleData>
		<SimpleData name="AMBITO">MARICULTURA</SimpleData>
		<SimpleData name="TIPO_DEREC">CONCESION</SimpleData>
		<SimpleData name="CATEGORIA_">ACUICULTURA DE MICRO Y PEQUEÑA EMPRESA (AMYPE)</SimpleData>
		<SimpleData name="ESTADO">VIGENTE</SimpleData>
		<SimpleData name="DEPARTAMEN">PIURA</SimpleData>
		<SimpleData name="PROVINCIA">SECHURA</SimpleData>
		<SimpleData name="DISTRITO">SECHURA</SimpleData>
		<SimpleData name="ZONA">LOTE 96-B - BARRANCOS, BAHIA SECHURA</SimpleData>
		<SimpleData name="RESOLUCI_1">R.D.R N° 489-2023-GOBIERNO REGIONAL PIURA-DRP-DR</SimpleData>
		<SimpleData name="FECHA_MODI">2023/08/17</SimpleData>
		<SimpleData name="TIPO_COORD">UBICACIÓN RD</SimpleData>
		<SimpleData name="DATUM">WGS 84</SimpleData>
		<SimpleData name="LATITUD">PTO A 05°46'06.2460&quot; ,  PTO B 05°46'06.2460&quot; ,  PTO C 05°46'12.7600&quot; ,  PTO D 05°46'12.7600&quot;</SimpleData>
		<SimpleData name="LONGITUD">PTO A 80°58'17.2910&quot; ,  PTO B 80°57'44.7750&quot; ,  PTO C 80°57'44.7750&quot; ,  PTO D 80°58'17.2910&quot;</SimpleData>
		<SimpleData name="FLAG">1</SimpleData>
		<SimpleData name="Shape_STAr">0.00001634330</SimpleData>
		<SimpleData name="Shape_STLe">0.02168333333</SimpleData>
	</SchemaData></ExtendedData>
      <Polygon><outerBoundaryIs><LinearRing><coordinates>-80.9624375,-5.77021111099996 -80.9714697219999,-5.77021111099996 -80.9714697219999,-5.768401667 -80.9624375,-5.768401667 -80.9624375,-5.77021111099996</coordinates></LinearRing></outerBoundaryIs></Polygon>
  </Placemark>
  <Placemark>
	<name>MARICULTURA NUEVA ESPERANZA DE SECHURA S.A.C.</name>
	<description>MARICULTURA NUEVA ESPERANZA DE SECHURA S.A.C.</description>
	<Style><LineStyle><color>ff0000ff</color></LineStyle><PolyStyle><fill>0</fill></PolyStyle></Style>
	<ExtendedData><SchemaData schemaUrl="#Areas_de_Derechos_Acuícolas">
		<SimpleData name="CODIGO">12575</SimpleData>
		<SimpleData name="RESOLUCION">R.D.R. Nº 1031-2018-GOBIERNO REGIONAL PIURA-DRP-DR</SimpleData>
		<SimpleData name="FECHA_EMIS">2018/12/31</SimpleData>
		<SimpleData name="FECHA_VIGE">2028/12/31</SimpleData>
		<SimpleData name="AREA_TOTAL">59.99000000</SimpleData>
		<SimpleData name="NRO_ZONA">1</SimpleData>
		<SimpleData name="AREA_ZONA_">59.99000000</SimpleData>
		<SimpleData name="ESPECIE">CONCHA DE ABANICO</SimpleData>
		<SimpleData name="AMBITO">MARICULTURA</SimpleData>
		<SimpleData name="TIPO_DEREC">CONCESION</SimpleData>
		<SimpleData name="CATEGORIA_">ACUICULTURA DE MICRO Y PEQUEÑA EMPRESA (AMYPE)</SimpleData>
		<SimpleData name="ESTADO">VIGENTE</SimpleData>
		<SimpleData name="DEPARTAMEN">PIURA</SimpleData>
		<SimpleData name="PROVINCIA">SECHURA</SimpleData>
		<SimpleData name="DISTRITO">SECHURA</SimpleData>
		<SimpleData name="ZONA">LOTE 34-A - MATACABALLO, BAHIA SECHURA</SimpleData>
		<SimpleData name="RESOLUCI_1">R.D.R. Nº 565-2022-GOBIERNO REGIONAL PIURA-DRP-DR</SimpleData>
		<SimpleData name="FECHA_MODI">2022/07/11</SimpleData>
		<SimpleData name="TIPO_COORD">UBICACIÓN RD</SimpleData>
		<SimpleData name="DATUM">WGS 84</SimpleData>
		<SimpleData name="LATITUD">PTO A 05°37'49.8100&quot; ,  PTO B 05°37'49.8100&quot; ,  PTO C 05°38'09.3502&quot; ,  PTO D 05°38'09.3502&quot;</SimpleData>
		<SimpleData name="LONGITUD">PTO A 80°55'40.6250&quot; ,  PTO B 80°55'08.1220&quot; ,  PTO C 80°55'08.1220&quot; ,  PTO D 80°55'40.6250&quot;</SimpleData>
		<SimpleData name="FLAG">1</SimpleData>
		<SimpleData name="Shape_STAr">0.00004900580</SimpleData>
		<SimpleData name="Shape_STLe">0.02891288889</SimpleData>
	</SchemaData></ExtendedData>
      <Polygon><outerBoundaryIs><LinearRing><coordinates>-80.918922778,-5.63593061099995 -80.9279513889999,-5.63593061099995 -80.9279513889999,-5.63050277799991 -80.918922778,-5.63050277799991 -80.918922778,-5.63593061099995</coordinates></LinearRing></outerBoundaryIs></Polygon>
  </Placemark>
  <Placemark>
	<name>ACUICULTORES LAS DELICIAS S.A.C.</name>
	<description>ACUICULTORES LAS DELICIAS S.A.C.</description>
	<Style><LineStyle><color>ff0000ff</color></LineStyle><PolyStyle><fill>0</fill></PolyStyle></Style>
	<ExtendedData><SchemaData schemaUrl="#Areas_de_Derechos_Acuícolas">
		<SimpleData name="CODIGO">5362</SimpleData>
		<SimpleData name="RESOLUCION">R.D.R. Nº 514-2010-GOBIERNO REGIONAL PIURA-DIREPRO-DR</SimpleData>
		<SimpleData name="FECHA_EMIS">2010/09/27</SimpleData>
		<SimpleData name="FECHA_VIGE">2040/09/27</SimpleData>
		<SimpleData name="AREA_TOTAL">80.00000000</SimpleData>
		<SimpleData name="NRO_ZONA">1</SimpleData>
		<SimpleData name="AREA_ZONA_">80.00000000</SimpleData>
		<SimpleData name="ESPECIE">CONCHA DE ABANICO</SimpleData>
		<SimpleData name="AMBITO">MARICULTURA</SimpleData>
		<SimpleData name="TIPO_DEREC">CONCESION</SimpleData>
		<SimpleData name="CATEGORIA_">ACUICULTURA DE MEDIANA Y GRAN EMPRESA (AMYGE)</SimpleData>
		<SimpleData name="ESTADO">VIGENTE</SimpleData>
		<SimpleData name="DEPARTAMEN">PIURA</SimpleData>
		<SimpleData name="PROVINCIA">SECHURA</SimpleData>
		<SimpleData name="DISTRITO">SECHURA</SimpleData>
		<SimpleData name="ZONA">LOTE 50 - LAS DELICIAS</SimpleData>
		<SimpleData name="RESOLUCI_1">R.D.R. Nº 622-2024-GOBIERNO REGIONAL PIURA-DRP-DR</SimpleData>
		<SimpleData name="FECHA_MODI">2024/08/27</SimpleData>
		<SimpleData name="TIPO_COORD">UBICACIÓN RD</SimpleData>
		<SimpleData name="DATUM">WGS 84</SimpleData>
		<SimpleData name="LATITUD">PTO A 05°41'27.2840&quot; ,  PTO B 05°41'27.2840&quot; ,  PTO C 05°41'56.4120&quot; ,  PTO D 05°41'56.4120&quot;</SimpleData>
		<SimpleData name="LONGITUD">PTO A 80°54'41.2110&quot; ,  PTO B 80°54'12.1340&quot; ,  PTO C 80°54'12.1340&quot; ,  PTO D 80°54'41.2110&quot;</SimpleData>
		<SimpleData name="FLAG">1</SimpleData>
		<SimpleData name="Shape_STAr">0.00006535145</SimpleData>
		<SimpleData name="Shape_STLe">0.03233611111</SimpleData>
	</SchemaData></ExtendedData>
      <Polygon><outerBoundaryIs><LinearRing><coordinates>-80.903370556,-5.69900333299994 -80.9114475,-5.69900333299994 -80.9114475,-5.69091222199999 -80.903370556,-5.69091222199999 -80.903370556,-5.69900333299994</coordinates></LinearRing></outerBoundaryIs></Polygon>
  </Placemark>
  <Placemark>
	<name>MARICULTORES ESPERANZA DEL NORTE S.A.C.</name>
	<description>MARICULTORES ESPERANZA DEL NORTE S.A.C.</description>
	<Style><LineStyle><color>ff0000ff</color></LineStyle><PolyStyle><fill>0</fill></PolyStyle></Style>
	<ExtendedData><SchemaData schemaUrl="#Areas_de_Derechos_Acuícolas">
		<SimpleData name="CODIGO">10983</SimpleData>
		<SimpleData name="RESOLUCION">R.D.R. Nº 431-2018-GOBIERNO REGIONAL PIURA-DRP-DR</SimpleData>
		<SimpleData name="FECHA_EMIS">2018/03/23</SimpleData>
		<SimpleData name="FECHA_VIGE">2028/03/23</SimpleData>
		<SimpleData name="AREA_TOTAL">20.27000000</SimpleData>
		<SimpleData name="NRO_ZONA">1</SimpleData>
		<SimpleData name="AREA_ZONA_">20.27000000</SimpleData>
		<SimpleData name="ESPECIE">CONCHA DE ABANICO</SimpleData>
		<SimpleData name="AMBITO">MARICULTURA</SimpleData>
		<SimpleData name="TIPO_DEREC">CONCESION</SimpleData>
		<SimpleData name="CATEGORIA_">ACUICULTURA DE MICRO Y PEQUEÑA EMPRESA (AMYPE)</SimpleData>
		<SimpleData name="ESTADO">VIGENTE</SimpleData>
		<SimpleData name="DEPARTAMEN">PIURA</SimpleData>
		<SimpleData name="PROVINCIA">SECHURA</SimpleData>
		<SimpleData name="DISTRITO">SECHURA</SimpleData>
		<SimpleData name="ZONA">LOTE 117 -B - BARRANCOS</SimpleData>
		<SimpleData name="TIPO_COORD">UBICACIÓN RD</SimpleData>
		<SimpleData name="DATUM">WGS 84</SimpleData>
		<SimpleData name="LATITUD">PTO A 05°47'30.9260&quot; ,  PTO B 05°47'30.9260&quot; ,  PTO C 05°47'45.5895&quot; ,  PTO D 05°47'45.5895&quot;</SimpleData>
		<SimpleData name="LONGITUD">PTO A 80°56'12.1120&quot; ,  PTO B 80°55'57.4740&quot; ,  PTO C 80°55'57.4740&quot; ,  PTO D 80°56'12.1120&quot;</SimpleData>
		<SimpleData name="FLAG">1</SimpleData>
		<SimpleData name="Shape_STAr">0.00001656206</SimpleData>
		<SimpleData name="Shape_STLe">0.01627861111</SimpleData>
	</SchemaData></ExtendedData>
      <Polygon><outerBoundaryIs><LinearRing><coordinates>-80.9326316669999,-5.79599708300001 -80.9366977779999,-5.79599708300001 -80.9366977779999,-5.79192388899997 -80.9326316669999,-5.79192388899997 -80.9326316669999,-5.79599708300001</coordinates></LinearRing></outerBoundaryIs></Polygon>
  </Placemark>
  <Placemark>
	<name>PRODUCTOS ACUICOLAS ELKIS ALEJANDRO S.A.C.</name>
	<description>PRODUCTOS ACUICOLAS ELKIS ALEJANDRO S.A.C.</description>
	<Style><LineStyle><color>ff0000ff</color></LineStyle><PolyStyle><fill>0</fill></PolyStyle></Style>
	<ExtendedData><SchemaData schemaUrl="#Areas_de_Derechos_Acuícolas">
		<SimpleData name="CODIGO">21203</SimpleData>
		<SimpleData name="RESOLUCION">R.D.R. Nº 643-2024-GOBIERNO REGIONAL PIURA-DRP-DR</SimpleData>
		<SimpleData name="FECHA_EMIS">2024/09/05</SimpleData>
		<SimpleData name="FECHA_VIGE">2054/09/05</SimpleData>
		<SimpleData name="AREA_TOTAL">20.24100000</SimpleData>
		<SimpleData name="NRO_ZONA">1</SimpleData>
		<SimpleData name="AREA_ZONA_">24.24100000</SimpleData>
		<SimpleData name="ESPECIE">CONCHA DE ABANICO</SimpleData>
		<SimpleData name="AMBITO">MARICULTURA</SimpleData>
		<SimpleData name="TIPO_DEREC">CONCESION</SimpleData>
		<SimpleData name="CATEGORIA_">ACUICULTURA DE MICRO Y PEQUEÑA EMPRESA (AMYPE)</SimpleData>
		<SimpleData name="ESTADO">VIGENTE</SimpleData>
		<SimpleData name="DEPARTAMEN">PIURA</SimpleData>
		<SimpleData name="PROVINCIA">SECHURA</SimpleData>
		<SimpleData name="DISTRITO">SECHURA</SimpleData>
		<SimpleData name="ZONA">LOTE 82-B - BARRANCOS</SimpleData>
		<SimpleData name="RESOLUCI_1">R.D.R. Nº 875-2024-GOBIERNO REGIONAL PIURA-DRP-DR</SimpleData>
		<SimpleData name="FECHA_MODI">2024/12/11</SimpleData>
		<SimpleData name="TIPO_COORD">UBICACIÓN RD</SimpleData>
		<SimpleData name="DATUM">WGS 84</SimpleData>
		<SimpleData name="LATITUD">PTO A 05°44'54.6100&quot; ,  PTO B 05°44'54.6100&quot; ,  PTO C 05°45'09.2650&quot; ,  PTO D 05°45'09.2650&quot;</SimpleData>
		<SimpleData name="LONGITUD">PTO A 80°57'19.0120&quot; ,  PTO B 80°57'04.3870&quot; ,  PTO C 80°57'04.3870&quot; ,  PTO D 80°57'19.0120&quot;</SimpleData>
		<SimpleData name="FLAG">1</SimpleData>
		<SimpleData name="Shape_STAr">0.00001653776</SimpleData>
		<SimpleData name="Shape_STLe">0.01626666667</SimpleData>
	</SchemaData></ExtendedData>
      <Polygon><outerBoundaryIs><LinearRing><coordinates>-80.951218611,-5.75257361099991 -80.955281111,-5.75257361099991 -80.955281111,-5.74850277799997 -80.951218611,-5.74850277799997 -80.951218611,-5.75257361099991</coordinates></LinearRing></outerBoundaryIs></Polygon>
  </Placemark>
  <Placemark>
	<name>JESUS EL REDENTOR DE LA VIDA SOCIEDAD ANONIMA CERRADA</name>
	<description>JESUS EL REDENTOR DE LA VIDA SOCIEDAD ANONIMA CERRADA</description>
	<Style><LineStyle><color>ff0000ff</color></LineStyle><PolyStyle><fill>0</fill></PolyStyle></Style>
	<ExtendedData><SchemaData schemaUrl="#Areas_de_Derechos_Acuícolas">
		<SimpleData name="CODIGO">21331</SimpleData>
		<SimpleData name="RESOLUCION">R.D.R. Nº 870-2024-GOBIERNO REGIONAL PIURA-DRP-DR</SimpleData>
		<SimpleData name="FECHA_EMIS">2024/12/04</SimpleData>
		<SimpleData name="FECHA_VIGE">2054/12/04</SimpleData>
		<SimpleData name="AREA_TOTAL">12.98200000</SimpleData>
		<SimpleData name="NRO_ZONA">1</SimpleData>
		<SimpleData name="AREA_ZONA_">0.00000000</SimpleData>
		<SimpleData name="ESPECIE">CONCHA DE ABANICO</SimpleData>
		<SimpleData name="AMBITO">MARICULTURA</SimpleData>
		<SimpleData name="TIPO_DEREC">CONCESION</SimpleData>
		<SimpleData name="CATEGORIA_">ACUICULTURA DE MICRO Y PEQUEÑA EMPRESA (AMYPE)</SimpleData>
		<SimpleData name="ESTADO">VIGENTE</SimpleData>
		<SimpleData name="DEPARTAMEN">PIURA</SimpleData>
		<SimpleData name="PROVINCIA">SECHURA</SimpleData>
		<SimpleData name="DISTRITO">SECHURA</SimpleData>
		<SimpleData name="ZONA">LOTE N° 24 - PUERTO RICO</SimpleData>
		<SimpleData name="TIPO_COORD">UBICACIÓN RD</SimpleData>
		<SimpleData name="DATUM">WGS 84</SimpleData>
		<SimpleData name="LATITUD">PTO A 05°47'32.9540&quot; ,  PTO B 05°47'52.2480&quot; ,  PTO C 05°47'52.2480&quot;</SimpleData>
		<SimpleData name="LONGITUD">PTO A 81°00'50.0070&quot; ,  PTO B 81°00'35.7560&quot; ,  PTO C 81°00'50.0070&quot;</SimpleData>
		<SimpleData name="FLAG">1</SimpleData>
		<SimpleData name="Shape_STAr">0.00001060798</SimpleData>
		<SimpleData name="Shape_STLe">0.01598095633</SimpleData>
	</SchemaData></ExtendedData>
      <Polygon><outerBoundaryIs><LinearRing><coordinates>-81.009932222,-5.79784666699993 -81.0138908329999,-5.79784666699993 -81.0138908329999,-5.79248722199995 -81.009932222,-5.79784666699993</coordinates></LinearRing></outerBoundaryIs></Polygon>
  </Placemark>
  <Placemark>
	<name>ACUICULTORES AMIGOS UNIDOS POR SIEMPRE S.A.C</name>
	<description>ACUICULTORES AMIGOS UNIDOS POR SIEMPRE S.A.C</description>
	<Style><LineStyle><color>ff0000ff</color></LineStyle><PolyStyle><fill>0</fill></PolyStyle></Style>
	<ExtendedData><SchemaData schemaUrl="#Areas_de_Derechos_Acuícolas">
		<SimpleData name="CODIGO">21202</SimpleData>
		<SimpleData name="RESOLUCION">R.D.R. Nº 600-2024-GOBIERNO REGIONAL PIURA-DRP-DR</SimpleData>
		<SimpleData name="FECHA_EMIS">2024/08/14</SimpleData>
		<SimpleData name="FECHA_VIGE">2054/08/14</SimpleData>
		<SimpleData name="AREA_TOTAL">20.24000000</SimpleData>
		<SimpleData name="NRO_ZONA">1</SimpleData>
		<SimpleData name="AREA_ZONA_">20.24000000</SimpleData>
		<SimpleData name="ESPECIE">CONCHA DE ABANICO</SimpleData>
		<SimpleData name="AMBITO">MARICULTURA</SimpleData>
		<SimpleData name="TIPO_DEREC">CONCESION</SimpleData>
		<SimpleData name="CATEGORIA_">ACUICULTURA DE MICRO Y PEQUEÑA EMPRESA (AMYPE)</SimpleData>
		<SimpleData name="ESTADO">VIGENTE</SimpleData>
		<SimpleData name="DEPARTAMEN">PIURA</SimpleData>
		<SimpleData name="PROVINCIA">SECHURA</SimpleData>
		<SimpleData name="DISTRITO">SECHURA</SimpleData>
		<SimpleData name="ZONA">LOTE 82-D BARRANCOS</SimpleData>
		<SimpleData name="TIPO_COORD">UBICACIÓN RD</SimpleData>
		<SimpleData name="DATUM">WGS 84</SimpleData>
		<SimpleData name="LATITUD">PTO A 05°45'12.5220&quot; ,  PTO B 05°45'12.5220&quot; ,  PTO C 05°45'27.1770&quot; ,  PTO D 05°45'27.1770&quot;</SimpleData>
		<SimpleData name="LONGITUD">PTO A 80°57'19.0120&quot; ,  PTO B 80°57'04.3870&quot; ,  PTO C 80°57'04.3870&quot; ,  PTO D 80°57'19.0120&quot;</SimpleData>
		<SimpleData name="FLAG">1</SimpleData>
		<SimpleData name="Shape_STAr">0.00001653776</SimpleData>
		<SimpleData name="Shape_STLe">0.01626666667</SimpleData>
	</SchemaData></ExtendedData>
      <Polygon><outerBoundaryIs><LinearRing><coordinates>-80.951218611,-5.75754916700001 -80.955281111,-5.75754916700001 -80.955281111,-5.75347833299998 -80.951218611,-5.75347833299998 -80.951218611,-5.75754916700001</coordinates></LinearRing></outerBoundaryIs></Polygon>
  </Placemark>
  <Placemark>
	<name>ACUICOLA CONSTANTE S.A.C.</name>
	<description>ACUICOLA CONSTANTE S.A.C.</description>
	<Style><LineStyle><color>ff0000ff</color></LineStyle><PolyStyle><fill>0</fill></PolyStyle></Style>
	<ExtendedData><SchemaData schemaUrl="#Areas_de_Derechos_Acuícolas">
		<SimpleData name="CODIGO">20806</SimpleData>
		<SimpleData name="RESOLUCION">R.D.R. Nº 06-2024-GOBIERNOREGIONAL PIURA-DRP-DR</SimpleData>
		<SimpleData name="FECHA_EMIS">2024/01/12</SimpleData>
		<SimpleData name="FECHA_VIGE">2054/01/12</SimpleData>
		<SimpleData name="AREA_TOTAL">23.62000000</SimpleData>
		<SimpleData name="NRO_ZONA">1</SimpleData>
		<SimpleData name="AREA_ZONA_">23.62000000</SimpleData>
		<SimpleData name="ESPECIE">CONCHA DE ABANICO</SimpleData>
		<SimpleData name="AMBITO">MARICULTURA</SimpleData>
		<SimpleData name="TIPO_DEREC">CONCESION</SimpleData>
		<SimpleData name="CATEGORIA_">ACUICULTURA DE MICRO Y PEQUEÑA EMPRESA (AMYPE)</SimpleData>
		<SimpleData name="ESTADO">VIGENTE</SimpleData>
		<SimpleData name="DEPARTAMEN">PIURA</SimpleData>
		<SimpleData name="PROVINCIA">SECHURA</SimpleData>
		<SimpleData name="DISTRITO">SECHURA</SimpleData>
		<SimpleData name="ZONA">LOTE 140-C - CONSTANTE</SimpleData>
		<SimpleData name="TIPO_COORD">UBICACIÓN RD</SimpleData>
		<SimpleData name="DATUM">WGS 84</SimpleData>
		<SimpleData name="LATITUD">PTO A 05°38'56.8250&quot; ,  PTO B 05°38'56.8230&quot; ,  PTO C 05°39'11.8420&quot; ,  PTO D 05°39'11.8450&quot;</SimpleData>
		<SimpleData name="LONGITUD">PTO A 80°54'44.5460&quot; ,  PTO B 80°54'27.8970&quot; ,  PTO C 80°54'27.8940&quot; ,  PTO D 80°54'44.5440&quot;</SimpleData>
		<SimpleData name="FLAG">1</SimpleData>
		<SimpleData name="Shape_STAr">0.00001929531</SimpleData>
		<SimpleData name="Shape_STLe">0.01759388912</SimpleData>
	</SchemaData></ExtendedData>
      <Polygon><outerBoundaryIs><LinearRing><coordinates>-80.907748333,-5.65328944399995 -80.9123733329999,-5.65329027799993 -80.912373889,-5.64911805599995 -80.9077491669999,-5.64911749999991 -80.907748333,-5.65328944399995</coordinates></LinearRing></outerBoundaryIs></Polygon>
  </Placemark>
  <Placemark>
	<name>SIEMPRE JEHOVA ES VIDA GF S.A.C.</name>
	<description>SIEMPRE JEHOVA ES VIDA GF S.A.C.</description>
	<Style><LineStyle><color>ff0000ff</color></LineStyle><PolyStyle><fill>0</fill></PolyStyle></Style>
	<ExtendedData><SchemaData schemaUrl="#Areas_de_Derechos_Acuícolas">
		<SimpleData name="CODIGO">21210</SimpleData>
		<SimpleData name="RESOLUCION">R.D.R. Nº 747-2024-GOBIERNO REGIONAL PIURA-DRP-DR</SimpleData>
		<SimpleData name="FECHA_EMIS">2024/10/25</SimpleData>
		<SimpleData name="FECHA_VIGE">2054/10/25</SimpleData>
		<SimpleData name="AREA_TOTAL">20.25000000</SimpleData>
		<SimpleData name="NRO_ZONA">1</SimpleData>
		<SimpleData name="AREA_ZONA_">20.25000000</SimpleData>
		<SimpleData name="ESPECIE">CONCHA DE ABANICO</SimpleData>
		<SimpleData name="AMBITO">MARICULTURA</SimpleData>
		<SimpleData name="TIPO_DEREC">CONCESION</SimpleData>
		<SimpleData name="CATEGORIA_">ACUICULTURA DE MICRO Y PEQUEÑA EMPRESA (AMYPE)</SimpleData>
		<SimpleData name="ESTADO">VIGENTE</SimpleData>
		<SimpleData name="DEPARTAMEN">PIURA</SimpleData>
		<SimpleData name="PROVINCIA">SECHURA</SimpleData>
		<SimpleData name="DISTRITO">SECHURA</SimpleData>
		<SimpleData name="ZONA">LOTE 82-C BARRANCOS</SimpleData>
		<SimpleData name="TIPO_COORD">UBICACIÓN RD</SimpleData>
		<SimpleData name="DATUM">WGS 84</SimpleData>
		<SimpleData name="LATITUD">PTO A 05°45'12.5220&quot; ,  PTO B 05°45'12.5220&quot; ,  PTO C 05°45'27.1770&quot; ,  PTO D 05°45'27.1770&quot;</SimpleData>
		<SimpleData name="LONGITUD">PTO A 80°57'36.8960&quot; ,  PTO B 80°57'22.2640&quot; ,  PTO C 80°57'22.2640&quot; ,  PTO D 80°57'36.8960&quot;</SimpleData>
		<SimpleData name="FLAG">1</SimpleData>
		<SimpleData name="Shape_STAr">0.00001654568</SimpleData>
		<SimpleData name="Shape_STLe">0.01627055556</SimpleData>
	</SchemaData></ExtendedData>
      <Polygon><outerBoundaryIs><LinearRing><coordinates>-80.956184444,-5.75754916700001 -80.960248889,-5.75754916700001 -80.960248889,-5.75347833299998 -80.956184444,-5.75347833299998 -80.956184444,-5.75754916700001</coordinates></LinearRing></outerBoundaryIs></Polygon>
  </Placemark>
  <Placemark>
	<name>ACUICULTORES EL SALVADOR SOCIEDAD ANONIMA CERRADA</name>
	<description>ACUICULTORES EL SALVADOR SOCIEDAD ANONIMA CERRADA</description>
	<Style><LineStyle><color>ff0000ff</color></LineStyle><PolyStyle><fill>0</fill></PolyStyle></Style>
	<ExtendedData><SchemaData schemaUrl="#Areas_de_Derechos_Acuícolas">
		<SimpleData name="CODIGO">20751</SimpleData>
		<SimpleData name="RESOLUCION">R.D. Nº 825-2023-GOBIERNO REGIONAL PIURA-DRP-DR</SimpleData>
		<SimpleData name="FECHA_EMIS">2023/11/15</SimpleData>
		<SimpleData name="FECHA_VIGE">2053/11/15</SimpleData>
		<SimpleData name="AREA_TOTAL">22.80800000</SimpleData>
		<SimpleData name="NRO_ZONA">1</SimpleData>
		<SimpleData name="AREA_ZONA_">22.80800000</SimpleData>
		<SimpleData name="ESPECIE">CONCHA DE ABANICO</SimpleData>
		<SimpleData name="AMBITO">MARICULTURA</SimpleData>
		<SimpleData name="TIPO_DEREC">CONCESION</SimpleData>
		<SimpleData name="CATEGORIA_">ACUICULTURA DE MICRO Y PEQUEÑA EMPRESA (AMYPE)</SimpleData>
		<SimpleData name="ESTADO">VIGENTE</SimpleData>
		<SimpleData name="DEPARTAMEN">PIURA</SimpleData>
		<SimpleData name="PROVINCIA">SECHURA</SimpleData>
		<SimpleData name="DISTRITO">SECHURA</SimpleData>
		<SimpleData name="ZONA">LOTE 140-J - CONSTANTE</SimpleData>
		<SimpleData name="TIPO_COORD">UBICACIÓN RD</SimpleData>
		<SimpleData name="DATUM">WGS 84</SimpleData>
		<SimpleData name="LATITUD">PTO A 05°39'55.8930&quot; ,  PTO B 05°39'55.8910&quot; ,  PTO C 05°40'13.0200&quot; ,  PTO D 05°40'13.0320&quot;</SimpleData>
		<SimpleData name="LONGITUD">PTO A 80°54'44.5370&quot; ,  PTO B 80°54'30.4430&quot; ,  PTO C 80°54'30.4410&quot; ,  PTO D 80°54'44.5350&quot;</SimpleData>
		<SimpleData name="FLAG">1</SimpleData>
		<SimpleData name="Shape_STAr">0.00001863323</SimpleData>
		<SimpleData name="Shape_STLe">0.01734889041</SimpleData>
	</SchemaData></ExtendedData>
      <Polygon><outerBoundaryIs><LinearRing><coordinates>-80.908455833,-5.67028333299996 -80.912370833,-5.67028666699997 -80.9123713889999,-5.66552583299996 -80.9084563889999,-5.665525278 -80.908455833,-5.67028333299996</coordinates></LinearRing></outerBoundaryIs></Polygon>
  </Placemark>
  <Placemark>
	<name>ACUICOLA JLR SOCIEDAD ANÓNIMA CERRADA - ACUICOLA JLR S.A.C.</name>
	<description>ACUICOLA JLR SOCIEDAD ANÓNIMA CERRADA - ACUICOLA JLR S.A.C.</description>
	<Style><LineStyle><color>ff0000ff</color></LineStyle><PolyStyle><fill>0</fill></PolyStyle></Style>
	<ExtendedData><SchemaData schemaUrl="#Areas_de_Derechos_Acuícolas">
		<SimpleData name="CODIGO">21023</SimpleData>
		<SimpleData name="RESOLUCION">R.D.R. Nº 138-2024-GOBIERNO REGIONAL PIURA-DRP-DR</SimpleData>
		<SimpleData name="FECHA_EMIS">2024/02/27</SimpleData>
		<SimpleData name="FECHA_VIGE">2054/02/27</SimpleData>
		<SimpleData name="AREA_TOTAL">32.20200000</SimpleData>
		<SimpleData name="NRO_ZONA">1</SimpleData>
		<SimpleData name="AREA_ZONA_">32.20200000</SimpleData>
		<SimpleData name="ESPECIE">CONCHA DE ABANICO</SimpleData>
		<SimpleData name="AMBITO">MARICULTURA</SimpleData>
		<SimpleData name="TIPO_DEREC">CONCESION</SimpleData>
		<SimpleData name="CATEGORIA_">ACUICULTURA DE MICRO Y PEQUEÑA EMPRESA (AMYPE)</SimpleData>
		<SimpleData name="ESTADO">VIGENTE</SimpleData>
		<SimpleData name="DEPARTAMEN">PIURA</SimpleData>
		<SimpleData name="PROVINCIA">SECHURA</SimpleData>
		<SimpleData name="DISTRITO">SECHURA</SimpleData>
		<SimpleData name="ZONA">LOTE 140-F - CONSTANTE</SimpleData>
		<SimpleData name="TIPO_COORD">UBICACIÓN RD</SimpleData>
		<SimpleData name="DATUM">WGS 84</SimpleData>
		<SimpleData name="LATITUD">PTO A 05°39'15.1020&quot; ,  PTO B 05°39'15.0950&quot; ,  PTO C 05°39'32.2360&quot; ,  PTO D 05°39'32.2360&quot;</SimpleData>
		<SimpleData name="LONGITUD">PTO A 80°54'24.6430&quot; ,  PTO B 80°54'06.7040&quot; ,  PTO C 80°54'02.7910&quot; ,  PTO D 80°54'24.6400&quot;</SimpleData>
		<SimpleData name="FLAG">1</SimpleData>
		<SimpleData name="Shape_STAr">0.00002630712</SimpleData>
		<SimpleData name="Shape_STLe">0.02069554594</SimpleData>
	</SchemaData></ExtendedData>
      <Polygon><outerBoundaryIs><LinearRing><coordinates>-80.900775278,-5.65895444399998 -80.906844444,-5.65895444399998 -80.9068452779999,-5.65419499999991 -80.9018622219999,-5.65419305599993 -80.900775278,-5.65895444399998</coordinates></LinearRing></outerBoundaryIs></Polygon>
  </Placemark>
  <Placemark>
	<name>ASOCIACION DE PESCADORES ARTESANALES ACUICULTORES &quot;PODEROSO SEÑOR CAUTIVO&quot;</name>
	<description>ASOCIACION DE PESCADORES ARTESANALES ACUICULTORES &quot;PODEROSO SEÑOR CAUTIVO&quot;</description>
	<Style><LineStyle><color>ff0000ff</color></LineStyle><PolyStyle><fill>0</fill></PolyStyle></Style>
	<ExtendedData><SchemaData schemaUrl="#Areas_de_Derechos_Acuícolas">
		<SimpleData name="CODIGO">21209</SimpleData>
		<SimpleData name="RESOLUCION">R.D.R. Nº 758-2024-GOBIERNO REGIONAL PIURA-DRP-DR</SimpleData>
		<SimpleData name="FECHA_EMIS">2024/10/31</SimpleData>
		<SimpleData name="FECHA_VIGE">2054/10/31</SimpleData>
		<SimpleData name="AREA_TOTAL">17.26300000</SimpleData>
		<SimpleData name="NRO_ZONA">1</SimpleData>
		<SimpleData name="AREA_ZONA_">17.26300000</SimpleData>
		<SimpleData name="ESPECIE">CONCHA DE ABANICO</SimpleData>
		<SimpleData name="AMBITO">MARICULTURA</SimpleData>
		<SimpleData name="TIPO_DEREC">CONCESION</SimpleData>
		<SimpleData name="CATEGORIA_">ACUICULTURA DE MICRO Y PEQUEÑA EMPRESA (AMYPE)</SimpleData>
		<SimpleData name="ESTADO">VIGENTE</SimpleData>
		<SimpleData name="DEPARTAMEN">PIURA</SimpleData>
		<SimpleData name="PROVINCIA">SECHURA</SimpleData>
		<SimpleData name="DISTRITO">SECHURA</SimpleData>
		<SimpleData name="ZONA">LOTE 146 - VICHAYO</SimpleData>
		<SimpleData name="TIPO_COORD">UBICACIÓN RD</SimpleData>
		<SimpleData name="DATUM">WGS 84</SimpleData>
		<SimpleData name="LATITUD">PTO A 05°47'21.9660&quot; ,  PTO B 05°47'10.7980&quot; ,  PTO C 05°47'24.2390&quot; ,  PTO D 05°47'24.2390&quot;</SimpleData>
		<SimpleData name="LONGITUD">PTO A 80°58'33.5030&quot; ,  PTO B 80°58'10.2370&quot; ,  PTO C 80°58'10.2360&quot; ,  PTO D 80°58'33.5030&quot;</SimpleData>
		<SimpleData name="FLAG">1</SimpleData>
		<SimpleData name="Shape_STAr">0.00001410553</SimpleData>
		<SimpleData name="Shape_STLe">0.01799682668</SimpleData>
	</SchemaData></ExtendedData>
      <Polygon><outerBoundaryIs><LinearRing><coordinates>-80.9695099999999,-5.79006638899993 -80.975973056,-5.79006638899993 -80.975973056,-5.78943500000001 -80.969510278,-5.78633277800001 -80.9695099999999,-5.79006638899993</coordinates></LinearRing></outerBoundaryIs></Polygon>
  </Placemark>
  <Placemark>
	<name>AMIGOS DE CHACRA S.A.C</name>
	<description>AMIGOS DE CHACRA S.A.C</description>
	<Style><LineStyle><color>ff0000ff</color></LineStyle><PolyStyle><fill>0</fill></PolyStyle></Style>
	<ExtendedData><SchemaData schemaUrl="#Areas_de_Derechos_Acuícolas">
		<SimpleData name="CODIGO">10971</SimpleData>
		<SimpleData name="RESOLUCION">R.D.R. Nº 424-2018-GOBIERNO REGIONAL PIURA-DRP-DR</SimpleData>
		<SimpleData name="FECHA_EMIS">2018/03/23</SimpleData>
		<SimpleData name="FECHA_VIGE">2028/03/23</SimpleData>
		<SimpleData name="AREA_TOTAL">32.64000000</SimpleData>
		<SimpleData name="NRO_ZONA">1</SimpleData>
		<SimpleData name="AREA_ZONA_">32.64000000</SimpleData>
		<SimpleData name="ESPECIE">CONCHA DE ABANICO</SimpleData>
		<SimpleData name="AMBITO">MARICULTURA</SimpleData>
		<SimpleData name="TIPO_DEREC">CONCESION</SimpleData>
		<SimpleData name="CATEGORIA_">ACUICULTURA DE MICRO Y PEQUEÑA EMPRESA (AMYPE)</SimpleData>
		<SimpleData name="ESTADO">VIGENTE</SimpleData>
		<SimpleData name="DEPARTAMEN">PIURA</SimpleData>
		<SimpleData name="PROVINCIA">SECHURA</SimpleData>
		<SimpleData name="DISTRITO">SECHURA</SimpleData>
		<SimpleData name="ZONA">LOTE 110-B - BARRANCOS</SimpleData>
		<SimpleData name="RESOLUCI_1">R.D.R.Nº  495 -2018-GOBIERNO REGIONAL PIURA-DRP-DR</SimpleData>
		<SimpleData name="FECHA_MODI">2018/05/03</SimpleData>
		<SimpleData name="TIPO_COORD">UBICACIÓN RD</SimpleData>
		<SimpleData name="DATUM">WGS 84</SimpleData>
		<SimpleData name="LATITUD">PTO A 05°46'55.1090&quot; ,  PTO B 05°46'55.1244&quot; ,  PTO C 05°47'24.2376&quot; ,  PTO D 05°47'24.2380&quot;</SimpleData>
		<SimpleData name="LONGITUD">PTO A 80°57'02.3170&quot; ,  PTO B 80°56'50.5536&quot; ,  PTO C 80°56'50.3412&quot; ,  PTO D 80°57'02.3170&quot;</SimpleData>
		<SimpleData name="FLAG">1</SimpleData>
		<SimpleData name="Shape_STAr">0.00002667091</SimpleData>
		<SimpleData name="Shape_STLe">0.02277282913</SimpleData>
	</SchemaData></ExtendedData>
      <Polygon><outerBoundaryIs><LinearRing><coordinates>-80.947376,-5.78197899999993 -80.9473169999999,-5.79006599999999 -80.950643611,-5.79006611099991 -80.950643611,-5.78197472199994 -80.947376,-5.78197899999993</coordinates></LinearRing></outerBoundaryIs></Polygon>
  </Placemark>
  <Placemark>
	<name>EMPRESA DE PESCADORES ARTESANALES DIOS ES MI FORTALEZA SOCIEDAD ANOMINA CERRADA</name>
	<description>EMPRESA DE PESCADORES ARTESANALES DIOS ES MI FORTALEZA SOCIEDAD ANOMINA CERRADA</description>
	<Style><LineStyle><color>ff0000ff</color></LineStyle><PolyStyle><fill>0</fill></PolyStyle></Style>
	<ExtendedData><SchemaData schemaUrl="#Areas_de_Derechos_Acuícolas">
		<SimpleData name="CODIGO">21129</SimpleData>
		<SimpleData name="RESOLUCION">R.D.R. Nº 559-2024-GOBIERNO REGIONAL PIURA-DRP-DR</SimpleData>
		<SimpleData name="FECHA_EMIS">2024/07/01</SimpleData>
		<SimpleData name="FECHA_VIGE">2054/07/01</SimpleData>
		<SimpleData name="AREA_TOTAL">20.41400000</SimpleData>
		<SimpleData name="NRO_ZONA">1</SimpleData>
		<SimpleData name="AREA_ZONA_">20.41400000</SimpleData>
		<SimpleData name="ESPECIE">CONCHA DE ABANICO</SimpleData>
		<SimpleData name="AMBITO">MARICULTURA</SimpleData>
		<SimpleData name="TIPO_DEREC">CONCESION</SimpleData>
		<SimpleData name="CATEGORIA_">ACUICULTURA DE MICRO Y PEQUEÑA EMPRESA (AMYPE)</SimpleData>
		<SimpleData name="ESTADO">VIGENTE</SimpleData>
		<SimpleData name="DEPARTAMEN">PIURA</SimpleData>
		<SimpleData name="PROVINCIA">SECHURA</SimpleData>
		<SimpleData name="DISTRITO">SECHURA</SimpleData>
		<SimpleData name="ZONA">LOTE 140-H - CONSTANTE</SimpleData>
		<SimpleData name="TIPO_COORD">UBICACIÓN RD</SimpleData>
		<SimpleData name="DATUM">WGS 84</SimpleData>
		<SimpleData name="LATITUD">PTO A 05°39'35.4950&quot; ,  PTO B 05°39'35.4930&quot; ,  PTO C 05°39'52.6320&quot; ,  PTO D 05°39'52.6340&quot;</SimpleData>
		<SimpleData name="LONGITUD">PTO A 80°54'28.6790&quot; ,  PTO B 80°54'16.0690&quot; ,  PTO C 80°54'16.0660&quot; ,  PTO D 80°54'28.6770&quot;</SimpleData>
		<SimpleData name="FLAG">1</SimpleData>
		<SimpleData name="Shape_STAr">0.00001667680</SimpleData>
		<SimpleData name="Shape_STLe">0.01652750019</SimpleData>
	</SchemaData></ExtendedData>
      <Polygon><outerBoundaryIs><LinearRing><coordinates>-80.904462778,-5.66461999999997 -80.9079658329999,-5.66462055599993 -80.907966389,-5.65985972199992 -80.904463611,-5.65985916699997 -80.904462778,-5.66461999999997</coordinates></LinearRing></outerBoundaryIs></Polygon>
  </Placemark>
  <Placemark>
	<name>SCALLOPS EXPORTACIONES SECHURA S.A.C.</name>
	<description>SCALLOPS EXPORTACIONES SECHURA S.A.C.</description>
	<Style><LineStyle><color>ff0000ff</color></LineStyle><PolyStyle><fill>0</fill></PolyStyle></Style>
	<ExtendedData><SchemaData schemaUrl="#Areas_de_Derechos_Acuícolas">
		<SimpleData name="CODIGO">21208</SimpleData>
		<SimpleData name="RESOLUCION">R.D.R. Nº 602-2024-GOBIERNO REGIONAL PIURA-DRP-DR</SimpleData>
		<SimpleData name="FECHA_EMIS">2024/08/14</SimpleData>
		<SimpleData name="FECHA_VIGE">2054/08/14</SimpleData>
		<SimpleData name="AREA_TOTAL">14.17500000</SimpleData>
		<SimpleData name="NRO_ZONA">1</SimpleData>
		<SimpleData name="AREA_ZONA_">14.17500000</SimpleData>
		<SimpleData name="ESPECIE">CONCHA DE ABANICO</SimpleData>
		<SimpleData name="AMBITO">MARICULTURA</SimpleData>
		<SimpleData name="TIPO_DEREC">CONCESION</SimpleData>
		<SimpleData name="CATEGORIA_">ACUICULTURA DE MICRO Y PEQUEÑA EMPRESA (AMYPE)</SimpleData>
		<SimpleData name="ESTADO">VIGENTE</SimpleData>
		<SimpleData name="DEPARTAMEN">PIURA</SimpleData>
		<SimpleData name="PROVINCIA">SECHURA</SimpleData>
		<SimpleData name="DISTRITO">SECHURA</SimpleData>
		<SimpleData name="ZONA">LOTE 145 - PARACHIQUE</SimpleData>
		<SimpleData name="TIPO_COORD">UBICACIÓN RD</SimpleData>
		<SimpleData name="DATUM">WGS 84</SimpleData>
		<SimpleData name="LATITUD">PTO A 05°45'49.0430&quot; ,  PTO B 05°45'49.0410&quot; ,  PTO C 05°46'12.7740&quot;</SimpleData>
		<SimpleData name="LONGITUD">PTO A 80°53'31.1540&quot; ,  PTO B 80°53'18.5040&quot; ,  PTO C 80°53'31.1500&quot;</SimpleData>
		<SimpleData name="FLAG">1</SimpleData>
		<SimpleData name="Shape_STAr">0.00001158168</SimpleData>
		<SimpleData name="Shape_STLe">0.01757581767</SimpleData>
	</SchemaData></ExtendedData>
      <Polygon><outerBoundaryIs><LinearRing><coordinates>-80.888473333,-5.7636224999999 -80.8919861109999,-5.77021499999993 -80.8919872219999,-5.76362305599994 -80.888473333,-5.7636224999999</coordinates></LinearRing></outerBoundaryIs></Polygon>
  </Placemark>
  <Placemark>
	<name>ACUICULTORES LUBER SOCIEDAD ANONIMA CERRADA</name>
	<description>ACUICULTORES LUBER SOCIEDAD ANONIMA CERRADA</description>
	<Style><LineStyle><color>ff0000ff</color></LineStyle><PolyStyle><fill>0</fill></PolyStyle></Style>
	<ExtendedData><SchemaData schemaUrl="#Areas_de_Derechos_Acuícolas">
		<SimpleData name="CODIGO">21029</SimpleData>
		<SimpleData name="RESOLUCION">R.D.R. Nº 519-2024-GOBIERNO REGIONAL PIURA-DRP-DR</SimpleData>
		<SimpleData name="FECHA_EMIS">2024/05/28</SimpleData>
		<SimpleData name="FECHA_VIGE">2054/05/28</SimpleData>
		<SimpleData name="AREA_TOTAL">27.55200000</SimpleData>
		<SimpleData name="NRO_ZONA">1</SimpleData>
		<SimpleData name="AREA_ZONA_">27.55200000</SimpleData>
		<SimpleData name="ESPECIE">CONCHA DE ABANICO</SimpleData>
		<SimpleData name="AMBITO">MARICULTURA</SimpleData>
		<SimpleData name="TIPO_DEREC">CONCESION</SimpleData>
		<SimpleData name="CATEGORIA_">ACUICULTURA DE MICRO Y PEQUEÑA EMPRESA (AMYPE)</SimpleData>
		<SimpleData name="ESTADO">VIGENTE</SimpleData>
		<SimpleData name="DEPARTAMEN">PIURA</SimpleData>
		<SimpleData name="PROVINCIA">SECHURA</SimpleData>
		<SimpleData name="DISTRITO">SECHURA</SimpleData>
		<SimpleData name="ZONA">LOTE 100-B - BARRANCOS</SimpleData>
		<SimpleData name="TIPO_COORD">UBICACIÓN RD</SimpleData>
		<SimpleData name="DATUM">WGS 84</SimpleData>
		<SimpleData name="LATITUD">PTO A 05°46'19.2850&quot; ,  PTO B 05°46'19.2850&quot; ,  PTO C 05°46'28.2580&quot; ,  PTO D 05°46'28.2580&quot;</SimpleData>
		<SimpleData name="LONGITUD">PTO A 80°57'05.7570&quot; ,  PTO B 80°56'33.2410&quot; ,  PTO C 80°56'33.2410&quot; ,  PTO D 80°57'05.7570&quot;</SimpleData>
		<SimpleData name="FLAG">1</SimpleData>
		<SimpleData name="Shape_STAr">0.00002251281</SimpleData>
		<SimpleData name="Shape_STLe">0.02304944445</SimpleData>
	</SchemaData></ExtendedData>
      <Polygon><outerBoundaryIs><LinearRing><coordinates>-80.942566944,-5.774516111 -80.951599167,-5.774516111 -80.951599167,-5.77202361099992 -80.942566944,-5.77202361099992 -80.942566944,-5.774516111</coordinates></LinearRing></outerBoundaryIs></Polygon>
  </Placemark>
  <Placemark>
	<name>ASOCIACION DE PESCADORES ARTESANALES EXTRACTORES DE MARISCOS SUPERACION Y FORTALEZA</name>
	<description>ASOCIACION DE PESCADORES ARTESANALES EXTRACTORES DE MARISCOS SUPERACION Y FORTALEZA</description>
	<Style><LineStyle><color>ff0000ff</color></LineStyle><PolyStyle><fill>0</fill></PolyStyle></Style>
	<ExtendedData><SchemaData schemaUrl="#Areas_de_Derechos_Acuícolas">
		<SimpleData name="CODIGO">5339</SimpleData>
		<SimpleData name="RESOLUCION">R.D.R. Nº 438-2010-GOBIERNO REGIONAL PIURA-DIREPRO-DR</SimpleData>
		<SimpleData name="FECHA_EMIS">2010/08/19</SimpleData>
		<SimpleData name="FECHA_VIGE">2040/08/19</SimpleData>
		<SimpleData name="AREA_TOTAL">100.00000000</SimpleData>
		<SimpleData name="NRO_ZONA">1</SimpleData>
		<SimpleData name="AREA_ZONA_">100.00000000</SimpleData>
		<SimpleData name="ESPECIE">CONCHA DE ABANICO</SimpleData>
		<SimpleData name="AMBITO">MARICULTURA</SimpleData>
		<SimpleData name="TIPO_DEREC">CONCESION</SimpleData>
		<SimpleData name="CATEGORIA_">ACUICULTURA DE MICRO Y PEQUEÑA EMPRESA (AMYPE)</SimpleData>
		<SimpleData name="ESTADO">VIGENTE</SimpleData>
		<SimpleData name="DEPARTAMEN">PIURA</SimpleData>
		<SimpleData name="PROVINCIA">SECHURA</SimpleData>
		<SimpleData name="DISTRITO">SECHURA</SimpleData>
		<SimpleData name="ZONA">LOTE 27 - MATACABALLO</SimpleData>
		<SimpleData name="RESOLUCI_1">R.D.R. Nº 152-2024-GOBIERNO REGIONAL PIURA-DRP-DR</SimpleData>
		<SimpleData name="FECHA_MODI">2024/03/04</SimpleData>
		<SimpleData name="TIPO_COORD">UBICACIÓN RD</SimpleData>
		<SimpleData name="DATUM">WGS 84</SimpleData>
		<SimpleData name="LATITUD">PTO A 05°37'13.9860&quot; ,  PTO B 05°37'13.986&quot; ,  PTO C 05°37'46.554&quot; ,  PTO D 05°37'46.554&quot;</SimpleData>
		<SimpleData name="LONGITUD">PTO A 80°54'28.1240&quot; ,  PTO B 80°53'55.617&quot; ,  PTO C 80°53'55.617&quot; ,  PTO D 80°54'28.124&quot;</SimpleData>
		<SimpleData name="FLAG">1</SimpleData>
		<SimpleData name="Shape_STAr">0.00008168889</SimpleData>
		<SimpleData name="Shape_STLe">0.03615277778</SimpleData>
	</SchemaData></ExtendedData>
      <Polygon><outerBoundaryIs><LinearRing><coordinates>-80.8987824999999,-5.62959833299995 -80.9078122219999,-5.62959833299995 -80.9078122219999,-5.62055166699998 -80.8987824999999,-5.62055166699998 -80.8987824999999,-5.62959833299995</coordinates></LinearRing></outerBoundaryIs></Polygon>
  </Placemark>
  <Placemark>
	<name>PRODUCTOS Y CULTIVOS DEL MAR S.A.C</name>
	<description>PRODUCTOS Y CULTIVOS DEL MAR S.A.C</description>
	<Style><LineStyle><color>ff0000ff</color></LineStyle><PolyStyle><fill>0</fill></PolyStyle></Style>
	<ExtendedData><SchemaData schemaUrl="#Areas_de_Derechos_Acuícolas">
		<SimpleData name="CODIGO">21207</SimpleData>
		<SimpleData name="RESOLUCION">R.D.R. Nº 692-2024-GOBIERNO REGIONAL PIURA-DRP-DR</SimpleData>
		<SimpleData name="FECHA_EMIS">2024/09/26</SimpleData>
		<SimpleData name="FECHA_VIGE">2054/09/26</SimpleData>
		<SimpleData name="AREA_TOTAL">11.20800000</SimpleData>
		<SimpleData name="NRO_ZONA">1</SimpleData>
		<SimpleData name="AREA_ZONA_">11.20800000</SimpleData>
		<SimpleData name="ESPECIE">CONCHA DE ABANICO</SimpleData>
		<SimpleData name="AMBITO">MARICULTURA</SimpleData>
		<SimpleData name="TIPO_DEREC">CONCESION</SimpleData>
		<SimpleData name="CATEGORIA_">ACUICULTURA DE MICRO Y PEQUEÑA EMPRESA (AMYPE)</SimpleData>
		<SimpleData name="ESTADO">VIGENTE</SimpleData>
		<SimpleData name="DEPARTAMEN">PIURA</SimpleData>
		<SimpleData name="PROVINCIA">SECHURA</SimpleData>
		<SimpleData name="DISTRITO">SECHURA</SimpleData>
		<SimpleData name="ZONA">LOTE 24-B PUERTO RICO</SimpleData>
		<SimpleData name="TIPO_COORD">UBICACIÓN RD</SimpleData>
		<SimpleData name="DATUM">WGS 84</SimpleData>
		<SimpleData name="LATITUD">PTO A 05°47'55.6980&quot; ,  PTO B 05°47'55.6980&quot; ,  PTO C 05°48'00.3460&quot; ,  PTO D 05°48'01.9590&quot; ,  PTO E 05°48'01.9580&quot;</SimpleData>
		<SimpleData name="LONGITUD">PTO A 81°00'50.0070&quot; ,  PTO B 81°00'33.2080&quot; ,  PTO C 81°00'29.7740&quot; ,  PTO D 81°00'29.7740&quot; ,  PTO E 81°00'50.0080&quot;</SimpleData>
		<SimpleData name="FLAG">1</SimpleData>
		<SimpleData name="Shape_STAr">0.00000915827</SimpleData>
		<SimpleData name="Shape_STLe">0.01407915273</SimpleData>
	</SchemaData></ExtendedData>
      <Polygon><outerBoundaryIs><LinearRing><coordinates>-81.008270556,-5.80009611099997 -81.008270556,-5.80054416699992 -81.013891111,-5.8005438889999 -81.0138908329999,-5.79880499999999 -81.009224444,-5.79880499999999 -81.008270556,-5.80009611099997</coordinates></LinearRing></outerBoundaryIs></Polygon>
  </Placemark>
  <Placemark>
	<name>INVERSIONES HIDROBIOLOGICOS NAYLAMP SOCIEDAD ANONIMA CERRADA</name>
	<description>INVERSIONES HIDROBIOLOGICOS NAYLAMP SOCIEDAD ANONIMA CERRADA</description>
	<Style><LineStyle><color>ff0000ff</color></LineStyle><PolyStyle><fill>0</fill></PolyStyle></Style>
	<ExtendedData><SchemaData schemaUrl="#Areas_de_Derechos_Acuícolas">
		<SimpleData name="CODIGO">10937</SimpleData>
		<SimpleData name="RESOLUCION">R.D.R. Nº 413-2018-GOBIERNO REGIONAL PIURA-DRP-DR</SimpleData>
		<SimpleData name="FECHA_EMIS">2018/03/23</SimpleData>
		<SimpleData name="FECHA_VIGE">2028/03/23</SimpleData>
		<SimpleData name="AREA_TOTAL">29.92000000</SimpleData>
		<SimpleData name="NRO_ZONA">1</SimpleData>
		<SimpleData name="AREA_ZONA_">29.92000000</SimpleData>
		<SimpleData name="ESPECIE">CONCHA DE ABANICO</SimpleData>
		<SimpleData name="AMBITO">MARICULTURA</SimpleData>
		<SimpleData name="TIPO_DEREC">CONCESION</SimpleData>
		<SimpleData name="CATEGORIA_">ACUICULTURA DE MICRO Y PEQUEÑA EMPRESA (AMYPE)</SimpleData>
		<SimpleData name="ESTADO">VIGENTE</SimpleData>
		<SimpleData name="DEPARTAMEN">PIURA</SimpleData>
		<SimpleData name="PROVINCIA">SECHURA</SimpleData>
		<SimpleData name="DISTRITO">SECHURA</SimpleData>
		<SimpleData name="ZONA">LOTE 94-B - BARRANCOS</SimpleData>
		<SimpleData name="OBS_MODIFI">MEDIANTE R.D. N° 1274-2018-MGP/DGCG SE DECLARA IMPROCEDENTE LA SOLICITUD DE DERECHO DE USO DE AREA ACTUATICA PARA DESARROLLO DE ACUICULTURA DE MICRO Y PEQUEÑA EMPRESA - AMYPE.</SimpleData>
		<SimpleData name="TIPO_COORD">UBICACIÓN RD</SimpleData>
		<SimpleData name="DATUM">WGS 84</SimpleData>
		<SimpleData name="LATITUD">PTO A 05°46'06.2850&quot; ,  PTO B 05°46'06.2800&quot; ,  PTO C 05°46'16.0330&quot; ,  PTO D 05°46'16.0330&quot;</SimpleData>
		<SimpleData name="LONGITUD">PTO A 80°57'05.7340&quot; ,  PTO B 80°56'33.2570&quot; ,  PTO C 80°56'33.2410&quot; ,  PTO D 80°57'05.7570&quot;</SimpleData>
		<SimpleData name="FLAG">1</SimpleData>
		<SimpleData name="Shape_STAr">0.00002444885</SimpleData>
		<SimpleData name="Shape_STLe">0.02347056685</SimpleData>
	</SchemaData></ExtendedData>
      <Polygon><outerBoundaryIs><LinearRing><coordinates>-80.942566944,-5.77112027799996 -80.951599167,-5.77112027799996 -80.951592778,-5.76841249999992 -80.942571389,-5.76841111099998 -80.942566944,-5.77112027799996</coordinates></LinearRing></outerBoundaryIs></Polygon>
  </Placemark>
  <Placemark>
	<name>BIVALVOS EXPORT SOCIEDAD ANONIMA CERRADA - BI.EXP. S.A.C.</name>
	<description>BIVALVOS EXPORT SOCIEDAD ANONIMA CERRADA - BI.EXP. S.A.C.</description>
	<Style><LineStyle><color>ff0000ff</color></LineStyle><PolyStyle><fill>0</fill></PolyStyle></Style>
	<ExtendedData><SchemaData schemaUrl="#Areas_de_Derechos_Acuícolas">
		<SimpleData name="CODIGO">11020</SimpleData>
		<SimpleData name="RESOLUCION">R.D.R. Nº 494-2018-GOBIERNO REGIONAL PIURA-DRP-DR</SimpleData>
		<SimpleData name="FECHA_EMIS">2018/05/03</SimpleData>
		<SimpleData name="FECHA_VIGE">2028/05/03</SimpleData>
		<SimpleData name="AREA_TOTAL">18.04000000</SimpleData>
		<SimpleData name="NRO_ZONA">1</SimpleData>
		<SimpleData name="AREA_ZONA_">18.04000000</SimpleData>
		<SimpleData name="ESPECIE">CONCHA DE ABANICO</SimpleData>
		<SimpleData name="AMBITO">MARICULTURA</SimpleData>
		<SimpleData name="TIPO_DEREC">CONCESION</SimpleData>
		<SimpleData name="CATEGORIA_">ACUICULTURA DE MICRO Y PEQUEÑA EMPRESA (AMYPE)</SimpleData>
		<SimpleData name="ESTADO">VIGENTE</SimpleData>
		<SimpleData name="DEPARTAMEN">PIURA</SimpleData>
		<SimpleData name="PROVINCIA">SECHURA</SimpleData>
		<SimpleData name="DISTRITO">SECHURA</SimpleData>
		<SimpleData name="ZONA">LOTE 104-C - BARRANCOS</SimpleData>
		<SimpleData name="TIPO_COORD">UBICACIÓN RD</SimpleData>
		<SimpleData name="DATUM">WGS 84</SimpleData>
		<SimpleData name="LATITUD">PTO A 05°46'38.8087&quot; ,  PTO B 05°46'38.8087&quot; ,  PTO C 05°46'51.8520&quot; ,  PTO D 05°46'51.8520&quot;</SimpleData>
		<SimpleData name="LONGITUD">PTO A 80°54'24.8223&quot; ,  PTO B 80°54'10.1730&quot; ,  PTO C 80°54'10.1730&quot; ,  PTO D 80°54'24.8223&quot;</SimpleData>
		<SimpleData name="FLAG">1</SimpleData>
		<SimpleData name="Shape_STAr">0.00001474346</SimpleData>
		<SimpleData name="Shape_STLe">0.01538477778</SimpleData>
	</SchemaData></ExtendedData>
      <Polygon><outerBoundaryIs><LinearRing><coordinates>-80.9028258329999,-5.78106999999995 -80.9068950829999,-5.78106999999995 -80.9068950829999,-5.77744686099993 -80.9028258329999,-5.77744686099993 -80.9028258329999,-5.78106999999995</coordinates></LinearRing></outerBoundaryIs></Polygon>
  </Placemark>
  <Placemark>
	<name>HERMANOS DE JESÚS SOCIEDAD ANÓNIMA CERRADA - HERMANOS DE JESÚS S.A.C.</name>
	<description>HERMANOS DE JESÚS SOCIEDAD ANÓNIMA CERRADA - HERMANOS DE JESÚS S.A.C.</description>
	<Style><LineStyle><color>ff0000ff</color></LineStyle><PolyStyle><fill>0</fill></PolyStyle></Style>
	<ExtendedData><SchemaData schemaUrl="#Areas_de_Derechos_Acuícolas">
		<SimpleData name="CODIGO">10966</SimpleData>
		<SimpleData name="RESOLUCION">R.D.R. Nº 420-2018-GOBIERNO REGIONAL PIURA-DRP-DR</SimpleData>
		<SimpleData name="FECHA_EMIS">2018/03/23</SimpleData>
		<SimpleData name="FECHA_VIGE">2028/03/23</SimpleData>
		<SimpleData name="AREA_TOTAL">100.00000000</SimpleData>
		<SimpleData name="NRO_ZONA">1</SimpleData>
		<SimpleData name="AREA_ZONA_">100.00000000</SimpleData>
		<SimpleData name="ESPECIE">CONCHA DE ABANICO</SimpleData>
		<SimpleData name="AMBITO">MARICULTURA</SimpleData>
		<SimpleData name="TIPO_DEREC">CONCESION</SimpleData>
		<SimpleData name="CATEGORIA_">ACUICULTURA DE MICRO Y PEQUEÑA EMPRESA (AMYPE)</SimpleData>
		<SimpleData name="ESTADO">VIGENTE</SimpleData>
		<SimpleData name="DEPARTAMEN">PIURA</SimpleData>
		<SimpleData name="PROVINCIA">SECHURA</SimpleData>
		<SimpleData name="DISTRITO">SECHURA</SimpleData>
		<SimpleData name="ZONA">LOTE 15 - MATACABALLO</SimpleData>
		<SimpleData name="TIPO_COORD">UBICACIÓN RD</SimpleData>
		<SimpleData name="DATUM">WGS 84</SimpleData>
		<SimpleData name="LATITUD">PTO A 05°36'02.3390&quot; ,  PTO B 05°36'02.3390&quot; ,  PTO C 05°36'34.9060&quot; ,  PTO D 05°36'34.9060&quot;</SimpleData>
		<SimpleData name="LONGITUD">PTO A 80°55'40.6250&quot; ,  PTO B 80°55'08.1220&quot; ,  PTO C 80°55'08.1220&quot; ,  PTO D 80°55'40.6250&quot;</SimpleData>
		<SimpleData name="FLAG">1</SimpleData>
		<SimpleData name="Shape_STAr">0.00008167633</SimpleData>
		<SimpleData name="Shape_STLe">0.03615000000</SimpleData>
	</SchemaData></ExtendedData>
      <Polygon><outerBoundaryIs><LinearRing><coordinates>-80.918922778,-5.60969611099991 -80.9279513889999,-5.60969611099991 -80.9279513889999,-5.60064972199997 -80.918922778,-5.60064972199997 -80.918922778,-5.60969611099991</coordinates></LinearRing></outerBoundaryIs></Polygon>
  </Placemark>
  <Placemark>
	<name>INVERSIONES SHAMA GOSEN SOCIEDAD ANONIMA CERRADA - INVERSIONES SHAMA GOSEN S.A.C.</name>
	<description>INVERSIONES SHAMA GOSEN SOCIEDAD ANONIMA CERRADA - INVERSIONES SHAMA GOSEN S.A.C.</description>
	<Style><LineStyle><color>ff0000ff</color></LineStyle><PolyStyle><fill>0</fill></PolyStyle></Style>
	<ExtendedData><SchemaData schemaUrl="#Areas_de_Derechos_Acuícolas">
		<SimpleData name="CODIGO">10984</SimpleData>
		<SimpleData name="RESOLUCION">R.D.R. Nº 432-2018-GOBIERNO REGIONAL PIURA-DRP-DR</SimpleData>
		<SimpleData name="FECHA_EMIS">2018/03/23</SimpleData>
		<SimpleData name="FECHA_VIGE">2028/03/23</SimpleData>
		<SimpleData name="AREA_TOTAL">20.27000000</SimpleData>
		<SimpleData name="NRO_ZONA">1</SimpleData>
		<SimpleData name="AREA_ZONA_">20.27000000</SimpleData>
		<SimpleData name="ESPECIE">CONCHA DE ABANICO</SimpleData>
		<SimpleData name="AMBITO">MARICULTURA</SimpleData>
		<SimpleData name="TIPO_DEREC">CONCESION</SimpleData>
		<SimpleData name="CATEGORIA_">ACUICULTURA DE MICRO Y PEQUEÑA EMPRESA (AMYPE)</SimpleData>
		<SimpleData name="ESTADO">VIGENTE</SimpleData>
		<SimpleData name="DEPARTAMEN">PIURA</SimpleData>
		<SimpleData name="PROVINCIA">SECHURA</SimpleData>
		<SimpleData name="DISTRITO">SECHURA</SimpleData>
		<SimpleData name="ZONA">LOTE 117-C - BARRANCOS</SimpleData>
		<SimpleData name="TIPO_COORD">UBICACIÓN RD</SimpleData>
		<SimpleData name="DATUM">WGS 84</SimpleData>
		<SimpleData name="LATITUD">PTO A 05°47'48.8295&quot; ,  PTO B 05°47'48.8295&quot; ,  PTO C 05°48'03.4930&quot; ,  PTO D 05°48'03.4930&quot;</SimpleData>
		<SimpleData name="LONGITUD">PTO A 80°56'12.1120&quot; ,  PTO B 80°55'57.4740&quot; ,  PTO C 80°55'57.4740&quot; ,  PTO D 80°56'12.1120&quot;</SimpleData>
		<SimpleData name="FLAG">1</SimpleData>
		<SimpleData name="Shape_STAr">0.00001656206</SimpleData>
		<SimpleData name="Shape_STLe">0.01627861111</SimpleData>
	</SchemaData></ExtendedData>
      <Polygon><outerBoundaryIs><LinearRing><coordinates>-80.9326316669999,-5.800970278 -80.9366977779999,-5.800970278 -80.9366977779999,-5.79689708299996 -80.9326316669999,-5.79689708299996 -80.9326316669999,-5.800970278</coordinates></LinearRing></outerBoundaryIs></Polygon>
  </Placemark>
  <Placemark>
	<name>ASOCIACION DE BUZOS, PRESERVADORES Y EXTRACTORES DE MARISCOS DE LA BAHIA DE SECHURA. (ABUPREMAR-BS)</name>
	<description>ASOCIACION DE BUZOS, PRESERVADORES Y EXTRACTORES DE MARISCOS DE LA BAHIA DE SECHURA. (ABUPREMAR-BS)</description>
	<Style><LineStyle><color>ff0000ff</color></LineStyle><PolyStyle><fill>0</fill></PolyStyle></Style>
	<ExtendedData><SchemaData schemaUrl="#Areas_de_Derechos_Acuícolas">
		<SimpleData name="CODIGO">5358</SimpleData>
		<SimpleData name="RESOLUCION">R.D.R. Nº 510-2010-GOBIERNO REGIONAL PIURA-DIREPRO-DR</SimpleData>
		<SimpleData name="FECHA_EMIS">2010/09/27</SimpleData>
		<SimpleData name="FECHA_VIGE">2040/09/27</SimpleData>
		<SimpleData name="AREA_TOTAL">84.74000000</SimpleData>
		<SimpleData name="NRO_ZONA">1</SimpleData>
		<SimpleData name="AREA_ZONA_">84.74000000</SimpleData>
		<SimpleData name="ESPECIE">CONCHA DE ABANICO</SimpleData>
		<SimpleData name="AMBITO">MARICULTURA</SimpleData>
		<SimpleData name="TIPO_DEREC">CONCESION</SimpleData>
		<SimpleData name="CATEGORIA_">ACUICULTURA DE MEDIANA Y GRAN EMPRESA (AMYGE)</SimpleData>
		<SimpleData name="ESTADO">VIGENTE</SimpleData>
		<SimpleData name="DEPARTAMEN">PIURA</SimpleData>
		<SimpleData name="PROVINCIA">SECHURA</SimpleData>
		<SimpleData name="DISTRITO">SECHURA</SimpleData>
		<SimpleData name="ZONA">LOTE 38 - CONSTANTE, BAHIA SECHURA</SimpleData>
		<SimpleData name="RESOLUCI_1">R.D. Nº 005-2025-PRODUCE/DGA</SimpleData>
		<SimpleData name="FECHA_MODI">2025/01/17</SimpleData>
		<SimpleData name="TIPO_COORD">UBICACIÓN RD</SimpleData>
		<SimpleData name="DATUM">WGS 84</SimpleData>
		<SimpleData name="LATITUD">PTO A 05°39'14.4720&quot; ,  PTO B 05°39'14.4720&quot; ,  PTO C 05°39'47.0380&quot; ,  PTO D 05°39'47.0380&quot;</SimpleData>
		<SimpleData name="LONGITUD">PTO A 80°54'03.452&quot; ,  PTO B 80°53'32.242&quot; ,  PTO C 80°53'32.2420&quot; ,  PTO D 80°53'56.130&quot;</SimpleData>
		<SimpleData name="FLAG">1</SimpleData>
		<SimpleData name="Shape_STAr">0.00006922537</SimpleData>
		<SimpleData name="Shape_STLe">0.03362304889</SimpleData>
	</SchemaData></ExtendedData>
      <Polygon><outerBoundaryIs><LinearRing><coordinates>-80.892289444,-5.66306611100001 -80.8989249999999,-5.66306611100001 -80.900958889,-5.65401999999991 -80.892289444,-5.65401999999991 -80.892289444,-5.66306611100001</coordinates></LinearRing></outerBoundaryIs></Polygon>
  </Placemark>
  <Placemark>
	<name>ACUICULTORA DEL PACIFICO NORTE SOCIEDAD ANONIMA CERRADA - ACUICULTORA DEL PACIFICO NORTE S.A.C.</name>
	<description>ACUICULTORA DEL PACIFICO NORTE SOCIEDAD ANONIMA CERRADA - ACUICULTORA DEL PACIFICO NORTE S.A.C.</description>
	<Style><LineStyle><color>ff0000ff</color></LineStyle><PolyStyle><fill>0</fill></PolyStyle></Style>
	<ExtendedData><SchemaData schemaUrl="#Areas_de_Derechos_Acuícolas">
		<SimpleData name="CODIGO">5638</SimpleData>
		<SimpleData name="RESOLUCION">R.D.R. Nº 060-2011-GOBIERNO REGIONAL PIURA-DIREPRO-DR</SimpleData>
		<SimpleData name="FECHA_EMIS">2011/02/17</SimpleData>
		<SimpleData name="FECHA_VIGE">2041/02/17</SimpleData>
		<SimpleData name="AREA_TOTAL">36.68000000</SimpleData>
		<SimpleData name="NRO_ZONA">1</SimpleData>
		<SimpleData name="AREA_ZONA_">36.68000000</SimpleData>
		<SimpleData name="ESPECIE">CONCHA DE ABANICO</SimpleData>
		<SimpleData name="AMBITO">MARICULTURA</SimpleData>
		<SimpleData name="TIPO_DEREC">CONCESION</SimpleData>
		<SimpleData name="CATEGORIA_">ACUICULTURA DE MICRO Y PEQUEÑA EMPRESA (AMYPE)</SimpleData>
		<SimpleData name="ESTADO">VIGENTE</SimpleData>
		<SimpleData name="DEPARTAMEN">PIURA</SimpleData>
		<SimpleData name="PROVINCIA">SECHURA</SimpleData>
		<SimpleData name="DISTRITO">SECHURA</SimpleData>
		<SimpleData name="ZONA">LOTE 44-A - CONSTANTE</SimpleData>
		<SimpleData name="RESOLUCI_1">R.D.R. Nº 23-2024-GOBIERNO REGIONAL PIURA-DRP-DR</SimpleData>
		<SimpleData name="FECHA_MODI">2024/01/19</SimpleData>
		<SimpleData name="TIPO_COORD">UBICACIÓN RD</SimpleData>
		<SimpleData name="DATUM">WGS 84</SimpleData>
		<SimpleData name="LATITUD">PTO A 05°40'54.8990&quot; ,  PTO B 05°40'54.8990&quot; ,  PTO C 05°41'08.2520&quot; ,  PTO D 05°41'08.2520&quot;</SimpleData>
		<SimpleData name="LONGITUD">PTO A 80°54'08.8820&quot; ,  PTO B 80°53'39.8050&quot; ,  PTO C 80°53'39.8050&quot; ,  PTO D 80°54'08.8820&quot;</SimpleData>
		<SimpleData name="FLAG">1</SimpleData>
		<SimpleData name="Shape_STAr">0.00002995873</SimpleData>
		<SimpleData name="Shape_STLe">0.02357222222</SimpleData>
	</SchemaData></ExtendedData>
      <Polygon><outerBoundaryIs><LinearRing><coordinates>-80.894390278,-5.6856255559999 -80.902467222,-5.6856255559999 -80.902467222,-5.68191638899996 -80.894390278,-5.68191638899996 -80.894390278,-5.6856255559999</coordinates></LinearRing></outerBoundaryIs></Polygon>
  </Placemark>
  <Placemark>
	<name>ACUICULTORES SECHURA S.A.C.</name>
	<description>ACUICULTORES SECHURA S.A.C.</description>
	<Style><LineStyle><color>ff0000ff</color></LineStyle><PolyStyle><fill>0</fill></PolyStyle></Style>
	<ExtendedData><SchemaData schemaUrl="#Areas_de_Derechos_Acuícolas">
		<SimpleData name="CODIGO">5640</SimpleData>
		<SimpleData name="RESOLUCION">R.D.R. Nº 090-2011-GOBIERNO REGIONAL PIURA-DIREPRO-DR</SimpleData>
		<SimpleData name="FECHA_EMIS">2011/02/28</SimpleData>
		<SimpleData name="FECHA_VIGE">2041/02/28</SimpleData>
		<SimpleData name="AREA_TOTAL">80.00000000</SimpleData>
		<SimpleData name="NRO_ZONA">1</SimpleData>
		<SimpleData name="AREA_ZONA_">80.00000000</SimpleData>
		<SimpleData name="ESPECIE">CONCHA DE ABANICO</SimpleData>
		<SimpleData name="AMBITO">MARICULTURA</SimpleData>
		<SimpleData name="TIPO_DEREC">CONCESION</SimpleData>
		<SimpleData name="CATEGORIA_">ACUICULTURA DE MEDIANA Y GRAN EMPRESA (AMYGE)</SimpleData>
		<SimpleData name="ESTADO">VIGENTE</SimpleData>
		<SimpleData name="DEPARTAMEN">PIURA</SimpleData>
		<SimpleData name="PROVINCIA">SECHURA</SimpleData>
		<SimpleData name="DISTRITO">SECHURA</SimpleData>
		<SimpleData name="ZONA">LOTE 45 - CONSTANTE</SimpleData>
		<SimpleData name="RESOLUCI_1">R.D. N° 015-2024-PRODUCE/DGA</SimpleData>
		<SimpleData name="FECHA_MODI">2024/07/18</SimpleData>
		<SimpleData name="TIPO_COORD">UBICACIÓN RD</SimpleData>
		<SimpleData name="DATUM">WGS 84</SimpleData>
		<SimpleData name="LATITUD">PTO A 05°40'54.8990&quot; ,  PTO B 05°40'54.8990&quot; ,  PTO C 05°41'24.0270&quot; ,  PTO D 05°41'24.0270&quot;</SimpleData>
		<SimpleData name="LONGITUD">PTO A 80°54'41.2110&quot; ,  PTO B 80°54'12.1340&quot; ,  PTO C 80°54'12.1340&quot; ,  PTO D 80°54'41.2110&quot;</SimpleData>
		<SimpleData name="FLAG">1</SimpleData>
		<SimpleData name="Shape_STAr">0.00006535145</SimpleData>
		<SimpleData name="Shape_STLe">0.03233611111</SimpleData>
	</SchemaData></ExtendedData>
      <Polygon><outerBoundaryIs><LinearRing><coordinates>-80.903370556,-5.6900075 -80.9114475,-5.6900075 -80.9114475,-5.68191638899996 -80.903370556,-5.68191638899996 -80.903370556,-5.6900075</coordinates></LinearRing></outerBoundaryIs></Polygon>
  </Placemark>
  <Placemark>
	<name>ASOCIACION DE PESCADORES ARTESANALES MARICULTORES Y EXTRACTORES DE MARISCOS IGNACIA - BAYOVAR</name>
	<description>ASOCIACION DE PESCADORES ARTESANALES MARICULTORES Y EXTRACTORES DE MARISCOS IGNACIA - BAYOVAR</description>
	<Style><LineStyle><color>ff0000ff</color></LineStyle><PolyStyle><fill>0</fill></PolyStyle></Style>
	<ExtendedData><SchemaData schemaUrl="#Areas_de_Derechos_Acuícolas">
		<SimpleData name="CODIGO">7028</SimpleData>
		<SimpleData name="RESOLUCION">R.D.R. Nº 303-2014-GOBIERNO REGIONAL PIURA-DRP-DR</SimpleData>
		<SimpleData name="FECHA_EMIS">2014/11/17</SimpleData>
		<SimpleData name="FECHA_VIGE">2044/11/17</SimpleData>
		<SimpleData name="AREA_TOTAL">30.70000000</SimpleData>
		<SimpleData name="NRO_ZONA">1</SimpleData>
		<SimpleData name="AREA_ZONA_">30.70000000</SimpleData>
		<SimpleData name="ESPECIE">CONCHA DE ABANICO</SimpleData>
		<SimpleData name="AMBITO">MARICULTURA</SimpleData>
		<SimpleData name="TIPO_DEREC">CONCESION</SimpleData>
		<SimpleData name="CATEGORIA_">ACUICULTURA DE MICRO Y PEQUEÑA EMPRESA (AMYPE)</SimpleData>
		<SimpleData name="ESTADO">VIGENTE</SimpleData>
		<SimpleData name="DEPARTAMEN">PIURA</SimpleData>
		<SimpleData name="PROVINCIA">SECHURA</SimpleData>
		<SimpleData name="DISTRITO">SECHURA</SimpleData>
		<SimpleData name="ZONA">LOTE 09 - PUERTO RICO</SimpleData>
		<SimpleData name="RESOLUCI_1">R.D.R. Nº 824-2023-GOBIRNO REGIONAL PIURA-DRP-DR</SimpleData>
		<SimpleData name="FECHA_MODI">2023/11/15</SimpleData>
		<SimpleData name="TIPO_COORD">UBICACIÓN RD</SimpleData>
		<SimpleData name="DATUM">WGS 84</SimpleData>
		<SimpleData name="LATITUD">PTO A 05°48'05.2150&quot; ,  PTO B 05°48'05.2150&quot; ,  PTO C 05°48'21.2810&quot; ,  PTO D 05°48'21.2810&quot;</SimpleData>
		<SimpleData name="LONGITUD">PTO A 81°00'50.0080&quot; ,  PTO B 81°00'29.7740&quot; ,  PTO C 81°00'29.7740&quot; ,  PTO D 81°00'50.0080&quot;</SimpleData>
		<SimpleData name="FLAG">1</SimpleData>
		<SimpleData name="Shape_STAr">0.00002508329</SimpleData>
		<SimpleData name="Shape_STLe">0.02016666667</SimpleData>
	</SchemaData></ExtendedData>
      <Polygon><outerBoundaryIs><LinearRing><coordinates>-81.008270556,-5.80591138899991 -81.013891111,-5.80591138899991 -81.013891111,-5.80144861099997 -81.008270556,-5.80144861099997 -81.008270556,-5.80591138899991</coordinates></LinearRing></outerBoundaryIs></Polygon>
  </Placemark>
  <Placemark>
	<name>EMPRESA PESQUERA ARTESANAL NUEVA GENERACION SOCIEDAD ANONIMA CERRADA - EMPANUG S.A.C.</name>
	<description>EMPRESA PESQUERA ARTESANAL NUEVA GENERACION SOCIEDAD ANONIMA CERRADA - EMPANUG S.A.C.</description>
	<Style><LineStyle><color>ff0000ff</color></LineStyle><PolyStyle><fill>0</fill></PolyStyle></Style>
	<ExtendedData><SchemaData schemaUrl="#Areas_de_Derechos_Acuícolas">
		<SimpleData name="CODIGO">6555</SimpleData>
		<SimpleData name="RESOLUCION">R.D.R. Nº 115-2014-GOBIERNO REGIONAL PIURA-DRP-DR</SimpleData>
		<SimpleData name="FECHA_EMIS">2014/04/10</SimpleData>
		<SimpleData name="FECHA_VIGE">2044/04/10</SimpleData>
		<SimpleData name="AREA_TOTAL">49.50000000</SimpleData>
		<SimpleData name="NRO_ZONA">1</SimpleData>
		<SimpleData name="AREA_ZONA_">49.50000000</SimpleData>
		<SimpleData name="ESPECIE">CONCHA DE ABANICO</SimpleData>
		<SimpleData name="AMBITO">MARICULTURA</SimpleData>
		<SimpleData name="TIPO_DEREC">CONCESION</SimpleData>
		<SimpleData name="CATEGORIA_">ACUICULTURA DE MICRO Y PEQUEÑA EMPRESA (AMYPE)</SimpleData>
		<SimpleData name="ESTADO">VIGENTE</SimpleData>
		<SimpleData name="DEPARTAMEN">PIURA</SimpleData>
		<SimpleData name="PROVINCIA">SECHURA</SimpleData>
		<SimpleData name="DISTRITO">SECHURA</SimpleData>
		<SimpleData name="ZONA">LOTE 10 - CONSTANTE</SimpleData>
		<SimpleData name="RESOLUCI_1">R.D.R. Nº 23-2024-GOBIERNO REGIONAL PIURA-DRP-DR</SimpleData>
		<SimpleData name="FECHA_MODI">2024/01/19</SimpleData>
		<SimpleData name="TIPO_COORD">UBICACIÓN RD</SimpleData>
		<SimpleData name="DATUM">WGS 84</SimpleData>
		<SimpleData name="LATITUD">PTO A 05°40'16.3020&quot; ,  PTO B 05°40'16.3000&quot; ,  PTO C 05°40'51.6000&quot; ,  PTO D 05°40'51.5970&quot;</SimpleData>
		<SimpleData name="LONGITUD">PTO A 80°54'08.5780&quot; ,  PTO B 80°53'57.9000&quot; ,  PTO C 80°53'49.6000&quot; ,  PTO D 80°54'08.6200&quot;</SimpleData>
		<SimpleData name="FLAG">1</SimpleData>
		<SimpleData name="Shape_STAr">0.00004044217</SimpleData>
		<SimpleData name="Shape_STLe">0.02812657733</SimpleData>
	</SchemaData></ExtendedData>
      <Polygon><outerBoundaryIs><LinearRing><coordinates>-80.8994166669999,-5.67119444399994 -80.8971111109999,-5.6809999999999 -80.902394444,-5.68099916699992 -80.9023827779999,-5.67119499999998 -80.8994166669999,-5.67119444399994</coordinates></LinearRing></outerBoundaryIs></Polygon>
  </Placemark>
  <Placemark>
	<name>ASOCIACION DE PESCADORES ARTESANALES ACUICULTORES BAYOVAR PERU</name>
	<description>ASOCIACION DE PESCADORES ARTESANALES ACUICULTORES BAYOVAR PERU</description>
	<Style><LineStyle><color>ff0000ff</color></LineStyle><PolyStyle><fill>0</fill></PolyStyle></Style>
	<ExtendedData><SchemaData schemaUrl="#Areas_de_Derechos_Acuícolas">
		<SimpleData name="CODIGO">6923</SimpleData>
		<SimpleData name="RESOLUCION">R.D.R. Nº 255-2014-GOBIERNO REGIONAL.PIURA-DRP-DR</SimpleData>
		<SimpleData name="FECHA_EMIS">2014/09/08</SimpleData>
		<SimpleData name="FECHA_VIGE">2044/09/08</SimpleData>
		<SimpleData name="AREA_TOTAL">30.70000000</SimpleData>
		<SimpleData name="NRO_ZONA">1</SimpleData>
		<SimpleData name="AREA_ZONA_">30.70000000</SimpleData>
		<SimpleData name="ESPECIE">CONCHA DE ABANICO</SimpleData>
		<SimpleData name="AMBITO">MARICULTURA</SimpleData>
		<SimpleData name="TIPO_DEREC">CONCESION</SimpleData>
		<SimpleData name="CATEGORIA_">ACUICULTURA DE MEDIANA Y GRAN EMPRESA (AMYGE)</SimpleData>
		<SimpleData name="ESTADO">VIGENTE</SimpleData>
		<SimpleData name="DEPARTAMEN">PIURA</SimpleData>
		<SimpleData name="PROVINCIA">SECHURA</SimpleData>
		<SimpleData name="DISTRITO">SECHURA</SimpleData>
		<SimpleData name="ZONA">LOTE 08 - PUERTO RICO - BAYOVAR, BAHIA SECHURA</SimpleData>
		<SimpleData name="RESOLUCI_1">R.D. Nº 129-2020-PRODUCE/DGA</SimpleData>
		<SimpleData name="FECHA_MODI">2020/08/03</SimpleData>
		<SimpleData name="TIPO_COORD">UBICACIÓN RD</SimpleData>
		<SimpleData name="DATUM">WGS 84</SimpleData>
		<SimpleData name="LATITUD">PTO A 05°48'10.1900&quot; ,  PTO B 05°48'10.1900&quot; ,  PTO C 05°48'21.3620&quot; ,  PTO D 05°48'21.3620&quot;</SimpleData>
		<SimpleData name="LONGITUD">PTO A 81°01'22.4070&quot; ,  PTO B 81°00'53.3250&quot; ,  PTO C 81°00'53.3240&quot; ,  PTO D 81°01'22.4070&quot;</SimpleData>
		<SimpleData name="FLAG">1</SimpleData>
		<SimpleData name="Shape_STAr">0.00002507019</SimpleData>
		<SimpleData name="Shape_STLe">0.02236361112</SimpleData>
	</SchemaData></ExtendedData>
      <Polygon><outerBoundaryIs><LinearRing><coordinates>-81.014812222,-5.805933889 -81.0228908329999,-5.805933889 -81.0228908329999,-5.80283055599991 -81.0148125,-5.80283055599991 -81.014812222,-5.805933889</coordinates></LinearRing></outerBoundaryIs></Polygon>
  </Placemark>
  <Placemark>
	<name>MARINASOL S.A.</name>
	<description>MARINASOL S.A.</description>
	<Style><LineStyle><color>ff0000ff</color></LineStyle><PolyStyle><fill>0</fill></PolyStyle></Style>
	<ExtendedData><SchemaData schemaUrl="#Areas_de_Derechos_Acuícolas">
		<SimpleData name="CODIGO">18383</SimpleData>
		<SimpleData name="RESOLUCION">R.D.R. Nº 103-2021-GOBIERNO REGIONAL PIURA-DRP-DR</SimpleData>
		<SimpleData name="FECHA_EMIS">2021/06/03</SimpleData>
		<SimpleData name="FECHA_VIGE">2025/10/24</SimpleData>
		<SimpleData name="AREA_TOTAL">2.88000000</SimpleData>
		<SimpleData name="NRO_ZONA">1</SimpleData>
		<SimpleData name="AREA_ZONA_">0.00000000</SimpleData>
		<SimpleData name="ESPECIE">LANGOSTINO</SimpleData>
		<SimpleData name="AMBITO">MARICULTURA</SimpleData>
		<SimpleData name="TIPO_DEREC">AUTORIZACION</SimpleData>
		<SimpleData name="CATEGORIA_">ACUICULTURA DE MICRO Y PEQUEÑA EMPRESA (AMYPE)</SimpleData>
		<SimpleData name="ESTADO">VIGENTE</SimpleData>
		<SimpleData name="DEPARTAMEN">PIURA</SimpleData>
		<SimpleData name="PROVINCIA">SECHURA</SimpleData>
		<SimpleData name="DISTRITO">SECHURA</SimpleData>
		<SimpleData name="ZONA">ZONA CONSTANTE</SimpleData>
		<SimpleData name="RESOLUCI_1">R.D.R. Nº 271-2025-GOBIERNO REGIONAL PIURA-DRP-DR</SimpleData>
		<SimpleData name="FECHA_MODI">2025/04/24</SimpleData>
		<SimpleData name="OBS_MODIFI">DERECHO DE ECOACUICOLA SAC VIGENTE HASTA EL 03/06/2051.</SimpleData>
		<SimpleData name="TIPO_COORD">UBICACIÓN RD</SimpleData>
		<SimpleData name="DATUM">WGS 84</SimpleData>
		<SimpleData name="LATITUD">PTO A 05°41'23.8000&quot; ,  PTO B 05°41'23.6600&quot; ,  PTO C 05°41'35.0400&quot; ,  PTO D 05°41'33.5600&quot;</SimpleData>
		<SimpleData name="LONGITUD">PTO A 80°51'01.3000&quot; ,  PTO B 80°51'04.2200&quot; ,  PTO C 80°51'04.7100&quot; ,  PTO D 80°51'01.7900&quot;</SimpleData>
		<SimpleData name="FLAG">1</SimpleData>
		<SimpleData name="Shape_STAr">0.00000235618</SimpleData>
		<SimpleData name="Shape_STLe">0.00759995651</SimpleData>
	</SchemaData></ExtendedData>
      <Polygon><outerBoundaryIs><LinearRing><coordinates>-80.8504972219999,-5.69265555599999 -80.851308333,-5.6930666669999 -80.8511722219999,-5.68990555599992 -80.850361111,-5.68994444399994 -80.8504972219999,-5.69265555599999</coordinates></LinearRing></outerBoundaryIs></Polygon>
  </Placemark>
  <Placemark>
	<name>JEHOVA ES MI REFUGIO SOCIEDAD ANONIMA CERRADA</name>
	<description>JEHOVA ES MI REFUGIO SOCIEDAD ANONIMA CERRADA</description>
	<Style><LineStyle><color>ff0000ff</color></LineStyle><PolyStyle><fill>0</fill></PolyStyle></Style>
	<ExtendedData><SchemaData schemaUrl="#Areas_de_Derechos_Acuícolas">
		<SimpleData name="CODIGO">10917</SimpleData>
		<SimpleData name="RESOLUCION">R.D.R. Nº 408-2018-GOBIERNO REGIONAL PIURA-DRP-DR</SimpleData>
		<SimpleData name="FECHA_EMIS">2018/03/23</SimpleData>
		<SimpleData name="FECHA_VIGE">2028/03/23</SimpleData>
		<SimpleData name="AREA_TOTAL">15.99000000</SimpleData>
		<SimpleData name="NRO_ZONA">1</SimpleData>
		<SimpleData name="AREA_ZONA_">15.98800000</SimpleData>
		<SimpleData name="ESPECIE">CONCHA DE ABANICO</SimpleData>
		<SimpleData name="AMBITO">MARICULTURA</SimpleData>
		<SimpleData name="TIPO_DEREC">CONCESION</SimpleData>
		<SimpleData name="CATEGORIA_">ACUICULTURA DE MICRO Y PEQUEÑA EMPRESA (AMYPE)</SimpleData>
		<SimpleData name="ESTADO">VIGENTE</SimpleData>
		<SimpleData name="DEPARTAMEN">PIURA</SimpleData>
		<SimpleData name="PROVINCIA">SECHURA</SimpleData>
		<SimpleData name="DISTRITO">SECHURA</SimpleData>
		<SimpleData name="ZONA">LOTE 121-C - BARRANCOS</SimpleData>
		<SimpleData name="TIPO_COORD">UBICACIÓN RD</SimpleData>
		<SimpleData name="DATUM">WGS 84</SimpleData>
		<SimpleData name="LATITUD">PTO A 05°48'06.7500&quot; ,  PTO B 05°48'06.7500&quot; ,  PTO C 05°48'18.3173&quot; ,  PTO D 05°48'18.3173&quot;</SimpleData>
		<SimpleData name="LONGITUD">PTO A 80°55'00.5773&quot; ,  PTO B 80°54'45.9400&quot; ,  PTO C 80°54'45.9400&quot; ,  PTO D 80°55'00.5773&quot;</SimpleData>
		<SimpleData name="FLAG">1</SimpleData>
		<SimpleData name="Shape_STAr">0.00001306435</SimpleData>
		<SimpleData name="Shape_STLe">0.01455811111</SimpleData>
	</SchemaData></ExtendedData>
      <Polygon><outerBoundaryIs><LinearRing><coordinates>-80.912761111,-5.80508813899992 -80.9168270279999,-5.80508813899992 -80.9168270279999,-5.8018749999999 -80.912761111,-5.8018749999999 -80.912761111,-5.80508813899992</coordinates></LinearRing></outerBoundaryIs></Polygon>
  </Placemark>
  <Placemark>
	<name>ACUICOLA CHAVIN DE HUANTAR S.A.C.</name>
	<description>ACUICOLA CHAVIN DE HUANTAR S.A.C.</description>
	<Style><LineStyle><color>ff0000ff</color></LineStyle><PolyStyle><fill>0</fill></PolyStyle></Style>
	<ExtendedData><SchemaData schemaUrl="#Areas_de_Derechos_Acuícolas">
		<SimpleData name="CODIGO">10930</SimpleData>
		<SimpleData name="RESOLUCION">R.D.R. Nº 410-2018-GOBIERNO REGIONAL PIURA-DRP-DR</SimpleData>
		<SimpleData name="FECHA_EMIS">2018/03/23</SimpleData>
		<SimpleData name="FECHA_VIGE">2028/03/23</SimpleData>
		<SimpleData name="AREA_TOTAL">100.00000000</SimpleData>
		<SimpleData name="NRO_ZONA">1</SimpleData>
		<SimpleData name="AREA_ZONA_">100.00000000</SimpleData>
		<SimpleData name="ESPECIE">CONCHA DE ABANICO</SimpleData>
		<SimpleData name="AMBITO">MARICULTURA</SimpleData>
		<SimpleData name="TIPO_DEREC">CONCESION</SimpleData>
		<SimpleData name="CATEGORIA_">ACUICULTURA DE MICRO Y PEQUEÑA EMPRESA (AMYPE)</SimpleData>
		<SimpleData name="ESTADO">VIGENTE</SimpleData>
		<SimpleData name="DEPARTAMEN">PIURA</SimpleData>
		<SimpleData name="PROVINCIA">SECHURA</SimpleData>
		<SimpleData name="DISTRITO">SECHURA</SimpleData>
		<SimpleData name="ZONA">LOTE 24 - MATACABALLO</SimpleData>
		<SimpleData name="TIPO_COORD">UBICACIÓN RD</SimpleData>
		<SimpleData name="DATUM">WGS 84</SimpleData>
		<SimpleData name="LATITUD">PTO A 05°36'38.1620&quot; ,  PTO B 05°36'38.1620&quot; ,  PTO C 05°37'10.7300&quot; ,  PTO D 05°37'10.7300&quot;</SimpleData>
		<SimpleData name="LONGITUD">PTO A 80°55'40.6250&quot; ,  PTO B 80°55'08.1220&quot; ,  PTO C 80°55'08.1220&quot; ,  PTO D 80°55'40.6250&quot;</SimpleData>
		<SimpleData name="FLAG">1</SimpleData>
		<SimpleData name="Shape_STAr">0.00008167884</SimpleData>
		<SimpleData name="Shape_STLe">0.03615055555</SimpleData>
	</SchemaData></ExtendedData>
      <Polygon><outerBoundaryIs><LinearRing><coordinates>-80.918922778,-5.61964722199993 -80.9279513889999,-5.61964722199993 -80.9279513889999,-5.61060055599996 -80.918922778,-5.61060055599996 -80.918922778,-5.61964722199993</coordinates></LinearRing></outerBoundaryIs></Polygon>
  </Placemark>
  <Placemark>
	<name>ASOCIACION DE PESCADORES ARTESANALES ACUICULTORES JEHOVA ES MI FORTALEZA</name>
	<description>ASOCIACION DE PESCADORES ARTESANALES ACUICULTORES JEHOVA ES MI FORTALEZA</description>
	<Style><LineStyle><color>ff0000ff</color></LineStyle><PolyStyle><fill>0</fill></PolyStyle></Style>
	<ExtendedData><SchemaData schemaUrl="#Areas_de_Derechos_Acuícolas">
		<SimpleData name="CODIGO">20915</SimpleData>
		<SimpleData name="RESOLUCION">R.D.R. Nº 140-2024-GOBIERNO REGIOANL PIURA-DRP-DR</SimpleData>
		<SimpleData name="FECHA_EMIS">2024/02/28</SimpleData>
		<SimpleData name="FECHA_VIGE">2054/02/28</SimpleData>
		<SimpleData name="AREA_TOTAL">19.22100000</SimpleData>
		<SimpleData name="NRO_ZONA">1</SimpleData>
		<SimpleData name="AREA_ZONA_">19.22100000</SimpleData>
		<SimpleData name="ESPECIE">CONCHA DE ABANICO</SimpleData>
		<SimpleData name="AMBITO">MARICULTURA</SimpleData>
		<SimpleData name="TIPO_DEREC">CONCESION</SimpleData>
		<SimpleData name="CATEGORIA_">ACUICULTURA DE MICRO Y PEQUEÑA EMPRESA (AMYPE)</SimpleData>
		<SimpleData name="ESTADO">VIGENTE</SimpleData>
		<SimpleData name="DEPARTAMEN">PIURA</SimpleData>
		<SimpleData name="PROVINCIA">SECHURA</SimpleData>
		<SimpleData name="DISTRITO">SECHURA</SimpleData>
		<SimpleData name="ZONA">LOTE N° 139-I - CHULLIYACHI</SimpleData>
		<SimpleData name="TIPO_COORD">UBICACIÓN RD</SimpleData>
		<SimpleData name="DATUM">WGS 84</SimpleData>
		<SimpleData name="LATITUD">PTO A 05°35'47.8630&quot; ,  PTO B 05°35'47.8610&quot; ,  PTO C 05°36'05.9560&quot; ,  PTO D 05°36'05.9580&quot;</SimpleData>
		<SimpleData name="LONGITUD">PTO A 80°54'14.5990&quot; ,  PTO B 80°54'03.3540&quot; ,  PTO C 80°54'03.3510&quot; ,  PTO D 80°54'14.5960&quot;</SimpleData>
		<SimpleData name="FLAG">1</SimpleData>
		<SimpleData name="Shape_STAr">0.00001570048</SimpleData>
		<SimpleData name="Shape_STLe">0.01630000024</SimpleData>
	</SchemaData></ExtendedData>
      <Polygon><outerBoundaryIs><LinearRing><coordinates>-80.900930833,-5.60165444399997 -80.904054444,-5.60165499999992 -80.9040552779999,-5.59662861099997 -80.900931667,-5.59662805599993 -80.900930833,-5.60165444399997</coordinates></LinearRing></outerBoundaryIs></Polygon>
  </Placemark>
  <Placemark>
	<name>JUANITA SALOME S.A.C.</name>
	<description>JUANITA SALOME S.A.C.</description>
	<Style><LineStyle><color>ff0000ff</color></LineStyle><PolyStyle><fill>0</fill></PolyStyle></Style>
	<ExtendedData><SchemaData schemaUrl="#Areas_de_Derechos_Acuícolas">
		<SimpleData name="CODIGO">10946</SimpleData>
		<SimpleData name="RESOLUCION">R.D.R. Nº 417-2018-GOBIERNO REGIONAL PIURA-DRP-DR</SimpleData>
		<SimpleData name="FECHA_EMIS">2018/03/23</SimpleData>
		<SimpleData name="FECHA_VIGE">2028/03/23</SimpleData>
		<SimpleData name="AREA_TOTAL">31.05000000</SimpleData>
		<SimpleData name="NRO_ZONA">1</SimpleData>
		<SimpleData name="AREA_ZONA_">31.05000000</SimpleData>
		<SimpleData name="ESPECIE">CONCHA DE ABANICO</SimpleData>
		<SimpleData name="AMBITO">MARICULTURA</SimpleData>
		<SimpleData name="TIPO_DEREC">CONCESION</SimpleData>
		<SimpleData name="CATEGORIA_">ACUICULTURA DE MICRO Y PEQUEÑA EMPRESA (AMYPE)</SimpleData>
		<SimpleData name="ESTADO">VIGENTE</SimpleData>
		<SimpleData name="DEPARTAMEN">PIURA</SimpleData>
		<SimpleData name="PROVINCIA">SECHURA</SimpleData>
		<SimpleData name="DISTRITO">SECHURA</SimpleData>
		<SimpleData name="ZONA">LOTE 69 - PARACHIQUE</SimpleData>
		<SimpleData name="OBS_MODIFI">MEDIANTE R.D. N° 1272-2018-MGP/DGCG SE DECLARA IMPROCEDENTE LA SOLICITUD DE DERECHO DE USO DE AREA ACTUATICA PARA DESARROLLO DE ACUICULTURA DE MICRO Y PEQUEÑA EMPRESA - AMYPE.</SimpleData>
		<SimpleData name="TIPO_COORD">UBICACIÓN RD</SimpleData>
		<SimpleData name="DATUM">WGS 84</SimpleData>
		<SimpleData name="LATITUD">PTO A 05°43'42.9570&quot; ,  PTO B 05°43'42.9570&quot; ,  PTO C 05°43'53.0688&quot; ,  PTO D 05°43'53.0688&quot;</SimpleData>
		<SimpleData name="LONGITUD">PTO A 80°55'49.6160&quot; ,  PTO B 80°55'17.1030&quot; ,  PTO C 80°55'17.1030&quot; ,  PTO D 80°55'49.6160&quot;</SimpleData>
		<SimpleData name="FLAG">1</SimpleData>
		<SimpleData name="Shape_STAr">0.00002536767</SimpleData>
		<SimpleData name="Shape_STLe">0.02368044444</SimpleData>
	</SchemaData></ExtendedData>
      <Polygon><outerBoundaryIs><LinearRing><coordinates>-80.9214175,-5.73140799999997 -80.930448889,-5.73140799999997 -80.930448889,-5.728599167 -80.9214175,-5.728599167 -80.9214175,-5.73140799999997</coordinates></LinearRing></outerBoundaryIs></Polygon>
  </Placemark>
  <Placemark>
	<name>ACUICULTURA Y PESCA ARTESANAL SOCIEDAD ANONIMA CERRADA</name>
	<description>ACUICULTURA Y PESCA ARTESANAL SOCIEDAD ANONIMA CERRADA</description>
	<Style><LineStyle><color>ff0000ff</color></LineStyle><PolyStyle><fill>0</fill></PolyStyle></Style>
	<ExtendedData><SchemaData schemaUrl="#Areas_de_Derechos_Acuícolas">
		<SimpleData name="CODIGO">12583</SimpleData>
		<SimpleData name="RESOLUCION">R.D.R. Nº 1050-2018-GOBIERNO REGIONAL PIURA-DRP-DR</SimpleData>
		<SimpleData name="FECHA_EMIS">2018/12/31</SimpleData>
		<SimpleData name="FECHA_VIGE">2028/12/31</SimpleData>
		<SimpleData name="AREA_TOTAL">80.00000000</SimpleData>
		<SimpleData name="NRO_ZONA">1</SimpleData>
		<SimpleData name="AREA_ZONA_">80.00000000</SimpleData>
		<SimpleData name="ESPECIE">CONCHA DE ABANICO</SimpleData>
		<SimpleData name="AMBITO">MARICULTURA</SimpleData>
		<SimpleData name="TIPO_DEREC">CONCESION</SimpleData>
		<SimpleData name="CATEGORIA_">ACUICULTURA DE MICRO Y PEQUEÑA EMPRESA (AMYPE)</SimpleData>
		<SimpleData name="ESTADO">VIGENTE</SimpleData>
		<SimpleData name="DEPARTAMEN">PIURA</SimpleData>
		<SimpleData name="PROVINCIA">SECHURA</SimpleData>
		<SimpleData name="DISTRITO">SECHURA</SimpleData>
		<SimpleData name="ZONA">LOTE 21 - MATACABALLO, BAHIA SECHURA</SimpleData>
		<SimpleData name="TIPO_COORD">UBICACIÓN RD</SimpleData>
		<SimpleData name="DATUM">WGS 84</SimpleData>
		<SimpleData name="LATITUD">PTO A 05°36'41.5910&quot; ,  PTO B 05°36'41.5910&quot; ,  PTO C 05°37'10.7300&quot; ,  PTO D 05°37'10.7300&quot;</SimpleData>
		<SimpleData name="LONGITUD">PTO A 80°53'52.3670&quot; ,  PTO B 80°53'23.2930&quot; ,  PTO C 80°53'23.2930&quot; ,  PTO D 80°53'52.3670&quot;</SimpleData>
		<SimpleData name="FLAG">1</SimpleData>
		<SimpleData name="Shape_STAr">0.00006536939</SimpleData>
		<SimpleData name="Shape_STLe">0.03234055555</SimpleData>
	</SchemaData></ExtendedData>
      <Polygon><outerBoundaryIs><LinearRing><coordinates>-80.8898036109999,-5.61964722199993 -80.8978797219999,-5.61964722199993 -80.8978797219999,-5.6115530559999 -80.8898036109999,-5.6115530559999 -80.8898036109999,-5.61964722199993</coordinates></LinearRing></outerBoundaryIs></Polygon>
  </Placemark>
  <Placemark>
	<name>ACUICULTORES BENDICION DE DIOS S.A.C.</name>
	<description>ACUICULTORES BENDICION DE DIOS S.A.C.</description>
	<Style><LineStyle><color>ff0000ff</color></LineStyle><PolyStyle><fill>0</fill></PolyStyle></Style>
	<ExtendedData><SchemaData schemaUrl="#Areas_de_Derechos_Acuícolas">
		<SimpleData name="CODIGO">5798</SimpleData>
		<SimpleData name="RESOLUCION">R.D.R. Nº 265-2011-GOBIERNO REGIONAL PIURA-DIREPRO-DR</SimpleData>
		<SimpleData name="FECHA_EMIS">2011/07/20</SimpleData>
		<SimpleData name="FECHA_VIGE">2041/07/20</SimpleData>
		<SimpleData name="AREA_TOTAL">50.00000000</SimpleData>
		<SimpleData name="NRO_ZONA">1</SimpleData>
		<SimpleData name="AREA_ZONA_">50.00000000</SimpleData>
		<SimpleData name="ESPECIE">CONCHA DE ABANICO</SimpleData>
		<SimpleData name="AMBITO">MARICULTURA</SimpleData>
		<SimpleData name="TIPO_DEREC">CONCESION</SimpleData>
		<SimpleData name="CATEGORIA_">ACUICULTURA DE MEDIANA Y GRAN EMPRESA (AMYGE)</SimpleData>
		<SimpleData name="ESTADO">VIGENTE</SimpleData>
		<SimpleData name="DEPARTAMEN">PIURA</SimpleData>
		<SimpleData name="PROVINCIA">SECHURA</SimpleData>
		<SimpleData name="DISTRITO">SECHURA</SimpleData>
		<SimpleData name="ZONA">LOTE 37-B-CONSTANTE, BAHIA SECHURA</SimpleData>
		<SimpleData name="RESOLUCI_1">R.D. Nº 136-2020-PRODUCE/DGA</SimpleData>
		<SimpleData name="FECHA_MODI">2020/08/13</SimpleData>
		<SimpleData name="TIPO_COORD">UBICACIÓN RD</SimpleData>
		<SimpleData name="DATUM">WGS 84</SimpleData>
		<SimpleData name="LATITUD">PTO A 05°39'29.3450&quot; ,  PTO B 05°39'29.3450&quot; ,  PTO C 05°39'47.0380&quot; ,  PTO D 05°39'47.0380&quot;</SimpleData>
		<SimpleData name="LONGITUD">PTO A 80°53'28.9910&quot; ,  PTO B 80°52'57.2930&quot; ,  PTO C 80°53'00.7980&quot; ,  PTO D 80°53'28.9910&quot;</SimpleData>
		<SimpleData name="FLAG">1</SimpleData>
		<SimpleData name="Shape_STAr">0.00004088162</SimpleData>
		<SimpleData name="Shape_STLe">0.02656134196</SimpleData>
	</SchemaData></ExtendedData>
      <Polygon><outerBoundaryIs><LinearRing><coordinates>-80.891386389,-5.65815138899997 -80.882596667,-5.65815138899997 -80.8825813889999,-5.65815138899997 -80.883555,-5.66306611100001 -80.891386389,-5.66306611100001 -80.891386389,-5.65815138899997</coordinates></LinearRing></outerBoundaryIs></Polygon>
  </Placemark>
  <Placemark>
	<name>MARICULTORES SECHURA SARITA COLONIA S.A.C.</name>
	<description>MARICULTORES SECHURA SARITA COLONIA S.A.C.</description>
	<Style><LineStyle><color>ff0000ff</color></LineStyle><PolyStyle><fill>0</fill></PolyStyle></Style>
	<ExtendedData><SchemaData schemaUrl="#Areas_de_Derechos_Acuícolas">
		<SimpleData name="CODIGO">12582</SimpleData>
		<SimpleData name="RESOLUCION">R.D.R. Nº 1049-2018-GOBIERNO REGIONAL PIURA-DRP-DR</SimpleData>
		<SimpleData name="FECHA_EMIS">2018/12/31</SimpleData>
		<SimpleData name="FECHA_VIGE">2028/12/31</SimpleData>
		<SimpleData name="AREA_TOTAL">49.50000000</SimpleData>
		<SimpleData name="NRO_ZONA">1</SimpleData>
		<SimpleData name="AREA_ZONA_">49.50000000</SimpleData>
		<SimpleData name="ESPECIE">CONCHA DE ABANICO</SimpleData>
		<SimpleData name="AMBITO">MARICULTURA</SimpleData>
		<SimpleData name="TIPO_DEREC">CONCESION</SimpleData>
		<SimpleData name="CATEGORIA_">ACUICULTURA DE MICRO Y PEQUEÑA EMPRESA (AMYPE)</SimpleData>
		<SimpleData name="ESTADO">VIGENTE</SimpleData>
		<SimpleData name="DEPARTAMEN">PIURA</SimpleData>
		<SimpleData name="PROVINCIA">SECHURA</SimpleData>
		<SimpleData name="DISTRITO">SECHURA</SimpleData>
		<SimpleData name="ZONA">LOTE 04 - CONSTANTE, BAHIA SECHURA</SimpleData>
		<SimpleData name="TIPO_COORD">UBICACIÓN RD</SimpleData>
		<SimpleData name="DATUM">WGS 84</SimpleData>
		<SimpleData name="LATITUD">PTO A 05°39'36.8220&quot; ,  PTO B 05°39'36.8260&quot; ,  PTO C 05°39'52.9560&quot; ,  PTO D 05°39'52.9550&quot;</SimpleData>
		<SimpleData name="LONGITUD">PTO A 80°55'20.2830&quot; ,  PTO B 80°54'47.8000&quot; ,  PTO C 80°54'47.7980&quot; ,  PTO D 80°55'20.2940&quot;</SimpleData>
		<SimpleData name="FLAG">1</SimpleData>
		<SimpleData name="Shape_STAr">0.00004044015</SimpleData>
		<SimpleData name="Shape_STLe">0.02701166782</SimpleData>
	</SchemaData></ExtendedData>
      <Polygon><outerBoundaryIs><LinearRing><coordinates>-80.913277778,-5.66022944399996 -80.9132772219999,-5.66470999999996 -80.9223038889999,-5.66470972199994 -80.922300833,-5.66022833299996 -80.913277778,-5.66022944399996</coordinates></LinearRing></outerBoundaryIs></Polygon>
  </Placemark>
  <Placemark>
	<name>ASOCIACION DE PESCA ARTESANAL COMUNAL DE MULTIUSOS POR UN FUTURO MEJOR</name>
	<description>ASOCIACION DE PESCA ARTESANAL COMUNAL DE MULTIUSOS POR UN FUTURO MEJOR</description>
	<Style><LineStyle><color>ff0000ff</color></LineStyle><PolyStyle><fill>0</fill></PolyStyle></Style>
	<ExtendedData><SchemaData schemaUrl="#Areas_de_Derechos_Acuícolas">
		<SimpleData name="CODIGO">5350</SimpleData>
		<SimpleData name="RESOLUCION">R.D.R. Nº 488-2010-GOBIERNO REGIONAL PIURA-DIREPRO-DR</SimpleData>
		<SimpleData name="FECHA_EMIS">2010/09/10</SimpleData>
		<SimpleData name="FECHA_VIGE">2040/09/10</SimpleData>
		<SimpleData name="AREA_TOTAL">100.00000000</SimpleData>
		<SimpleData name="NRO_ZONA">1</SimpleData>
		<SimpleData name="AREA_ZONA_">100.00000000</SimpleData>
		<SimpleData name="ESPECIE">CONCHA DE ABANICO</SimpleData>
		<SimpleData name="AMBITO">MARICULTURA</SimpleData>
		<SimpleData name="TIPO_DEREC">CONCESION</SimpleData>
		<SimpleData name="CATEGORIA_">ACUICULTURA DE MICRO Y PEQUEÑA EMPRESA (AMYPE)</SimpleData>
		<SimpleData name="ESTADO">VIGENTE</SimpleData>
		<SimpleData name="DEPARTAMEN">PIURA</SimpleData>
		<SimpleData name="PROVINCIA">SECHURA</SimpleData>
		<SimpleData name="DISTRITO">SECHURA</SimpleData>
		<SimpleData name="ZONA">LOTE 35 - MATACABALLO, BAHIA SECHURA</SimpleData>
		<SimpleData name="RESOLUCI_1">R.D.R. N° 397-2025-GOBIERNO REGIONAL PIURA-DRP-DR</SimpleData>
		<SimpleData name="FECHA_MODI">2025/06/10</SimpleData>
		<SimpleData name="TIPO_COORD">UBICACIÓN RD</SimpleData>
		<SimpleData name="DATUM">WGS 84</SimpleData>
		<SimpleData name="LATITUD">PTO A 5°38'38.648&quot; ,  PTO B 5°38'38.648&quot; ,  PTO C 5°39'11.215&quot; ,  PTO D 5°39'11.215&quot;</SimpleData>
		<SimpleData name="LONGITUD">PTO A 80°54'4.751&quot; ,  PTO B 80°53'32.242&quot; ,  PTO C 80°53'32.242&quot; ,  PTO D 80°54'4.751&quot;</SimpleData>
		<SimpleData name="FLAG">1</SimpleData>
		<SimpleData name="Shape_STAr">0.00008169441</SimpleData>
		<SimpleData name="Shape_STLe">0.03615400000</SimpleData>
	</SchemaData></ExtendedData>
      <Polygon><outerBoundaryIs><LinearRing><coordinates>-80.8922889999999,-5.65311499999999 -80.9013189999999,-5.65311499999999 -80.9013189999999,-5.64406799999991 -80.8922889999999,-5.64406799999991 -80.8922889999999,-5.65311499999999</coordinates></LinearRing></outerBoundaryIs></Polygon>
  </Placemark>
  <Placemark>
	<name>JOSE FAUSTINO SOCIEDAD ANONIMA CERRADA - JOSE FAUSTINO S.A.C.</name>
	<description>JOSE FAUSTINO SOCIEDAD ANONIMA CERRADA - JOSE FAUSTINO S.A.C.</description>
	<Style><LineStyle><color>ff0000ff</color></LineStyle><PolyStyle><fill>0</fill></PolyStyle></Style>
	<ExtendedData><SchemaData schemaUrl="#Areas_de_Derechos_Acuícolas">
		<SimpleData name="CODIGO">12585</SimpleData>
		<SimpleData name="RESOLUCION">R.D.R. Nº 1052-2018-GOBIERNO REGIONAL PIURA-DRP-DR</SimpleData>
		<SimpleData name="FECHA_EMIS">2018/12/31</SimpleData>
		<SimpleData name="FECHA_VIGE">2028/12/31</SimpleData>
		<SimpleData name="AREA_TOTAL">29.24000000</SimpleData>
		<SimpleData name="NRO_ZONA">1</SimpleData>
		<SimpleData name="AREA_ZONA_">29.24000000</SimpleData>
		<SimpleData name="ESPECIE">CONCHA DE ABANICO</SimpleData>
		<SimpleData name="AMBITO">MARICULTURA</SimpleData>
		<SimpleData name="TIPO_DEREC">CONCESION</SimpleData>
		<SimpleData name="CATEGORIA_">ACUICULTURA DE MICRO Y PEQUEÑA EMPRESA (AMYPE)</SimpleData>
		<SimpleData name="ESTADO">VIGENTE</SimpleData>
		<SimpleData name="DEPARTAMEN">PIURA</SimpleData>
		<SimpleData name="PROVINCIA">SECHURA</SimpleData>
		<SimpleData name="DISTRITO">SECHURA</SimpleData>
		<SimpleData name="ZONA">LOTE 58-B - LAS DELICIAS</SimpleData>
		<SimpleData name="TIPO_COORD">UBICACIÓN RD</SimpleData>
		<SimpleData name="DATUM">WGS 84</SimpleData>
		<SimpleData name="LATITUD">PTO A 05°42'51.9873&quot; ,  PTO B 05°42'51.9873&quot; ,  PTO C 05°43'03.8760&quot; ,  PTO D 05°43'03.8760&quot;</SimpleData>
		<SimpleData name="LONGITUD">PTO A 80°56'16.1592&quot; ,  PTO B 80°55'52.8670&quot; ,  PTO C 80°55'52.8670&quot; ,  PTO D 80°56'21.6540&quot;</SimpleData>
		<SimpleData name="FLAG">1</SimpleData>
		<SimpleData name="Shape_STAr">0.00002388711</SimpleData>
		<SimpleData name="Shape_STLe">0.02140694430</SimpleData>
	</SchemaData></ExtendedData>
      <Polygon><outerBoundaryIs><LinearRing><coordinates>-80.9313519439999,-5.71774333299991 -80.939348333,-5.71774333299991 -80.937822,-5.71444091699996 -80.9313519439999,-5.71444091699996 -80.9313519439999,-5.71774333299991</coordinates></LinearRing></outerBoundaryIs></Polygon>
  </Placemark>
  <Placemark>
	<name>ASOCIACION DE PESCADORES ARTESANALES Y EXTRACTORES DE MARISCOS OCEANICA</name>
	<description>ASOCIACION DE PESCADORES ARTESANALES Y EXTRACTORES DE MARISCOS OCEANICA</description>
	<Style><LineStyle><color>ff0000ff</color></LineStyle><PolyStyle><fill>0</fill></PolyStyle></Style>
	<ExtendedData><SchemaData schemaUrl="#Areas_de_Derechos_Acuícolas">
		<SimpleData name="CODIGO">21339</SimpleData>
		<SimpleData name="RESOLUCION">R.D.R. Nº 871-2024-GOBIERNO REGIONAL PIURA-DRP-DR</SimpleData>
		<SimpleData name="FECHA_EMIS">2024/12/04</SimpleData>
		<SimpleData name="FECHA_VIGE">2054/12/04</SimpleData>
		<SimpleData name="AREA_TOTAL">17.89800000</SimpleData>
		<SimpleData name="NRO_ZONA">1</SimpleData>
		<SimpleData name="AREA_ZONA_">17.89800000</SimpleData>
		<SimpleData name="ESPECIE">CONCHA DE ABANICO</SimpleData>
		<SimpleData name="AMBITO">MARICULTURA</SimpleData>
		<SimpleData name="TIPO_DEREC">CONCESION</SimpleData>
		<SimpleData name="CATEGORIA_">ACUICULTURA DE MICRO Y PEQUEÑA EMPRESA (AMYPE)</SimpleData>
		<SimpleData name="ESTADO">VIGENTE</SimpleData>
		<SimpleData name="DEPARTAMEN">PIURA</SimpleData>
		<SimpleData name="PROVINCIA">SECHURA</SimpleData>
		<SimpleData name="DISTRITO">SECHURA</SimpleData>
		<SimpleData name="ZONA">LOTE 149 - BARRANCOS</SimpleData>
		<SimpleData name="TIPO_COORD">UBICACIÓN RD</SimpleData>
		<SimpleData name="DATUM">WGS 84</SimpleData>
		<SimpleData name="LATITUD">PTO A 05°46'55.1060&quot; ,  PTO B 05°46'55.1030&quot; ,  PTO C 05°47'23.0070&quot;</SimpleData>
		<SimpleData name="LONGITUD">PTO A 80°54'06.9180&quot; ,  PTO B 80°53'53.3320&quot; ,  PTO C 80°54'06.9140&quot;</SimpleData>
		<SimpleData name="FLAG">1</SimpleData>
		<SimpleData name="Shape_STAr">0.00001462434</SimpleData>
		<SimpleData name="Shape_STLe">0.02014469905</SimpleData>
	</SchemaData></ExtendedData>
      <Polygon><outerBoundaryIs><LinearRing><coordinates>-80.8981477779999,-5.78197305599998 -80.901920556,-5.78972416699995 -80.901921667,-5.78197388899996 -80.8981477779999,-5.78197305599998</coordinates></LinearRing></outerBoundaryIs></Polygon>
  </Placemark>
  <Placemark>
	<name>ACUICULTORES APEMAR S.A.C.</name>
	<description>ACUICULTORES APEMAR S.A.C.</description>
	<Style><LineStyle><color>ff0000ff</color></LineStyle><PolyStyle><fill>0</fill></PolyStyle></Style>
	<ExtendedData><SchemaData schemaUrl="#Areas_de_Derechos_Acuícolas">
		<SimpleData name="CODIGO">5268</SimpleData>
		<SimpleData name="RESOLUCION">R.D.R. Nº 407-2010-GOBIERNO REGIONAL PIURA-DIREPRO-DR</SimpleData>
		<SimpleData name="FECHA_EMIS">2010/08/12</SimpleData>
		<SimpleData name="FECHA_VIGE">2040/08/12</SimpleData>
		<SimpleData name="AREA_TOTAL">80.00000000</SimpleData>
		<SimpleData name="NRO_ZONA">1</SimpleData>
		<SimpleData name="AREA_ZONA_">80.00000000</SimpleData>
		<SimpleData name="ESPECIE">CONCHA DE ABANICO</SimpleData>
		<SimpleData name="AMBITO">MARICULTURA</SimpleData>
		<SimpleData name="TIPO_DEREC">CONCESION</SimpleData>
		<SimpleData name="CATEGORIA_">ACUICULTURA DE MEDIANA Y GRAN EMPRESA (AMYGE)</SimpleData>
		<SimpleData name="ESTADO">VIGENTE</SimpleData>
		<SimpleData name="DEPARTAMEN">PIURA</SimpleData>
		<SimpleData name="PROVINCIA">SECHURA</SimpleData>
		<SimpleData name="DISTRITO">SECHURA</SimpleData>
		<SimpleData name="ZONA">LOTE 116 - VICHAYO</SimpleData>
		<SimpleData name="RESOLUCI_1">R.D. Nº 012-2021-PRODUCE/DGA</SimpleData>
		<SimpleData name="FECHA_MODI">2021/04/14</SimpleData>
		<SimpleData name="TIPO_COORD">UBICACIÓN RD</SimpleData>
		<SimpleData name="DATUM">WGS 84</SimpleData>
		<SimpleData name="LATITUD">PTO A 05°47'27.4960&quot; ,  PTO B 05°47'27.4960&quot; ,  PTO C 05°47'56.6240&quot; ,  PTO D 05°47'56.6240&quot;</SimpleData>
		<SimpleData name="LONGITUD">PTO A 80°57'02.3170&quot; ,  PTO B 80°56'33.2410&quot; ,  PTO C 80°56'33.2410&quot; ,  PTO D 80°57'02.3170&quot;</SimpleData>
		<SimpleData name="FLAG">1</SimpleData>
		<SimpleData name="Shape_STAr">0.00006534921</SimpleData>
		<SimpleData name="Shape_STLe">0.03233555556</SimpleData>
	</SchemaData></ExtendedData>
      <Polygon><outerBoundaryIs><LinearRing><coordinates>-80.942566944,-5.79906222199996 -80.950643611,-5.79906222199996 -80.950643611,-5.79097111100001 -80.942566944,-5.79097111100001 -80.942566944,-5.79906222199996</coordinates></LinearRing></outerBoundaryIs></Polygon>
  </Placemark>
  <Placemark>
	<name>EMPRESA DE PESCADORES ARTESANALES CELMAR S.A.C.</name>
	<description>EMPRESA DE PESCADORES ARTESANALES CELMAR S.A.C.</description>
	<Style><LineStyle><color>ff0000ff</color></LineStyle><PolyStyle><fill>0</fill></PolyStyle></Style>
	<ExtendedData><SchemaData schemaUrl="#Areas_de_Derechos_Acuícolas">
		<SimpleData name="CODIGO">5356</SimpleData>
		<SimpleData name="RESOLUCION">R.D.R. Nº 494-2010-GOBIERNO REGIONAL PIURA-DIREPRO-DR</SimpleData>
		<SimpleData name="FECHA_EMIS">2010/09/10</SimpleData>
		<SimpleData name="FECHA_VIGE">2040/09/10</SimpleData>
		<SimpleData name="AREA_TOTAL">80.00000000</SimpleData>
		<SimpleData name="NRO_ZONA">1</SimpleData>
		<SimpleData name="AREA_ZONA_">80.00000000</SimpleData>
		<SimpleData name="ESPECIE">CONCHA DE ABANICO</SimpleData>
		<SimpleData name="AMBITO">MARICULTURA</SimpleData>
		<SimpleData name="TIPO_DEREC">CONCESION</SimpleData>
		<SimpleData name="CATEGORIA_">ACUICULTURA DE MEDIANA Y GRAN EMPRESA (AMYGE)</SimpleData>
		<SimpleData name="ESTADO">VIGENTE</SimpleData>
		<SimpleData name="DEPARTAMEN">PIURA</SimpleData>
		<SimpleData name="PROVINCIA">SECHURA</SimpleData>
		<SimpleData name="DISTRITO">SECHURA</SimpleData>
		<SimpleData name="ZONA">LOTE 126 - VICHAYO</SimpleData>
		<SimpleData name="RESOLUCI_1">R.D. Nº 021-2021-PRODUCE/DGA</SimpleData>
		<SimpleData name="FECHA_MODI">2021/07/27</SimpleData>
		<SimpleData name="TIPO_COORD">UBICACIÓN RD</SimpleData>
		<SimpleData name="DATUM">WGS 84</SimpleData>
		<SimpleData name="LATITUD">PTO A 05°47'59.8810&quot; ,  PTO B 05°47'59.8810&quot; ,  PTO C 05°48'29.0090&quot; ,  PTO D 05°48'29.0090&quot;</SimpleData>
		<SimpleData name="LONGITUD">PTO A 80°58'06.9850&quot; ,  PTO B 80°57'37.9030&quot; ,  PTO C 80°57'37.9030&quot; ,  PTO D 80°58'06.9850&quot;</SimpleData>
		<SimpleData name="FLAG">1</SimpleData>
		<SimpleData name="Shape_STAr">0.00006536269</SimpleData>
		<SimpleData name="Shape_STLe">0.03233888889</SimpleData>
	</SchemaData></ExtendedData>
      <Polygon><outerBoundaryIs><LinearRing><coordinates>-80.9605286109999,-5.8080580559999 -80.968606944,-5.8080580559999 -80.968606944,-5.79996694399994 -80.9605286109999,-5.79996694399994 -80.9605286109999,-5.8080580559999</coordinates></LinearRing></outerBoundaryIs></Polygon>
  </Placemark>
  <Placemark>
	<name>ASOCIACION DE PESCADORES EXTRACTORES ARTESANALES BENDITO SAN JACINTO FORASTERO DEL VICHAYO</name>
	<description>ASOCIACION DE PESCADORES EXTRACTORES ARTESANALES BENDITO SAN JACINTO FORASTERO DEL VICHAYO</description>
	<Style><LineStyle><color>ff0000ff</color></LineStyle><PolyStyle><fill>0</fill></PolyStyle></Style>
	<ExtendedData><SchemaData schemaUrl="#Areas_de_Derechos_Acuícolas">
		<SimpleData name="CODIGO">5364</SimpleData>
		<SimpleData name="RESOLUCION">R.D.R. Nº 516-2010-GOBIERNO REGIONAL PIURA-DIREPRO-DR</SimpleData>
		<SimpleData name="FECHA_EMIS">2010/09/27</SimpleData>
		<SimpleData name="FECHA_VIGE">2040/09/27</SimpleData>
		<SimpleData name="AREA_TOTAL">80.00000000</SimpleData>
		<SimpleData name="NRO_ZONA">1</SimpleData>
		<SimpleData name="AREA_ZONA_">80.00000000</SimpleData>
		<SimpleData name="ESPECIE">CONCHA DE ABANICO</SimpleData>
		<SimpleData name="AMBITO">MARICULTURA</SimpleData>
		<SimpleData name="TIPO_DEREC">CONCESION</SimpleData>
		<SimpleData name="CATEGORIA_">ACUICULTURA DE MEDIANA Y GRAN EMPRESA (AMYGE)</SimpleData>
		<SimpleData name="ESTADO">VIGENTE</SimpleData>
		<SimpleData name="DEPARTAMEN">PIURA</SimpleData>
		<SimpleData name="PROVINCIA">SECHURA</SimpleData>
		<SimpleData name="DISTRITO">SECHURA</SimpleData>
		<SimpleData name="ZONA">LOTE 127 - VICHAYO, BAHIA SECHURA</SimpleData>
		<SimpleData name="RESOLUCI_1">R.D. N° 001-2023-PRODUCE/DGA</SimpleData>
		<SimpleData name="FECHA_MODI">2023/01/31</SimpleData>
		<SimpleData name="TIPO_COORD">UBICACIÓN RD</SimpleData>
		<SimpleData name="DATUM">WGS 84</SimpleData>
		<SimpleData name="LATITUD">PTO A 05°47'59.881&quot; ,  PTO B 05°47'59.881&quot; ,  PTO C 05°48'29.009&quot; ,  PTO D 05°48'29.009&quot;</SimpleData>
		<SimpleData name="LONGITUD">PTO A 80°58'39.319&quot; ,  PTO B 80°58'10.236&quot; ,  PTO C 80°58'10.236&quot; ,  PTO D 80°58'39.319&quot;</SimpleData>
		<SimpleData name="FLAG">1</SimpleData>
		<SimpleData name="Shape_STAr">0.00006536494</SimpleData>
		<SimpleData name="Shape_STLe">0.03233944445</SimpleData>
	</SchemaData></ExtendedData>
      <Polygon><outerBoundaryIs><LinearRing><coordinates>-80.9695099999999,-5.8080580559999 -80.977588611,-5.8080580559999 -80.977588611,-5.79996694399994 -80.9695099999999,-5.79996694399994 -80.9695099999999,-5.8080580559999</coordinates></LinearRing></outerBoundaryIs></Polygon>
  </Placemark>
  <Placemark>
	<name>ASOCIACION DE PESCADORES ARTESANALES ACUICULTORES SAGRADO CORAZON DE JESUS</name>
	<description>ASOCIACION DE PESCADORES ARTESANALES ACUICULTORES SAGRADO CORAZON DE JESUS</description>
	<Style><LineStyle><color>ff0000ff</color></LineStyle><PolyStyle><fill>0</fill></PolyStyle></Style>
	<ExtendedData><SchemaData schemaUrl="#Areas_de_Derechos_Acuícolas">
		<SimpleData name="CODIGO">5367</SimpleData>
		<SimpleData name="RESOLUCION">R.D.R. Nº 521-2010-GOBIERNO REGIONAL PIURA-DIREPRO-DR</SimpleData>
		<SimpleData name="FECHA_EMIS">2010/09/30</SimpleData>
		<SimpleData name="FECHA_VIGE">2040/09/30</SimpleData>
		<SimpleData name="AREA_TOTAL">40.00000000</SimpleData>
		<SimpleData name="NRO_ZONA">1</SimpleData>
		<SimpleData name="AREA_ZONA_">40.00000000</SimpleData>
		<SimpleData name="ESPECIE">CONCHA DE ABANICO</SimpleData>
		<SimpleData name="AMBITO">MARICULTURA</SimpleData>
		<SimpleData name="TIPO_DEREC">CONCESION</SimpleData>
		<SimpleData name="CATEGORIA_">ACUICULTURA DE MICRO Y PEQUEÑA EMPRESA (AMYPE)</SimpleData>
		<SimpleData name="ESTADO">VIGENTE</SimpleData>
		<SimpleData name="DEPARTAMEN">PIURA</SimpleData>
		<SimpleData name="PROVINCIA">SECHURA</SimpleData>
		<SimpleData name="DISTRITO">SECHURA</SimpleData>
		<SimpleData name="ZONA">LOTE 131-B - VICHAYO</SimpleData>
		<SimpleData name="RESOLUCI_1">R.D.R. Nº 23-2024-GOBIERNO REGIONAL PIURA-DRP-DR</SimpleData>
		<SimpleData name="FECHA_MODI">2024/01/19</SimpleData>
		<SimpleData name="TIPO_COORD">UBICACIÓN RD</SimpleData>
		<SimpleData name="DATUM">WGS 84</SimpleData>
		<SimpleData name="LATITUD">PTO A 05°48'32.2660&quot; ,  PTO B 05°48'32.2660&quot; ,  PTO C 05°49'01.3930&quot; ,  PTO D 05°49'01.3930&quot;</SimpleData>
		<SimpleData name="LONGITUD">PTO A 80°56'47.7800&quot; ,  PTO B 80°56'33.2410&quot; ,  PTO C 80°56'33.2410&quot; ,  PTO D 80°56'47.7800&quot;</SimpleData>
		<SimpleData name="FLAG">1</SimpleData>
		<SimpleData name="Shape_STAr">0.00003267573</SimpleData>
		<SimpleData name="Shape_STLe">0.02425888889</SimpleData>
	</SchemaData></ExtendedData>
      <Polygon><outerBoundaryIs><LinearRing><coordinates>-80.942566944,-5.81705361099999 -80.9466055559999,-5.81705361099999 -80.9466055559999,-5.80896277799997 -80.942566944,-5.80896277799997 -80.942566944,-5.81705361099999</coordinates></LinearRing></outerBoundaryIs></Polygon>
  </Placemark>
  <Placemark>
	<name>ASOCIACION DE RECOLECTORES, EXTRACTORES DE MARISCOS BENDICION DE DIOS</name>
	<description>ASOCIACION DE RECOLECTORES, EXTRACTORES DE MARISCOS BENDICION DE DIOS</description>
	<Style><LineStyle><color>ff0000ff</color></LineStyle><PolyStyle><fill>0</fill></PolyStyle></Style>
	<ExtendedData><SchemaData schemaUrl="#Areas_de_Derechos_Acuícolas">
		<SimpleData name="CODIGO">5611</SimpleData>
		<SimpleData name="RESOLUCION">R.D.R. Nº 022-2011-GOBIERNO REGIONAL PIURA-DIREPRO-DR</SimpleData>
		<SimpleData name="FECHA_EMIS">2011/01/24</SimpleData>
		<SimpleData name="FECHA_VIGE">2041/01/24</SimpleData>
		<SimpleData name="AREA_TOTAL">50.00000000</SimpleData>
		<SimpleData name="NRO_ZONA">1</SimpleData>
		<SimpleData name="AREA_ZONA_">50.00000000</SimpleData>
		<SimpleData name="ESPECIE">CONCHA DE ABANICO</SimpleData>
		<SimpleData name="AMBITO">MARICULTURA</SimpleData>
		<SimpleData name="TIPO_DEREC">CONCESION</SimpleData>
		<SimpleData name="CATEGORIA_">ACUICULTURA DE MEDIANA Y GRAN EMPRESA (AMYGE)</SimpleData>
		<SimpleData name="ESTADO">VIGENTE</SimpleData>
		<SimpleData name="DEPARTAMEN">PIURA</SimpleData>
		<SimpleData name="PROVINCIA">SECHURA</SimpleData>
		<SimpleData name="DISTRITO">SECHURA</SimpleData>
		<SimpleData name="ZONA">LOTE 132-B - VICHAYO</SimpleData>
		<SimpleData name="RESOLUCI_1">R.D. Nº 049-2020-PRODUCE/DGA</SimpleData>
		<SimpleData name="FECHA_MODI">2020/06/30</SimpleData>
		<SimpleData name="TIPO_COORD">UBICACIÓN RD</SimpleData>
		<SimpleData name="DATUM">WGS 84</SimpleData>
		<SimpleData name="LATITUD">PTO A 05°48'42.5730&quot; ,  PTO B 05°48'42.5730&quot; ,  PTO C 05°49'15.1400&quot; ,  PTO D 05°49'15.1400&quot;</SimpleData>
		<SimpleData name="LONGITUD">PTO A 80°56'13.7310&quot; ,  PTO B 80°55'57.4740&quot; ,  PTO C 80°55'57.4740&quot; ,  PTO D 80°56'13.7310&quot;</SimpleData>
		<SimpleData name="FLAG">1</SimpleData>
		<SimpleData name="Shape_STAr">0.00004085198</SimpleData>
		<SimpleData name="Shape_STLe">0.02712444444</SimpleData>
	</SchemaData></ExtendedData>
      <Polygon><outerBoundaryIs><LinearRing><coordinates>-80.9371475,-5.82087222199993 -80.9371475,-5.81182583299998 -80.9326316669999,-5.81182583299998 -80.9326316669999,-5.82087222199993 -80.9371475,-5.82087222199993</coordinates></LinearRing></outerBoundaryIs></Polygon>
  </Placemark>
  <Placemark>
	<name>ASOCIACION DE PESCADORES ARTESANALES ACUICULTORES DIOS ES MI GUIA DE PARACHIQUE</name>
	<description>ASOCIACION DE PESCADORES ARTESANALES ACUICULTORES DIOS ES MI GUIA DE PARACHIQUE</description>
	<Style><LineStyle><color>ff0000ff</color></LineStyle><PolyStyle><fill>0</fill></PolyStyle></Style>
	<ExtendedData><SchemaData schemaUrl="#Areas_de_Derechos_Acuícolas">
		<SimpleData name="CODIGO">5560</SimpleData>
		<SimpleData name="RESOLUCION">R.D.R. Nº 698-2010-GOBIERNO REGIONAL PIURA-DIREPRO-DR</SimpleData>
		<SimpleData name="FECHA_EMIS">2010/12/28</SimpleData>
		<SimpleData name="FECHA_VIGE">2040/12/28</SimpleData>
		<SimpleData name="AREA_TOTAL">30.00000000</SimpleData>
		<SimpleData name="NRO_ZONA">1</SimpleData>
		<SimpleData name="AREA_ZONA_">30.00000000</SimpleData>
		<SimpleData name="ESPECIE">CONCHA DE ABANICO</SimpleData>
		<SimpleData name="AMBITO">MARICULTURA</SimpleData>
		<SimpleData name="TIPO_DEREC">CONCESION</SimpleData>
		<SimpleData name="CATEGORIA_">ACUICULTURA DE MEDIANA Y GRAN EMPRESA (AMYGE)</SimpleData>
		<SimpleData name="ESTADO">VIGENTE</SimpleData>
		<SimpleData name="DEPARTAMEN">PIURA</SimpleData>
		<SimpleData name="PROVINCIA">SECHURA</SimpleData>
		<SimpleData name="DISTRITO">SECHURA</SimpleData>
		<SimpleData name="ZONA">LOTE 133-A - VICHAYO</SimpleData>
		<SimpleData name="RESOLUCI_1">R.D. N° 005-2023-PRODUCE/DGA</SimpleData>
		<SimpleData name="FECHA_MODI">2023/07/07</SimpleData>
		<SimpleData name="TIPO_COORD">UBICACIÓN RD</SimpleData>
		<SimpleData name="DATUM">WGS 84</SimpleData>
		<SimpleData name="LATITUD">PTO A 05°48'42.5730&quot; ,  PTO B 05°48'42.5730&quot; ,  PTO C 05°49'09.5590&quot; ,  PTO D 05°49'15.1400&quot;</SimpleData>
		<SimpleData name="LONGITUD">PTO A 80°55'54.2230&quot; ,  PTO B 80°55'43.5400&quot; ,  PTO C 80°55'43.5400&quot; ,  PTO D 80°55'54.2230&quot;</SimpleData>
		<SimpleData name="FLAG">1</SimpleData>
		<SimpleData name="Shape_STAr">0.00002454493</SimpleData>
		<SimpleData name="Shape_STLe">0.02285804681</SimpleData>
	</SchemaData></ExtendedData>
      <Polygon><outerBoundaryIs><LinearRing><coordinates>-80.928761111,-5.819321944 -80.931728611,-5.82087222199993 -80.931728611,-5.81182583299998 -80.928761111,-5.81182583299998 -80.928761111,-5.819321944</coordinates></LinearRing></outerBoundaryIs></Polygon>
  </Placemark>
  <Placemark>
	<name>ASOCIACION DE PESCADORES ARTESANALES MATACABALLO - SECHURA</name>
	<description>ASOCIACION DE PESCADORES ARTESANALES MATACABALLO - SECHURA</description>
	<Style><LineStyle><color>ff0000ff</color></LineStyle><PolyStyle><fill>0</fill></PolyStyle></Style>
	<ExtendedData><SchemaData schemaUrl="#Areas_de_Derechos_Acuícolas">
		<SimpleData name="CODIGO">5649</SimpleData>
		<SimpleData name="RESOLUCION">R.D.R. Nº 116-2011-GOBIERNO REGIONAL PIURA-DIREPRO-DR</SimpleData>
		<SimpleData name="FECHA_EMIS">2011/03/21</SimpleData>
		<SimpleData name="FECHA_VIGE">2041/03/21</SimpleData>
		<SimpleData name="AREA_TOTAL">43.77000000</SimpleData>
		<SimpleData name="NRO_ZONA">1</SimpleData>
		<SimpleData name="AREA_ZONA_">43.77000000</SimpleData>
		<SimpleData name="ESPECIE">CONCHA DE ABANICO</SimpleData>
		<SimpleData name="AMBITO">MARICULTURA</SimpleData>
		<SimpleData name="TIPO_DEREC">CONCESION</SimpleData>
		<SimpleData name="CATEGORIA_">ACUICULTURA DE MEDIANA Y GRAN EMPRESA (AMYGE)</SimpleData>
		<SimpleData name="ESTADO">VIGENTE</SimpleData>
		<SimpleData name="DEPARTAMEN">PIURA</SimpleData>
		<SimpleData name="PROVINCIA">SECHURA</SimpleData>
		<SimpleData name="DISTRITO">SECHURA</SimpleData>
		<SimpleData name="ZONA">LOTE 133-B - VICHAYO, BAHIA SECHURA</SimpleData>
		<SimpleData name="RESOLUCI_1">R.D. N° 080-2020-PRODUCE/DGA</SimpleData>
		<SimpleData name="FECHA_MODI">2020/07/06</SimpleData>
		<SimpleData name="TIPO_COORD">UBICACIÓN RD</SimpleData>
		<SimpleData name="DATUM">WGS 84</SimpleData>
		<SimpleData name="LATITUD">PTO A 05°48'42.5730&quot; ,  PTO B 05°48'42.5730&quot; ,  PTO C 05°48'58.0620&quot; ,  PTO D 05°49'09.5590&quot;</SimpleData>
		<SimpleData name="LONGITUD">PTO A 80°55'43.5400&quot; ,  PTO B 80°55'21.7070&quot; ,  PTO C 80°55'21.7070&quot; ,  PTO D 80°55'43.5400&quot;</SimpleData>
		<SimpleData name="FLAG">1</SimpleData>
		<SimpleData name="Shape_STAr">0.00003577765</SimpleData>
		<SimpleData name="Shape_STLe">0.02471752968</SimpleData>
	</SchemaData></ExtendedData>
      <Polygon><outerBoundaryIs><LinearRing><coordinates>-80.928761111,-5.819321944 -80.928761111,-5.81182583299998 -80.922696389,-5.81182583299998 -80.922696389,-5.8161283329999 -80.928761111,-5.819321944</coordinates></LinearRing></outerBoundaryIs></Polygon>
  </Placemark>
  <Placemark>
	<name>ASOCIACION DE PESCADORES ARTESANALES PLAYA BLANCA</name>
	<description>ASOCIACION DE PESCADORES ARTESANALES PLAYA BLANCA</description>
	<Style><LineStyle><color>ff0000ff</color></LineStyle><PolyStyle><fill>0</fill></PolyStyle></Style>
	<ExtendedData><SchemaData schemaUrl="#Areas_de_Derechos_Acuícolas">
		<SimpleData name="CODIGO">5554</SimpleData>
		<SimpleData name="RESOLUCION">R.D.R. Nº 662-2010-GOBIERNO REGIONAL PIURA-DIREPRO-DR</SimpleData>
		<SimpleData name="FECHA_EMIS">2010/12/17</SimpleData>
		<SimpleData name="FECHA_VIGE">2040/12/17</SimpleData>
		<SimpleData name="AREA_TOTAL">40.00000000</SimpleData>
		<SimpleData name="NRO_ZONA">1</SimpleData>
		<SimpleData name="AREA_ZONA_">40.00000000</SimpleData>
		<SimpleData name="ESPECIE">CONCHA DE ABANICO</SimpleData>
		<SimpleData name="AMBITO">MARICULTURA</SimpleData>
		<SimpleData name="TIPO_DEREC">CONCESION</SimpleData>
		<SimpleData name="CATEGORIA_">ACUICULTURA DE MEDIANA Y GRAN EMPRESA (AMYGE)</SimpleData>
		<SimpleData name="ESTADO">VIGENTE</SimpleData>
		<SimpleData name="DEPARTAMEN">PIURA</SimpleData>
		<SimpleData name="PROVINCIA">SECHURA</SimpleData>
		<SimpleData name="DISTRITO">SECHURA</SimpleData>
		<SimpleData name="ZONA">LOTE 134-A - VICHAYO, BAHIA SECHURA</SimpleData>
		<SimpleData name="RESOLUCI_1">R.D. Nº 121-2020-PRODUCE/DGA</SimpleData>
		<SimpleData name="FECHA_MODI">2020/07/30</SimpleData>
		<SimpleData name="OBS_MODIFI">DICAPI, CON LA RD 0248-2012-MGP/DCG OTORGA EL DERECHO DE USO DE AREA ACUATICA DE 39.895 HA.</SimpleData>
		<SimpleData name="TIPO_COORD">UBICACIÓN RD</SimpleData>
		<SimpleData name="DATUM">WGS 84</SimpleData>
		<SimpleData name="LATITUD">PTO A 05°49'04.6490&quot; ,  PTO B 05°49'04.6500&quot; ,  PTO C 05°49'33.7780&quot; ,  PTO D 05°49'33.7780&quot;</SimpleData>
		<SimpleData name="LONGITUD">PTO A 80°56'55.0180&quot; ,  PTO B 80°56'40.5130&quot; ,  PTO C 80°56'40.5130&quot; ,  PTO D 80°56'55.0180&quot;</SimpleData>
		<SimpleData name="FLAG">1</SimpleData>
		<SimpleData name="Shape_STAr">0.00003260099</SimpleData>
		<SimpleData name="Shape_STLe">0.02424083334</SimpleData>
	</SchemaData></ExtendedData>
      <Polygon><outerBoundaryIs><LinearRing><coordinates>-80.944586944,-5.82604944400001 -80.948616111,-5.82604944400001 -80.948616111,-5.82604899999997 -80.948616111,-5.81795805599995 -80.948616,-5.81795805600759 -80.944586944,-5.81795833299997 -80.944586944,-5.82604944400001</coordinates></LinearRing></outerBoundaryIs></Polygon>
  </Placemark>
  <Placemark>
	<name>ASOCIACION DE EXTRACTORES ARTESANALES BARONES DE DIOS DE LA CALETA VICHAYO</name>
	<description>ASOCIACION DE EXTRACTORES ARTESANALES BARONES DE DIOS DE LA CALETA VICHAYO</description>
	<Style><LineStyle><color>ff0000ff</color></LineStyle><PolyStyle><fill>0</fill></PolyStyle></Style>
	<ExtendedData><SchemaData schemaUrl="#Areas_de_Derechos_Acuícolas">
		<SimpleData name="CODIGO">5610</SimpleData>
		<SimpleData name="RESOLUCION">R.D.R. Nº 023-2011-GOBIERNO REGIONAL PIURA-DIREPRO-DR</SimpleData>
		<SimpleData name="FECHA_EMIS">2011/01/25</SimpleData>
		<SimpleData name="FECHA_VIGE">2041/01/25</SimpleData>
		<SimpleData name="AREA_TOTAL">20.00000000</SimpleData>
		<SimpleData name="NRO_ZONA">1</SimpleData>
		<SimpleData name="AREA_ZONA_">20.00000000</SimpleData>
		<SimpleData name="ESPECIE">CONCHA DE ABANICO</SimpleData>
		<SimpleData name="AMBITO">MARICULTURA</SimpleData>
		<SimpleData name="TIPO_DEREC">CONCESION</SimpleData>
		<SimpleData name="CATEGORIA_">ACUICULTURA DE MICRO Y PEQUEÑA EMPRESA (AMYPE)</SimpleData>
		<SimpleData name="ESTADO">VIGENTE</SimpleData>
		<SimpleData name="DEPARTAMEN">PIURA</SimpleData>
		<SimpleData name="PROVINCIA">SECHURA</SimpleData>
		<SimpleData name="DISTRITO">SECHURA</SimpleData>
		<SimpleData name="ZONA">LOTE 134-C - VICHAYO</SimpleData>
		<SimpleData name="RESOLUCI_1">R.D.R. Nº 824-2023-GOBIERNO REGIONA PIURA-DRP-DR</SimpleData>
		<SimpleData name="FECHA_MODI">2023/11/15</SimpleData>
		<SimpleData name="TIPO_COORD">UBICACIÓN RD</SimpleData>
		<SimpleData name="DATUM">WGS 84</SimpleData>
		<SimpleData name="LATITUD">PTO A 5°49'4.650&quot; ,  PTO B 5°49'4.650&quot; ,  PTO C 5°49'33.778&quot; ,  PTO D 5°49'33.778&quot;</SimpleData>
		<SimpleData name="LONGITUD">PTO A 80°57'2.317&quot; ,  PTO B 80°56'55.018&quot; ,  PTO C 80°56'55.018&quot; ,  PTO D 80°57'2.317&quot;</SimpleData>
		<SimpleData name="FLAG">1</SimpleData>
		<SimpleData name="Shape_STAr">0.00001640046</SimpleData>
		<SimpleData name="Shape_STLe">0.02023600000</SimpleData>
	</SchemaData></ExtendedData>
      <Polygon><outerBoundaryIs><LinearRing><coordinates>-80.948616111,-5.82604899999997 -80.9506429999999,-5.82604899999997 -80.9506429999999,-5.81795799999994 -80.948616,-5.81795799999994 -80.948616,-5.81795805600759 -80.948616,-5.82604899999997 -80.948616111,-5.82604899999997</coordinates></LinearRing></outerBoundaryIs></Polygon>
  </Placemark>
  <Placemark>
	<name>ASOCIACION DE PESCA ARTESANAL COMUNAL DE MULTIUSOS SAN JUDAS TADEO DE SECHURA</name>
	<description>ASOCIACION DE PESCA ARTESANAL COMUNAL DE MULTIUSOS SAN JUDAS TADEO DE SECHURA</description>
	<Style><LineStyle><color>ff0000ff</color></LineStyle><PolyStyle><fill>0</fill></PolyStyle></Style>
	<ExtendedData><SchemaData schemaUrl="#Areas_de_Derechos_Acuícolas">
		<SimpleData name="CODIGO">5651</SimpleData>
		<SimpleData name="RESOLUCION">R.D.R. Nº 123-2011-GOBIERNO REGIONAL PIURA-DIREPRO-DR</SimpleData>
		<SimpleData name="FECHA_EMIS">2011/03/29</SimpleData>
		<SimpleData name="FECHA_VIGE">2041/03/29</SimpleData>
		<SimpleData name="AREA_TOTAL">25.00000000</SimpleData>
		<SimpleData name="NRO_ZONA">1</SimpleData>
		<SimpleData name="AREA_ZONA_">25.00000000</SimpleData>
		<SimpleData name="ESPECIE">CONCHA DE ABANICO</SimpleData>
		<SimpleData name="AMBITO">MARICULTURA</SimpleData>
		<SimpleData name="TIPO_DEREC">CONCESION</SimpleData>
		<SimpleData name="CATEGORIA_">ACUICULTURA DE MEDIANA Y GRAN EMPRESA (AMYGE)</SimpleData>
		<SimpleData name="ESTADO">VIGENTE</SimpleData>
		<SimpleData name="DEPARTAMEN">PIURA</SimpleData>
		<SimpleData name="PROVINCIA">SECHURA</SimpleData>
		<SimpleData name="DISTRITO">SECHURA</SimpleData>
		<SimpleData name="ZONA">LOTE 95-A - LOS BARRANCOS</SimpleData>
		<SimpleData name="RESOLUCI_1">R.D. N° 079-2020-PRODUCE/DGA</SimpleData>
		<SimpleData name="FECHA_MODI">2020/07/06</SimpleData>
		<SimpleData name="TIPO_COORD">UBICACIÓN RD</SimpleData>
		<SimpleData name="DATUM">WGS 84</SimpleData>
		<SimpleData name="LATITUD">PTO A 05°45'43.4660&quot; ,  PTO B 05°45'43.4660&quot; ,  PTO C 05°46'16.0330&quot; ,  PTO D 05°46'16.0330&quot;</SimpleData>
		<SimpleData name="LONGITUD">PTO A 80°57'41.5240&quot; ,  PTO B 80°57'33.4220&quot; ,  PTO C 80°57'33.4220&quot; ,  PTO D 80°57'41.5240&quot;</SimpleData>
		<SimpleData name="FLAG">1</SimpleData>
		<SimpleData name="Shape_STAr">0.00002035940</SimpleData>
		<SimpleData name="Shape_STLe">0.02259388889</SimpleData>
	</SchemaData></ExtendedData>
      <Polygon><outerBoundaryIs><LinearRing><coordinates>-80.959283889,-5.77112027799996 -80.961534444,-5.77112027799996 -80.961534444,-5.76207388899993 -80.959283889,-5.76207388899993 -80.959283889,-5.77112027799996</coordinates></LinearRing></outerBoundaryIs></Polygon>
  </Placemark>
  <Placemark>
	<name>ASOCIACION DE PESCADORES EXTRACTORES ARTESANALES DE PESCADO Y MARISCOS MIRO'S</name>
	<description>ASOCIACION DE PESCADORES EXTRACTORES ARTESANALES DE PESCADO Y MARISCOS MIRO'S</description>
	<Style><LineStyle><color>ff0000ff</color></LineStyle><PolyStyle><fill>0</fill></PolyStyle></Style>
	<ExtendedData><SchemaData schemaUrl="#Areas_de_Derechos_Acuícolas">
		<SimpleData name="CODIGO">5333</SimpleData>
		<SimpleData name="RESOLUCION">R.D.R. Nº 432-2010-GOBIERNO REGIONAL PIURA-DIREPRO-DR</SimpleData>
		<SimpleData name="FECHA_EMIS">2010/08/19</SimpleData>
		<SimpleData name="FECHA_VIGE">2040/08/19</SimpleData>
		<SimpleData name="AREA_TOTAL">62.50000000</SimpleData>
		<SimpleData name="NRO_ZONA">1</SimpleData>
		<SimpleData name="AREA_ZONA_">62.50000000</SimpleData>
		<SimpleData name="ESPECIE">CONCHA DE ABANICO</SimpleData>
		<SimpleData name="AMBITO">MARICULTURA</SimpleData>
		<SimpleData name="TIPO_DEREC">CONCESION</SimpleData>
		<SimpleData name="CATEGORIA_">ACUICULTURA DE MEDIANA Y GRAN EMPRESA (AMYGE)</SimpleData>
		<SimpleData name="ESTADO">VIGENTE</SimpleData>
		<SimpleData name="DEPARTAMEN">PIURA</SimpleData>
		<SimpleData name="PROVINCIA">SECHURA</SimpleData>
		<SimpleData name="DISTRITO">SECHURA</SimpleData>
		<SimpleData name="ZONA">LOTE 100 -A - BARRANCOS</SimpleData>
		<SimpleData name="RESOLUCI_1">R.D. Nº 058-2020-PRODUCE/DGA</SimpleData>
		<SimpleData name="FECHA_MODI">2020/06/30</SimpleData>
		<SimpleData name="TIPO_COORD">UBICACIÓN RD</SimpleData>
		<SimpleData name="DATUM">WGS 84</SimpleData>
		<SimpleData name="LATITUD">PTO A 05°46'31.4976&quot; ,  PTO B 05°46'31.4976&quot; ,  PTO C 05°46'51.8520&quot; ,  PTO D 05°46'51.8520&quot;</SimpleData>
		<SimpleData name="LONGITUD">PTO A 80°57'05.7570&quot; ,  PTO B 80°56'33.2410&quot; ,  PTO C 80°56'33.2410&quot; ,  PTO D 80°57'05.757&quot;</SimpleData>
		<SimpleData name="FLAG">1</SimpleData>
		<SimpleData name="Shape_STAr">0.00005106818</SimpleData>
		<SimpleData name="Shape_STLe">0.02937244445</SimpleData>
	</SchemaData></ExtendedData>
      <Polygon><outerBoundaryIs><LinearRing><coordinates>-80.942566944,-5.78106999999995 -80.951599167,-5.78106999999995 -80.951599167,-5.77541599999994 -80.942566944,-5.77541599999994 -80.942566944,-5.78106999999995</coordinates></LinearRing></outerBoundaryIs></Polygon>
  </Placemark>
  <Placemark>
	<name>ASOCIACION DE PESCA ARTESANAL SUBMARINA VIÑA DEL MAR - APEASUB VIÑA DEL MAR</name>
	<description>ASOCIACION DE PESCA ARTESANAL SUBMARINA VIÑA DEL MAR - APEASUB VIÑA DEL MAR</description>
	<Style><LineStyle><color>ff0000ff</color></LineStyle><PolyStyle><fill>0</fill></PolyStyle></Style>
	<ExtendedData><SchemaData schemaUrl="#Areas_de_Derechos_Acuícolas">
		<SimpleData name="CODIGO">5279</SimpleData>
		<SimpleData name="RESOLUCION">R.D.R. Nº 418-2010-GOBIERNO REGIONAL PIURA-DIREPRO-DR</SimpleData>
		<SimpleData name="FECHA_EMIS">2010/08/12</SimpleData>
		<SimpleData name="FECHA_VIGE">2040/08/12</SimpleData>
		<SimpleData name="AREA_TOTAL">100.00000000</SimpleData>
		<SimpleData name="NRO_ZONA">1</SimpleData>
		<SimpleData name="AREA_ZONA_">100.00000000</SimpleData>
		<SimpleData name="ESPECIE">CONCHA DE ABANICO</SimpleData>
		<SimpleData name="AMBITO">MARICULTURA</SimpleData>
		<SimpleData name="TIPO_DEREC">CONCESION</SimpleData>
		<SimpleData name="CATEGORIA_">ACUICULTURA DE MEDIANA Y GRAN EMPRESA (AMYGE)</SimpleData>
		<SimpleData name="ESTADO">VIGENTE</SimpleData>
		<SimpleData name="DEPARTAMEN">PIURA</SimpleData>
		<SimpleData name="PROVINCIA">SECHURA</SimpleData>
		<SimpleData name="DISTRITO">SECHURA</SimpleData>
		<SimpleData name="ZONA">LOTE 101 - BARRANCOS</SimpleData>
		<SimpleData name="RESOLUCI_1">R.D. Nº 013-2020-PRODUCE/DGA</SimpleData>
		<SimpleData name="FECHA_MODI">2020/06/26</SimpleData>
		<SimpleData name="TIPO_COORD">UBICACIÓN RD</SimpleData>
		<SimpleData name="DATUM">WGS 84</SimpleData>
		<SimpleData name="LATITUD">PTO A 5°46'19.285&quot; ,  PTO B 5°46'19.285&quot; ,  PTO C 5°46'51.852&quot; ,  PTO D 5°46'51.852&quot;</SimpleData>
		<SimpleData name="LONGITUD">PTO A 80°56'29.990&quot; ,  PTO B 80°55'57.474&quot; ,  PTO C 80°55'57.474&quot; ,  PTO D 80°56'29.990&quot;</SimpleData>
		<SimpleData name="FLAG">1</SimpleData>
		<SimpleData name="Shape_STAr">0.00008171250</SimpleData>
		<SimpleData name="Shape_STLe">0.03615800000</SimpleData>
	</SchemaData></ExtendedData>
      <Polygon><outerBoundaryIs><LinearRing><coordinates>-80.932631,-5.78106999999995 -80.941663,-5.78106999999995 -80.941663,-5.77202299999996 -80.932631,-5.77202299999996 -80.932631,-5.78106999999995</coordinates></LinearRing></outerBoundaryIs></Polygon>
  </Placemark>
  <Placemark>
	<name>ASOCIACION DE EXTRACTORES DE MARISCOS ARTESANALES RECOLECTORES &quot;DIOS ES AMOR&quot;</name>
	<description>ASOCIACION DE EXTRACTORES DE MARISCOS ARTESANALES RECOLECTORES &quot;DIOS ES AMOR&quot;</description>
	<Style><LineStyle><color>ff0000ff</color></LineStyle><PolyStyle><fill>0</fill></PolyStyle></Style>
	<ExtendedData><SchemaData schemaUrl="#Areas_de_Derechos_Acuícolas">
		<SimpleData name="CODIGO">5259</SimpleData>
		<SimpleData name="RESOLUCION">R.D.R. Nº 398-2010-GOBIERNO REGIONAL PIURA-DIREPRO-DR</SimpleData>
		<SimpleData name="FECHA_EMIS">2010/08/12</SimpleData>
		<SimpleData name="FECHA_VIGE">2040/08/12</SimpleData>
		<SimpleData name="AREA_TOTAL">100.00000000</SimpleData>
		<SimpleData name="NRO_ZONA">1</SimpleData>
		<SimpleData name="AREA_ZONA_">100.00000000</SimpleData>
		<SimpleData name="ESPECIE">CONCHA DE ABANICO</SimpleData>
		<SimpleData name="AMBITO">MARICULTURA</SimpleData>
		<SimpleData name="TIPO_DEREC">CONCESION</SimpleData>
		<SimpleData name="CATEGORIA_">ACUICULTURA DE MEDIANA Y GRAN EMPRESA (AMYGE)</SimpleData>
		<SimpleData name="ESTADO">VIGENTE</SimpleData>
		<SimpleData name="DEPARTAMEN">PIURA</SimpleData>
		<SimpleData name="PROVINCIA">SECHURA</SimpleData>
		<SimpleData name="DISTRITO">SECHURA</SimpleData>
		<SimpleData name="ZONA">LOTE 102 - BARRANCOS</SimpleData>
		<SimpleData name="RESOLUCI_1">R.D. Nº 020-2020-PRODUCE/DGA</SimpleData>
		<SimpleData name="FECHA_MODI">2020/06/26</SimpleData>
		<SimpleData name="TIPO_COORD">UBICACIÓN RD</SimpleData>
		<SimpleData name="DATUM">WGS 84</SimpleData>
		<SimpleData name="LATITUD">PTO A 5°46'19.285&quot; ,  PTO B 5°46'19.285&quot; ,  PTO C 5°46'51.852&quot; ,  PTO D 5°46'51.852&quot;</SimpleData>
		<SimpleData name="LONGITUD">PTO A 80°55'54.223&quot; ,  PTO B 80°55'21.707&quot; ,  PTO C 80°55'21.707&quot; ,  PTO D 80°55'54.223&quot;</SimpleData>
		<SimpleData name="FLAG">1</SimpleData>
		<SimpleData name="Shape_STAr">0.00008171250</SimpleData>
		<SimpleData name="Shape_STLe">0.03615800000</SimpleData>
	</SchemaData></ExtendedData>
      <Polygon><outerBoundaryIs><LinearRing><coordinates>-80.922696,-5.78106999999995 -80.931728,-5.78106999999995 -80.931728,-5.77202299999996 -80.922696,-5.77202299999996 -80.922696,-5.78106999999995</coordinates></LinearRing></outerBoundaryIs></Polygon>
  </Placemark>
  <Placemark>
	<name>ASOCIACION DE PESCADORES ARTESANALES RECOLECTORES, EXTRACTORES DE MARISCOS &quot;HERMANOS UNIDOS&quot;</name>
	<description>ASOCIACION DE PESCADORES ARTESANALES RECOLECTORES, EXTRACTORES DE MARISCOS &quot;HERMANOS UNIDOS&quot;</description>
	<Style><LineStyle><color>ff0000ff</color></LineStyle><PolyStyle><fill>0</fill></PolyStyle></Style>
	<ExtendedData><SchemaData schemaUrl="#Areas_de_Derechos_Acuícolas">
		<SimpleData name="CODIGO">5605</SimpleData>
		<SimpleData name="RESOLUCION">R.D.R. Nº 001-2011-GOBIERNO REGIONAL PIURA-DIREPRO-DR</SimpleData>
		<SimpleData name="FECHA_EMIS">2011/01/04</SimpleData>
		<SimpleData name="FECHA_VIGE">2041/01/04</SimpleData>
		<SimpleData name="AREA_TOTAL">50.00000000</SimpleData>
		<SimpleData name="NRO_ZONA">1</SimpleData>
		<SimpleData name="AREA_ZONA_">50.00000000</SimpleData>
		<SimpleData name="ESPECIE">CONCHA DE ABANICO</SimpleData>
		<SimpleData name="AMBITO">MARICULTURA</SimpleData>
		<SimpleData name="TIPO_DEREC">CONCESION</SimpleData>
		<SimpleData name="CATEGORIA_">ACUICULTURA DE MEDIANA Y GRAN EMPRESA (AMYGE)</SimpleData>
		<SimpleData name="ESTADO">VIGENTE</SimpleData>
		<SimpleData name="DEPARTAMEN">PIURA</SimpleData>
		<SimpleData name="PROVINCIA">SECHURA</SimpleData>
		<SimpleData name="DISTRITO">SECHURA</SimpleData>
		<SimpleData name="ZONA">LOTE 104-A - BARRANCOS</SimpleData>
		<SimpleData name="RESOLUCI_1">R.D. N° 083-2020-PRODUCE/DGA</SimpleData>
		<SimpleData name="FECHA_MODI">2020/07/06</SimpleData>
		<SimpleData name="TIPO_COORD">UBICACIÓN RD</SimpleData>
		<SimpleData name="DATUM">WGS 84</SimpleData>
		<SimpleData name="LATITUD">PTO A 05°46'19.2850&quot; ,  PTO B 05°46'19.2850&quot; ,  PTO C 05°46'35.5690&quot; ,  PTO D 05°46'35.5690&quot;</SimpleData>
		<SimpleData name="LONGITUD">PTO A 80°54'42.6890&quot; ,  PTO B 80°54'10.1730&quot; ,  PTO C 80°54'10.1730&quot; ,  PTO D 80°54'42.6890&quot;</SimpleData>
		<SimpleData name="FLAG">1</SimpleData>
		<SimpleData name="Shape_STAr">0.00004085575</SimpleData>
		<SimpleData name="Shape_STLe">0.02711111111</SimpleData>
	</SchemaData></ExtendedData>
      <Polygon><outerBoundaryIs><LinearRing><coordinates>-80.9028258329999,-5.77654694399999 -80.9118580559999,-5.77654694399999 -80.9118580559999,-5.77202361099992 -80.9028258329999,-5.77202361099992 -80.9028258329999,-5.77654694399999</coordinates></LinearRing></outerBoundaryIs></Polygon>
  </Placemark>
  <Placemark>
	<name>ASOCIACION DE PESCADORES ARTESANALES Y EXTRACTORES DE MARISCOS CRISTO ES MI FORTALEZA</name>
	<description>ASOCIACION DE PESCADORES ARTESANALES Y EXTRACTORES DE MARISCOS CRISTO ES MI FORTALEZA</description>
	<Style><LineStyle><color>ff0000ff</color></LineStyle><PolyStyle><fill>0</fill></PolyStyle></Style>
	<ExtendedData><SchemaData schemaUrl="#Areas_de_Derechos_Acuícolas">
		<SimpleData name="CODIGO">5641</SimpleData>
		<SimpleData name="RESOLUCION">R.D.R. Nº 091-2011-GOBIERNO REGIONAL PIURA-DIREPRO-DR</SimpleData>
		<SimpleData name="FECHA_EMIS">2011/03/04</SimpleData>
		<SimpleData name="FECHA_VIGE">2041/03/04</SimpleData>
		<SimpleData name="AREA_TOTAL">70.00000000</SimpleData>
		<SimpleData name="NRO_ZONA">1</SimpleData>
		<SimpleData name="AREA_ZONA_">70.00000000</SimpleData>
		<SimpleData name="ESPECIE">CONCHA DE ABANICO</SimpleData>
		<SimpleData name="AMBITO">MARICULTURA</SimpleData>
		<SimpleData name="TIPO_DEREC">CONCESION</SimpleData>
		<SimpleData name="CATEGORIA_">ACUICULTURA DE MEDIANA Y GRAN EMPRESA (AMYGE)</SimpleData>
		<SimpleData name="ESTADO">VIGENTE</SimpleData>
		<SimpleData name="DEPARTAMEN">PIURA</SimpleData>
		<SimpleData name="PROVINCIA">SECHURA</SimpleData>
		<SimpleData name="DISTRITO">SECHURA</SimpleData>
		<SimpleData name="ZONA">LOTE 106-B - LOS BARRANCOS</SimpleData>
		<SimpleData name="RESOLUCI_1">R.D. Nº 048-2020-PRODUCE/DGA</SimpleData>
		<SimpleData name="FECHA_MODI">2020/06/30</SimpleData>
		<SimpleData name="TIPO_COORD">UBICACIÓN RD</SimpleData>
		<SimpleData name="DATUM">WGS 84</SimpleData>
		<SimpleData name="LATITUD">PTO A 5°47'04.888&quot; ,  PTO B 5°47'04.888&quot; ,  PTO C 5°47'27.669&quot; ,  PTO D 5°47'27.669&quot;</SimpleData>
		<SimpleData name="LONGITUD">PTO A 80°54'42.689&quot; ,  PTO B 80°54'10.173&quot; ,  PTO C 80°54'10.173&quot; ,  PTO D 80°54'42.689&quot;</SimpleData>
		<SimpleData name="FLAG">1</SimpleData>
		<SimpleData name="Shape_STAr">0.00005716082</SimpleData>
		<SimpleData name="Shape_STLe">0.03072200000</SimpleData>
	</SchemaData></ExtendedData>
      <Polygon><outerBoundaryIs><LinearRing><coordinates>-80.9028249999999,-5.79101899999997 -80.9118579999999,-5.79101899999997 -80.9118579999999,-5.78469111099998 -80.9118579999999,-5.78469099999997 -80.9028258329999,-5.78469099999997 -80.9028249999999,-5.78469099999997 -80.9028249999999,-5.79101899999997</coordinates></LinearRing></outerBoundaryIs></Polygon>
  </Placemark>
  <Placemark>
	<name>ASOCIACION DE EXTRACTORES DE MARISCOS ARTESANALES AMIGOS UNIDOS - PARACHIQUE</name>
	<description>ASOCIACION DE EXTRACTORES DE MARISCOS ARTESANALES AMIGOS UNIDOS - PARACHIQUE</description>
	<Style><LineStyle><color>ff0000ff</color></LineStyle><PolyStyle><fill>0</fill></PolyStyle></Style>
	<ExtendedData><SchemaData schemaUrl="#Areas_de_Derechos_Acuícolas">
		<SimpleData name="CODIGO">5271</SimpleData>
		<SimpleData name="RESOLUCION">R.D.R. Nº 410-2010-GOBIERNO REGIONAL PIURA-DIREPRO-DR</SimpleData>
		<SimpleData name="FECHA_EMIS">2010/08/12</SimpleData>
		<SimpleData name="FECHA_VIGE">2040/08/12</SimpleData>
		<SimpleData name="AREA_TOTAL">100.00000000</SimpleData>
		<SimpleData name="NRO_ZONA">1</SimpleData>
		<SimpleData name="AREA_ZONA_">100.00000000</SimpleData>
		<SimpleData name="ESPECIE">CONCHA DE ABANICO</SimpleData>
		<SimpleData name="AMBITO">MARICULTURA</SimpleData>
		<SimpleData name="TIPO_DEREC">CONCESION</SimpleData>
		<SimpleData name="CATEGORIA_">ACUICULTURA DE MEDIANA Y GRAN EMPRESA (AMYGE)</SimpleData>
		<SimpleData name="ESTADO">VIGENTE</SimpleData>
		<SimpleData name="DEPARTAMEN">PIURA</SimpleData>
		<SimpleData name="PROVINCIA">SECHURA</SimpleData>
		<SimpleData name="DISTRITO">SECHURA</SimpleData>
		<SimpleData name="ZONA">LOTE 109 - BARRANCOS</SimpleData>
		<SimpleData name="RESOLUCI_1">R.D. Nº 010-2020-PRODUCE/DGA</SimpleData>
		<SimpleData name="FECHA_MODI">2020/06/26</SimpleData>
		<SimpleData name="TIPO_COORD">UBICACIÓN RD</SimpleData>
		<SimpleData name="DATUM">WGS 84</SimpleData>
		<SimpleData name="LATITUD">PTO A 05°46'55.1090&quot; ,  PTO B 05°46'55.1090&quot; ,  PTO C 05°47'27.6690&quot; ,  PTO D 05°47'27.6690&quot;</SimpleData>
		<SimpleData name="LONGITUD">PTO A 80°56'29.9900&quot; ,  PTO B 80°55'57.4740&quot; ,  PTO C 80°55'57.4740&quot; ,  PTO D 80°56'29.9900&quot;</SimpleData>
		<SimpleData name="FLAG">1</SimpleData>
		<SimpleData name="Shape_STAr">0.00008169143</SimpleData>
		<SimpleData name="Shape_STLe">0.03615333333</SimpleData>
	</SchemaData></ExtendedData>
      <Polygon><outerBoundaryIs><LinearRing><coordinates>-80.9326316669999,-5.79101916699999 -80.941663889,-5.79101916699999 -80.941663889,-5.78197472199994 -80.9326316669999,-5.78197472199994 -80.9326316669999,-5.79101916699999</coordinates></LinearRing></outerBoundaryIs></Polygon>
  </Placemark>
  <Placemark>
	<name>ASOCIACION DE PESCADORES EXTRACTORES ARTESANALES DE PESCADO Y MARISCOS BENDICION DE JEHOVA</name>
	<description>ASOCIACION DE PESCADORES EXTRACTORES ARTESANALES DE PESCADO Y MARISCOS BENDICION DE JEHOVA</description>
	<Style><LineStyle><color>ff0000ff</color></LineStyle><PolyStyle><fill>0</fill></PolyStyle></Style>
	<ExtendedData><SchemaData schemaUrl="#Areas_de_Derechos_Acuícolas">
		<SimpleData name="CODIGO">5338</SimpleData>
		<SimpleData name="RESOLUCION">R.D.R. Nº 437-2010-GOBIERNO REGIONAL PIURA-DIREPRO-DR</SimpleData>
		<SimpleData name="FECHA_EMIS">2010/08/19</SimpleData>
		<SimpleData name="FECHA_VIGE">2040/08/19</SimpleData>
		<SimpleData name="AREA_TOTAL">47.32000000</SimpleData>
		<SimpleData name="NRO_ZONA">1</SimpleData>
		<SimpleData name="AREA_ZONA_">47.32000000</SimpleData>
		<SimpleData name="ESPECIE">CONCHA DE ABANICO</SimpleData>
		<SimpleData name="AMBITO">MARICULTURA</SimpleData>
		<SimpleData name="TIPO_DEREC">CONCESION</SimpleData>
		<SimpleData name="CATEGORIA_">ACUICULTURA DE MEDIANA Y GRAN EMPRESA (AMYGE)</SimpleData>
		<SimpleData name="ESTADO">VIGENTE</SimpleData>
		<SimpleData name="DEPARTAMEN">PIURA</SimpleData>
		<SimpleData name="PROVINCIA">SECHURA</SimpleData>
		<SimpleData name="DISTRITO">SECHURA</SimpleData>
		<SimpleData name="ZONA">LOTE 110-A - BARRANCOS</SimpleData>
		<SimpleData name="RESOLUCI_1">R.D. N° 018-2024-PRODUCE/DGA</SimpleData>
		<SimpleData name="FECHA_MODI">2024/09/18</SimpleData>
		<SimpleData name="TIPO_COORD">UBICACIÓN RD</SimpleData>
		<SimpleData name="DATUM">WGS 84</SimpleData>
		<SimpleData name="LATITUD">PTO A 05°46'55.1244&quot; ,  PTO B 05°46'55.1090&quot; ,  PTO C 05°47'24.2380&quot; ,  PTO D 05°47'24.2376&quot;</SimpleData>
		<SimpleData name="LONGITUD">PTO A 80°56'50.5536&quot; ,  PTO B 80°56'33.2410&quot; ,  PTO C 80°56'33.2410&quot; ,  PTO D 80°56'50.3412&quot;</SimpleData>
		<SimpleData name="FLAG">1</SimpleData>
		<SimpleData name="Shape_STAr">0.00003866282</SimpleData>
		<SimpleData name="Shape_STLe">0.02573771712</SimpleData>
	</SchemaData></ExtendedData>
      <Polygon><outerBoundaryIs><LinearRing><coordinates>-80.9473169999999,-5.79006599999999 -80.947376,-5.78197899999993 -80.942566944,-5.78197472199994 -80.942566944,-5.79006611099991 -80.9473169999999,-5.79006599999999</coordinates></LinearRing></outerBoundaryIs></Polygon>
  </Placemark>
  <Placemark>
	<name>GREMIO DE PESCADORES ARTESANALES DE LA CALETA DE PARACHIQUE</name>
	<description>GREMIO DE PESCADORES ARTESANALES DE LA CALETA DE PARACHIQUE</description>
	<Style><LineStyle><color>ff0000ff</color></LineStyle><PolyStyle><fill>0</fill></PolyStyle></Style>
	<ExtendedData><SchemaData schemaUrl="#Areas_de_Derechos_Acuícolas">
		<SimpleData name="CODIGO">5631</SimpleData>
		<SimpleData name="RESOLUCION">R.D.R. Nº 029-2011-GOBIERNO REGIONAL PIURA-DIREPRO-DR</SimpleData>
		<SimpleData name="FECHA_EMIS">2011/02/03</SimpleData>
		<SimpleData name="FECHA_VIGE">2041/02/03</SimpleData>
		<SimpleData name="AREA_TOTAL">100.00000000</SimpleData>
		<SimpleData name="NRO_ZONA">1</SimpleData>
		<SimpleData name="AREA_ZONA_">100.00000000</SimpleData>
		<SimpleData name="ESPECIE">CONCHA DE ABANICO</SimpleData>
		<SimpleData name="AMBITO">MARICULTURA</SimpleData>
		<SimpleData name="TIPO_DEREC">CONCESION</SimpleData>
		<SimpleData name="CATEGORIA_">ACUICULTURA DE MEDIANA Y GRAN EMPRESA (AMYGE)</SimpleData>
		<SimpleData name="ESTADO">VIGENTE</SimpleData>
		<SimpleData name="DEPARTAMEN">PIURA</SimpleData>
		<SimpleData name="PROVINCIA">SECHURA</SimpleData>
		<SimpleData name="DISTRITO">SECHURA</SimpleData>
		<SimpleData name="ZONA">LOTE 119 - LOS BARRANCOS</SimpleData>
		<SimpleData name="RESOLUCI_1">R.D. N° 095-2020-PRODUCE/DGA</SimpleData>
		<SimpleData name="FECHA_MODI">2020/07/14</SimpleData>
		<SimpleData name="TIPO_COORD">UBICACIÓN RD</SimpleData>
		<SimpleData name="DATUM">WGS 84</SimpleData>
		<SimpleData name="LATITUD">PTO A 05°47'30.9260&quot; ,  PTO B 05°47'30.9260&quot; ,  PTO C 05°48'03.4930&quot; ,  PTO D 05°48'03.4930&quot;</SimpleData>
		<SimpleData name="LONGITUD">PTO A 80°55'18.4560&quot; ,  PTO B 80°54'45.9400&quot; ,  PTO C 80°54'45.9400&quot; ,  PTO D 80°55'18.4560&quot;</SimpleData>
		<SimpleData name="FLAG">1</SimpleData>
		<SimpleData name="Shape_STAr">0.00008170899</SimpleData>
		<SimpleData name="Shape_STLe">0.03615722222</SimpleData>
	</SchemaData></ExtendedData>
      <Polygon><outerBoundaryIs><LinearRing><coordinates>-80.912761111,-5.800970278 -80.921793333,-5.800970278 -80.921793333,-5.79192388899997 -80.912761111,-5.79192388899997 -80.912761111,-5.800970278</coordinates></LinearRing></outerBoundaryIs></Polygon>
  </Placemark>
  <Placemark>
	<name>ASOCIACION DE PESCADORES ARTESANALES Y EXTRACTORES DE MARISCOS MARCITA</name>
	<description>ASOCIACION DE PESCADORES ARTESANALES Y EXTRACTORES DE MARISCOS MARCITA</description>
	<Style><LineStyle><color>ff0000ff</color></LineStyle><PolyStyle><fill>0</fill></PolyStyle></Style>
	<ExtendedData><SchemaData schemaUrl="#Areas_de_Derechos_Acuícolas">
		<SimpleData name="CODIGO">5263</SimpleData>
		<SimpleData name="RESOLUCION">R.D.R. Nº 402-2010-GOBIERNO REGIONAL PIURA-DIREPRO-DR</SimpleData>
		<SimpleData name="FECHA_EMIS">2010/08/12</SimpleData>
		<SimpleData name="FECHA_VIGE">2040/08/12</SimpleData>
		<SimpleData name="AREA_TOTAL">74.80000000</SimpleData>
		<SimpleData name="NRO_ZONA">1</SimpleData>
		<SimpleData name="AREA_ZONA_">74.80000000</SimpleData>
		<SimpleData name="ESPECIE">CONCHA DE ABANICO</SimpleData>
		<SimpleData name="AMBITO">MARICULTURA</SimpleData>
		<SimpleData name="TIPO_DEREC">CONCESION</SimpleData>
		<SimpleData name="CATEGORIA_">ACUICULTURA DE MEDIANA Y GRAN EMPRESA (AMYGE)</SimpleData>
		<SimpleData name="ESTADO">VIGENTE</SimpleData>
		<SimpleData name="DEPARTAMEN">PIURA</SimpleData>
		<SimpleData name="PROVINCIA">SECHURA</SimpleData>
		<SimpleData name="DISTRITO">SECHURA</SimpleData>
		<SimpleData name="ZONA">LOTE 120 - LOS BARRANCOS, BAHIA SECHURA</SimpleData>
		<SimpleData name="RESOLUCI_1">R.D. N° 081-2020-PRODUCE/DGA</SimpleData>
		<SimpleData name="FECHA_MODI">2020/07/06</SimpleData>
		<SimpleData name="OBS_MODIFI">R.D. Nº 0153-2012/DCG (19/03/2012) CORRIGE LAS COORDENADAS DE LA R.D. Nº 1296-2011/DCG</SimpleData>
		<SimpleData name="TIPO_COORD">UBICACIÓN RD</SimpleData>
		<SimpleData name="DATUM">WGS 84</SimpleData>
		<SimpleData name="LATITUD">PTO A 05°47'30.9260&quot; ,  PTO B 05°47'30.9260&quot; ,  PTO C 05°48'03.4930&quot; ,  PTO D 05°48'03.4930&quot;</SimpleData>
		<SimpleData name="LONGITUD">PTO A 80°54'42.6890&quot; ,  PTO B 80°54'10.1730&quot; ,  PTO C 80°54'26.5560&quot; ,  PTO D 80°54'42.6890&quot;</SimpleData>
		<SimpleData name="FLAG">1</SimpleData>
		<SimpleData name="Shape_STAr">0.00006112469</SimpleData>
		<SimpleData name="Shape_STLe">0.03268656092</SimpleData>
	</SchemaData></ExtendedData>
      <Polygon><outerBoundaryIs><LinearRing><coordinates>-80.907376667,-5.800970278 -80.9118580559999,-5.800970278 -80.9118580559999,-5.79192388899997 -80.9028258329999,-5.79192388899997 -80.907376667,-5.800970278</coordinates></LinearRing></outerBoundaryIs></Polygon>
  </Placemark>
  <Placemark>
	<name>ASOCIACION DE PESCADORES EXTRACTORES ARTESANALES ISLA BLANCA - APEAR ISLA BLANCA</name>
	<description>ASOCIACION DE PESCADORES EXTRACTORES ARTESANALES ISLA BLANCA - APEAR ISLA BLANCA</description>
	<Style><LineStyle><color>ff0000ff</color></LineStyle><PolyStyle><fill>0</fill></PolyStyle></Style>
	<ExtendedData><SchemaData schemaUrl="#Areas_de_Derechos_Acuícolas">
		<SimpleData name="CODIGO">5484</SimpleData>
		<SimpleData name="RESOLUCION">R.D.R. Nº 560-2010-GOBIERNO REGIONAL PIURA-DIREPRO-DR</SimpleData>
		<SimpleData name="FECHA_EMIS">2010/10/20</SimpleData>
		<SimpleData name="FECHA_VIGE">2040/10/20</SimpleData>
		<SimpleData name="AREA_TOTAL">20.00000000</SimpleData>
		<SimpleData name="NRO_ZONA">1</SimpleData>
		<SimpleData name="AREA_ZONA_">20.00000000</SimpleData>
		<SimpleData name="ESPECIE">CONCHA DE ABANICO</SimpleData>
		<SimpleData name="AMBITO">MARICULTURA</SimpleData>
		<SimpleData name="TIPO_DEREC">CONCESION</SimpleData>
		<SimpleData name="CATEGORIA_">ACUICULTURA DE MEDIANA Y GRAN EMPRESA (AMYGE)</SimpleData>
		<SimpleData name="ESTADO">VIGENTE</SimpleData>
		<SimpleData name="DEPARTAMEN">PIURA</SimpleData>
		<SimpleData name="PROVINCIA">SECHURA</SimpleData>
		<SimpleData name="DISTRITO">SECHURA</SimpleData>
		<SimpleData name="ZONA">LOTE 122-B - BARRANCOS</SimpleData>
		<SimpleData name="RESOLUCI_1">R.D. Nº 022-2022-PRODUCE/DGA</SimpleData>
		<SimpleData name="FECHA_MODI">2022/09/22</SimpleData>
		<SimpleData name="TIPO_COORD">UBICACIÓN RD</SimpleData>
		<SimpleData name="DATUM">WGS 84</SimpleData>
		<SimpleData name="LATITUD">PTO A 05°48'06.7500&quot; ,  PTO B 05°48'06.7500&quot; ,  PTO C 05°48'13.2630&quot; ,  PTO D 05°48'13.2630&quot;</SimpleData>
		<SimpleData name="LONGITUD">PTO A 80°55'54.2230&quot; ,  PTO B 80°55'21.7070&quot; ,  PTO C 80°55'21.7070&quot; ,  PTO D 80°55'54.2230&quot;</SimpleData>
		<SimpleData name="FLAG">1</SimpleData>
		<SimpleData name="Shape_STAr">0.00001634080</SimpleData>
		<SimpleData name="Shape_STLe">0.02168277778</SimpleData>
	</SchemaData></ExtendedData>
      <Polygon><outerBoundaryIs><LinearRing><coordinates>-80.922696389,-5.80368416699993 -80.931728611,-5.80368416699993 -80.931728611,-5.8018749999999 -80.922696389,-5.8018749999999 -80.922696389,-5.80368416699993</coordinates></LinearRing></outerBoundaryIs></Polygon>
  </Placemark>
  <Placemark>
	<name>ASOCIACION DE PESCADORES ARTESANALES DEZA EXPORT - PARACHIQUE - SECHURA</name>
	<description>ASOCIACION DE PESCADORES ARTESANALES DEZA EXPORT - PARACHIQUE - SECHURA</description>
	<Style><LineStyle><color>ff0000ff</color></LineStyle><PolyStyle><fill>0</fill></PolyStyle></Style>
	<ExtendedData><SchemaData schemaUrl="#Areas_de_Derechos_Acuícolas">
		<SimpleData name="CODIGO">5366</SimpleData>
		<SimpleData name="RESOLUCION">R.D.R. Nº 518-2010-GOBIERNO REGIONAL PIURA-DIREPRO-DR</SimpleData>
		<SimpleData name="FECHA_EMIS">2010/09/27</SimpleData>
		<SimpleData name="FECHA_VIGE">2040/09/27</SimpleData>
		<SimpleData name="AREA_TOTAL">38.84000000</SimpleData>
		<SimpleData name="NRO_ZONA">1</SimpleData>
		<SimpleData name="AREA_ZONA_">38.84000000</SimpleData>
		<SimpleData name="ESPECIE">CONCHA DE ABANICO</SimpleData>
		<SimpleData name="AMBITO">MARICULTURA</SimpleData>
		<SimpleData name="TIPO_DEREC">CONCESION</SimpleData>
		<SimpleData name="CATEGORIA_">ACUICULTURA DE MEDIANA Y GRAN EMPRESA (AMYGE)</SimpleData>
		<SimpleData name="ESTADO">VIGENTE</SimpleData>
		<SimpleData name="DEPARTAMEN">PIURA</SimpleData>
		<SimpleData name="PROVINCIA">SECHURA</SimpleData>
		<SimpleData name="DISTRITO">SECHURA</SimpleData>
		<SimpleData name="ZONA">LOTE 135-B - VICHAYO, BAHIA SECHURA</SimpleData>
		<SimpleData name="RESOLUCI_1">R.D. Nº 115-2020-PRODUCE/DGA</SimpleData>
		<SimpleData name="FECHA_MODI">2020/07/30</SimpleData>
		<SimpleData name="TIPO_COORD">UBICACIÓN RD</SimpleData>
		<SimpleData name="DATUM">WGS 84</SimpleData>
		<SimpleData name="LATITUD">PTO A 05°49'18.7900&quot; ,  PTO B 05°49'18.7900&quot; ,  PTO C 05°49'33.7780&quot; ,  PTO D 05°49'33.7780&quot; ,  PTO E 05°49'29.8550&quot;</SimpleData>
		<SimpleData name="LONGITUD">PTO A 80°57'34.6520&quot; ,  PTO B 80°57'05.5690&quot; ,  PTO C 80°57'05.5690&quot; ,  PTO D 80°57'22.1690&quot; ,  PTO E 80°57'34.6520&quot;</SimpleData>
		<SimpleData name="FLAG">1</SimpleData>
		<SimpleData name="Shape_STAr">0.00003174465</SimpleData>
		<SimpleData name="Shape_STLe">0.02356136759</SimpleData>
	</SchemaData></ExtendedData>
      <Polygon><outerBoundaryIs><LinearRing><coordinates>-80.9596255559999,-5.82188611099997 -80.9515469439999,-5.82188611099997 -80.9515469439999,-5.82604944400001 -80.9561580559999,-5.82604944400001 -80.9596255559999,-5.824959722 -80.9596255559999,-5.82188611099997</coordinates></LinearRing></outerBoundaryIs></Polygon>
  </Placemark>
  <Placemark>
	<name>ASOCIACION DE MARICULTORES EL REY - SECHURA</name>
	<description>ASOCIACION DE MARICULTORES EL REY - SECHURA</description>
	<Style><LineStyle><color>ff0000ff</color></LineStyle><PolyStyle><fill>0</fill></PolyStyle></Style>
	<ExtendedData><SchemaData schemaUrl="#Areas_de_Derechos_Acuícolas">
		<SimpleData name="CODIGO">21505</SimpleData>
		<SimpleData name="RESOLUCION">R.D.R. Nº 280-2025-GOBIERNO REGIONAL PIURA-DRP-DR</SimpleData>
		<SimpleData name="FECHA_EMIS">2025/04/28</SimpleData>
		<SimpleData name="FECHA_VIGE">2055/04/28</SimpleData>
		<SimpleData name="AREA_TOTAL">49.50000000</SimpleData>
		<SimpleData name="NRO_ZONA">1</SimpleData>
		<SimpleData name="AREA_ZONA_">49.50000000</SimpleData>
		<SimpleData name="ESPECIE">CONCHA DE ABANICO</SimpleData>
		<SimpleData name="AMBITO">MARICULTURA</SimpleData>
		<SimpleData name="TIPO_DEREC">CONCESION</SimpleData>
		<SimpleData name="CATEGORIA_">ACUICULTURA DE MICRO Y PEQUEÑA EMPRESA (AMYPE)</SimpleData>
		<SimpleData name="ESTADO">VIGENTE</SimpleData>
		<SimpleData name="DEPARTAMEN">PIURA</SimpleData>
		<SimpleData name="PROVINCIA">SECHURA</SimpleData>
		<SimpleData name="DISTRITO">SECHURA</SimpleData>
		<SimpleData name="ZONA">LOTE 09 - CONSTANTE</SimpleData>
		<SimpleData name="TIPO_COORD">UBICACIÓN RD</SimpleData>
		<SimpleData name="DATUM">WGS 84</SimpleData>
		<SimpleData name="LATITUD">PTO A 05°40'35.7630&quot; ,  PTO B 05°40'35.7160&quot; ,  PTO C 05°40'51.5860&quot; ,  PTO D 05°40'51.5910&quot;</SimpleData>
		<SimpleData name="LONGITUD">PTO A 80°54'45.3610&quot; ,  PTO B 80°54'12.2920&quot; ,  PTO C 80°54'12.2900&quot; ,  PTO D 80°54'45.3590&quot;</SimpleData>
		<SimpleData name="FLAG">1</SimpleData>
		<SimpleData name="Shape_STAr">0.00004044064</SimpleData>
		<SimpleData name="Shape_STLe">0.02717667612</SimpleData>
	</SchemaData></ExtendedData>
      <Polygon><outerBoundaryIs><LinearRing><coordinates>-80.903413889,-5.68099611099993 -80.912599722,-5.68099749999996 -80.912600278,-5.67660083299998 -80.9034144439999,-5.67658777799996 -80.903413889,-5.68099611099993</coordinates></LinearRing></outerBoundaryIs></Polygon>
  </Placemark>
  <Placemark>
	<name>SOL RADIANTE DE SECHURA S.A.C.</name>
	<description>SOL RADIANTE DE SECHURA S.A.C.</description>
	<Style><LineStyle><color>ff0000ff</color></LineStyle><PolyStyle><fill>0</fill></PolyStyle></Style>
	<ExtendedData><SchemaData schemaUrl="#Areas_de_Derechos_Acuícolas">
		<SimpleData name="CODIGO">20807</SimpleData>
		<SimpleData name="RESOLUCION">R.D.R. Nº 24-2024-GOBIERNO REGIONAL PIURA-DRP-DR</SimpleData>
		<SimpleData name="FECHA_EMIS">2024/01/19</SimpleData>
		<SimpleData name="FECHA_VIGE">2054/01/19</SimpleData>
		<SimpleData name="AREA_TOTAL">23.98500000</SimpleData>
		<SimpleData name="NRO_ZONA">1</SimpleData>
		<SimpleData name="AREA_ZONA_">23.98500000</SimpleData>
		<SimpleData name="ESPECIE">CONCHA DE ABANICO</SimpleData>
		<SimpleData name="AMBITO">MARICULTURA</SimpleData>
		<SimpleData name="TIPO_DEREC">CONCESION</SimpleData>
		<SimpleData name="CATEGORIA_">ACUICULTURA DE MICRO Y PEQUEÑA EMPRESA (AMYPE)</SimpleData>
		<SimpleData name="ESTADO">VIGENTE</SimpleData>
		<SimpleData name="DEPARTAMEN">PIURA</SimpleData>
		<SimpleData name="PROVINCIA">SECHURA</SimpleData>
		<SimpleData name="DISTRITO">SECHURA</SimpleData>
		<SimpleData name="ZONA">LOTE 72-A PARACHIQUE</SimpleData>
		<SimpleData name="TIPO_COORD">UBICACIÓN RD</SimpleData>
		<SimpleData name="DATUM">WGS 84</SimpleData>
		<SimpleData name="LATITUD">PTO A 05°44'18.7840&quot; ,  PTO B 05°44'18.7840&quot; ,  PTO C 05°44'26.5960&quot; ,  PTO D 05°44'26.5960&quot;</SimpleData>
		<SimpleData name="LONGITUD">PTO A 80°57'01.1340&quot; ,  PTO B 80°56'28.6230&quot; ,  PTO C 80°56'28.6230&quot; ,  PTO D 80°57'01.1340&quot;</SimpleData>
		<SimpleData name="FLAG">1</SimpleData>
		<SimpleData name="Shape_STAr">0.00001959691</SimpleData>
		<SimpleData name="Shape_STLe">0.02240166667</SimpleData>
	</SchemaData></ExtendedData>
      <Polygon><outerBoundaryIs><LinearRing><coordinates>-80.9412841669999,-5.74072111099995 -80.950315,-5.74072111099995 -80.950315,-5.73855111099991 -80.9412841669999,-5.73855111099991 -80.9412841669999,-5.74072111099995</coordinates></LinearRing></outerBoundaryIs></Polygon>
  </Placemark>
  <Placemark>
	<name>ASOCIACION DE PESCADORES ARTESANALES EXTRACTORES DE MARISCOS JESUS EL LIBERTADOR</name>
	<description>ASOCIACION DE PESCADORES ARTESANALES EXTRACTORES DE MARISCOS JESUS EL LIBERTADOR</description>
	<Style><LineStyle><color>ff0000ff</color></LineStyle><PolyStyle><fill>0</fill></PolyStyle></Style>
	<ExtendedData><SchemaData schemaUrl="#Areas_de_Derechos_Acuícolas">
		<SimpleData name="CODIGO">20919</SimpleData>
		<SimpleData name="RESOLUCION">R.D.R. Nº 154-2024-GOBIENO REGIONAL PIURA-DRP-DR</SimpleData>
		<SimpleData name="FECHA_EMIS">2024/03/04</SimpleData>
		<SimpleData name="FECHA_VIGE">2054/03/04</SimpleData>
		<SimpleData name="AREA_TOTAL">23.60500000</SimpleData>
		<SimpleData name="NRO_ZONA">1</SimpleData>
		<SimpleData name="AREA_ZONA_">23.60500000</SimpleData>
		<SimpleData name="ESPECIE">CONCHA DE ABANICO</SimpleData>
		<SimpleData name="AMBITO">MARICULTURA</SimpleData>
		<SimpleData name="TIPO_DEREC">CONCESION</SimpleData>
		<SimpleData name="CATEGORIA_">ACUICULTURA DE MICRO Y PEQUEÑA EMPRESA (AMYPE)</SimpleData>
		<SimpleData name="ESTADO">VIGENTE</SimpleData>
		<SimpleData name="DEPARTAMEN">PIURA</SimpleData>
		<SimpleData name="PROVINCIA">SECHURA</SimpleData>
		<SimpleData name="DISTRITO">SECHURA</SimpleData>
		<SimpleData name="ZONA">LOTE N° 141-A - LAS DELICIAS</SimpleData>
		<SimpleData name="TIPO_COORD">UBICACIÓN RD</SimpleData>
		<SimpleData name="DATUM">WGS 84</SimpleData>
		<SimpleData name="LATITUD">PTO A 05°42'16.1160&quot; ,  PTO B 05°42'16.1140&quot; ,  PTO C 05°42'28.0440&quot; ,  PTO D 05°42'28.0440&quot;</SimpleData>
		<SimpleData name="LONGITUD">PTO A 80°55'59.4770&quot; ,  PTO B 80°55'41.3100&quot; ,  PTO C 80°55'41.3100&quot; ,  PTO D 80°56'05.0470&quot;</SimpleData>
		<SimpleData name="FLAG">1</SimpleData>
		<SimpleData name="Shape_STAr">0.00001928500</SimpleData>
		<SimpleData name="Shape_STLe">0.01861067362</SimpleData>
	</SchemaData></ExtendedData>
      <Polygon><outerBoundaryIs><LinearRing><coordinates>-80.928141667,-5.70778999999989 -80.9347352779999,-5.70778999999989 -80.933188056,-5.70447666699992 -80.928141667,-5.70447611099996 -80.928141667,-5.70778999999989</coordinates></LinearRing></outerBoundaryIs></Polygon>
  </Placemark>
  <Placemark>
	<name>EMPRESA DE ACUICULTORES Y EXTRACTORES PAMPA ELERA SOCIEDAD ANÓNIMA CERRADA</name>
	<description>EMPRESA DE ACUICULTORES Y EXTRACTORES PAMPA ELERA SOCIEDAD ANÓNIMA CERRADA</description>
	<Style><LineStyle><color>ff0000ff</color></LineStyle><PolyStyle><fill>0</fill></PolyStyle></Style>
	<ExtendedData><SchemaData schemaUrl="#Areas_de_Derechos_Acuícolas">
		<SimpleData name="CODIGO">10981</SimpleData>
		<SimpleData name="RESOLUCION">R.D.R. Nº 429-2018-GOBIERNO REGIONAL PIURA-DRP-DR</SimpleData>
		<SimpleData name="FECHA_EMIS">2018/03/23</SimpleData>
		<SimpleData name="FECHA_VIGE">2028/03/23</SimpleData>
		<SimpleData name="AREA_TOTAL">20.27000000</SimpleData>
		<SimpleData name="NRO_ZONA">1</SimpleData>
		<SimpleData name="AREA_ZONA_">20.27000000</SimpleData>
		<SimpleData name="ESPECIE">CONCHA DE ABANICO</SimpleData>
		<SimpleData name="AMBITO">MARICULTURA</SimpleData>
		<SimpleData name="TIPO_DEREC">CONCESION</SimpleData>
		<SimpleData name="CATEGORIA_">ACUICULTURA DE MICRO Y PEQUEÑA EMPRESA (AMYPE)</SimpleData>
		<SimpleData name="ESTADO">VIGENTE</SimpleData>
		<SimpleData name="DEPARTAMEN">PIURA</SimpleData>
		<SimpleData name="PROVINCIA">SECHURA</SimpleData>
		<SimpleData name="DISTRITO">SECHURA</SimpleData>
		<SimpleData name="ZONA">LOTE 117-A - BARRANCOS</SimpleData>
		<SimpleData name="TIPO_COORD">UBICACIÓN RD</SimpleData>
		<SimpleData name="DATUM">WGS 84</SimpleData>
		<SimpleData name="LATITUD">PTO A 05°47'30.9260&quot; ,  PTO B 05°47'30.9260&quot; ,  PTO C 05°47'45.5895&quot; ,  PTO D 05°47'45.5895&quot;</SimpleData>
		<SimpleData name="LONGITUD">PTO A 80°56'29.9900&quot; ,  PTO B 80°56'15.3530&quot; ,  PTO C 80°56'15.3530&quot; ,  PTO D 80°56'29.9900&quot;</SimpleData>
		<SimpleData name="FLAG">1</SimpleData>
		<SimpleData name="Shape_STAr">0.00001656093</SimpleData>
		<SimpleData name="Shape_STLe">0.01627805555</SimpleData>
	</SchemaData></ExtendedData>
      <Polygon><outerBoundaryIs><LinearRing><coordinates>-80.937598056,-5.79599708300001 -80.941663889,-5.79599708300001 -80.941663889,-5.79192388899997 -80.937598056,-5.79192388899997 -80.937598056,-5.79599708300001</coordinates></LinearRing></outerBoundaryIs></Polygon>
  </Placemark>
  <Placemark>
	<name>ASOCIACION DE PESCA SUBMARINA ARTESANAL AGUA DE VIDA</name>
	<description>ASOCIACION DE PESCA SUBMARINA ARTESANAL AGUA DE VIDA</description>
	<Style><LineStyle><color>ff0000ff</color></LineStyle><PolyStyle><fill>0</fill></PolyStyle></Style>
	<ExtendedData><SchemaData schemaUrl="#Areas_de_Derechos_Acuícolas">
		<SimpleData name="CODIGO">5482</SimpleData>
		<SimpleData name="RESOLUCION">R.D.R. Nº 558-2010-GOBIERNO REGIONAL PIURA-DIREPRO-DR</SimpleData>
		<SimpleData name="FECHA_EMIS">2010/10/20</SimpleData>
		<SimpleData name="FECHA_VIGE">2040/10/20</SimpleData>
		<SimpleData name="AREA_TOTAL">50.00000000</SimpleData>
		<SimpleData name="NRO_ZONA">1</SimpleData>
		<SimpleData name="AREA_ZONA_">50.00000000</SimpleData>
		<SimpleData name="ESPECIE">CONCHA DE ABANICO</SimpleData>
		<SimpleData name="AMBITO">MARICULTURA</SimpleData>
		<SimpleData name="TIPO_DEREC">CONCESION</SimpleData>
		<SimpleData name="CATEGORIA_">ACUICULTURA DE MEDIANA Y GRAN EMPRESA (AMYGE)</SimpleData>
		<SimpleData name="ESTADO">VIGENTE</SimpleData>
		<SimpleData name="DEPARTAMEN">PIURA</SimpleData>
		<SimpleData name="PROVINCIA">SECHURA</SimpleData>
		<SimpleData name="DISTRITO">SECHURA</SimpleData>
		<SimpleData name="ZONA">LOTE 132-A - VICHAYO, BAHIA SECHURA</SimpleData>
		<SimpleData name="RESOLUCI_1">R.D. Nº 012-2020-PRODUCE/DGA</SimpleData>
		<SimpleData name="FECHA_MODI">2020/06/26</SimpleData>
		<SimpleData name="TIPO_COORD">UBICACIÓN RD</SimpleData>
		<SimpleData name="DATUM">WGS 84</SimpleData>
		<SimpleData name="LATITUD">PTO A 05°48'42.573&quot; ,  PTO B 05°48'42.573&quot; ,  PTO C 05°49'15.140&quot; ,  PTO D 05°49'15.140&quot;</SimpleData>
		<SimpleData name="LONGITUD">PTO A 80°56'29.990&quot; ,  PTO B 80°56'13.731&quot; ,  PTO C 80°56'13.731&quot; ,  PTO D 80°56'29.990&quot;</SimpleData>
		<SimpleData name="FLAG">1</SimpleData>
		<SimpleData name="Shape_STAr">0.00004085701</SimpleData>
		<SimpleData name="Shape_STLe">0.02712555556</SimpleData>
	</SchemaData></ExtendedData>
      <Polygon><outerBoundaryIs><LinearRing><coordinates>-80.9371475,-5.82087222199993 -80.941663889,-5.82087222199993 -80.941663889,-5.81182583299998 -80.9371475,-5.81182583299998 -80.9371475,-5.82087222199993</coordinates></LinearRing></outerBoundaryIs></Polygon>
  </Placemark>
  <Placemark>
	<name>ACUICULTORES EL ALGARROBO S.A.C.</name>
	<description>ACUICULTORES EL ALGARROBO S.A.C.</description>
	<Style><LineStyle><color>ff0000ff</color></LineStyle><PolyStyle><fill>0</fill></PolyStyle></Style>
	<ExtendedData><SchemaData schemaUrl="#Areas_de_Derechos_Acuícolas">
		<SimpleData name="CODIGO">21656</SimpleData>
		<SimpleData name="RESOLUCION">R.D.R. Nº 406-2025-GOBIERNO REGIONAL PIURA-DRP-DR</SimpleData>
		<SimpleData name="FECHA_EMIS">2025/06/12</SimpleData>
		<SimpleData name="FECHA_VIGE">2055/06/12</SimpleData>
		<SimpleData name="AREA_TOTAL">18.00000000</SimpleData>
		<SimpleData name="NRO_ZONA">1</SimpleData>
		<SimpleData name="AREA_ZONA_">18.00000000</SimpleData>
		<SimpleData name="ESPECIE">CONCHA DE ABANICO</SimpleData>
		<SimpleData name="AMBITO">MARICULTURA</SimpleData>
		<SimpleData name="TIPO_DEREC">CONCESION</SimpleData>
		<SimpleData name="CATEGORIA_">ACUICULTURA DE MICRO Y PEQUEÑA EMPRESA (AMYPE)</SimpleData>
		<SimpleData name="ESTADO">VIGENTE</SimpleData>
		<SimpleData name="DEPARTAMEN">PIURA</SimpleData>
		<SimpleData name="PROVINCIA">SECHURA</SimpleData>
		<SimpleData name="DISTRITO">SECHURA</SimpleData>
		<SimpleData name="ZONA">LOTE 97-B - BARRANCOS - VICHAYO, BAHIA SECHURA</SimpleData>
		<SimpleData name="TIPO_COORD">UBICACIÓN RD</SimpleData>
		<SimpleData name="DATUM">WGS 84</SimpleData>
		<SimpleData name="LATITUD">PTO A 05°45'43.4660&quot; ,  PTO B 05°45'43.4660&quot; ,  PTO C 05°45'58.1210&quot; ,  PTO D 05°45'58.1220&quot;</SimpleData>
		<SimpleData name="LONGITUD">PTO A 80°58'33.5480&quot; ,  PTO B 80°58'20.5420&quot; ,  PTO C 80°58'20.5420&quot; ,  PTO D 80°58'33.5480&quot;</SimpleData>
		<SimpleData name="FLAG">1</SimpleData>
		<SimpleData name="Shape_STAr">0.00001470752</SimpleData>
		<SimpleData name="Shape_STLe">0.01536750001</SimpleData>
	</SchemaData></ExtendedData>
      <Polygon><outerBoundaryIs><LinearRing><coordinates>-80.9723727779999,-5.76614472199995 -80.975985556,-5.76614499999997 -80.975985556,-5.76207388899993 -80.9723727779999,-5.76207388899993 -80.9723727779999,-5.76614472199995</coordinates></LinearRing></outerBoundaryIs></Polygon>
  </Placemark>
  <Placemark>
	<name>IMPEX SECYURAC SOCIEDAD ANONIMA CERRADA - IMPEX SECYURAC S.A.C.</name>
	<description>IMPEX SECYURAC SOCIEDAD ANONIMA CERRADA - IMPEX SECYURAC S.A.C.</description>
	<Style><LineStyle><color>ff0000ff</color></LineStyle><PolyStyle><fill>0</fill></PolyStyle></Style>
	<ExtendedData><SchemaData schemaUrl="#Areas_de_Derechos_Acuícolas">
		<SimpleData name="CODIGO">5361</SimpleData>
		<SimpleData name="RESOLUCION">R.D.R. Nº 513-2010-GOBIERNO REGIONAL PIURA-DIREPRO-DR</SimpleData>
		<SimpleData name="FECHA_EMIS">2010/09/27</SimpleData>
		<SimpleData name="FECHA_VIGE">2040/09/27</SimpleData>
		<SimpleData name="AREA_TOTAL">100.00000000</SimpleData>
		<SimpleData name="NRO_ZONA">1</SimpleData>
		<SimpleData name="AREA_ZONA_">100.00000000</SimpleData>
		<SimpleData name="ESPECIE">CONCHA DE ABANICO</SimpleData>
		<SimpleData name="AMBITO">MARICULTURA</SimpleData>
		<SimpleData name="TIPO_DEREC">CONCESION</SimpleData>
		<SimpleData name="CATEGORIA_">ACUICULTURA DE MICRO Y PEQUEÑA EMPRESA (AMYPE)</SimpleData>
		<SimpleData name="ESTADO">VIGENTE</SimpleData>
		<SimpleData name="DEPARTAMEN">PIURA</SimpleData>
		<SimpleData name="PROVINCIA">SECHURA</SimpleData>
		<SimpleData name="DISTRITO">SECHURA</SimpleData>
		<SimpleData name="ZONA">LOTE 9 - CHULLIYACHI, BAHIA SECHURA</SimpleData>
		<SimpleData name="RESOLUCI_1">R.D. N° 026-2025-PRODUCE/DGA</SimpleData>
		<SimpleData name="FECHA_MODI">2025/09/10</SimpleData>
		<SimpleData name="TIPO_COORD">UBICACIÓN RD</SimpleData>
		<SimpleData name="DATUM">WGS 84</SimpleData>
		<SimpleData name="LATITUD">PTO A 05°34'50.6910&quot; ,  PTO B 05°34'50.6910&quot; ,  PTO C 05°35'23.2580&quot; ,  PTO D 05°35'23.2580&quot;</SimpleData>
		<SimpleData name="LONGITUD">PTO A 80°55'04.8720&quot; ,  PTO B 80°54'32.3620&quot; ,  PTO C 80°54'32.3620&quot; ,  PTO D 80°55'04.8720&quot;</SimpleData>
		<SimpleData name="FLAG">1</SimpleData>
		<SimpleData name="Shape_STAr">0.00008169392</SimpleData>
		<SimpleData name="Shape_STLe">0.03615388889</SimpleData>
	</SchemaData></ExtendedData>
      <Polygon><outerBoundaryIs><LinearRing><coordinates>-80.908989444,-5.58979388899997 -80.91802,-5.58979388899997 -80.91802,-5.58074749999994 -80.908989444,-5.58074749999994 -80.908989444,-5.58979388899997</coordinates></LinearRing></outerBoundaryIs></Polygon>
  </Placemark>
  <Placemark>
	<name>ASOCIACION DE PESCADORES ARTESANALES ACUICULTORES &quot;LOS GUERREROS DE PUERTO RICO&quot;</name>
	<description>ASOCIACION DE PESCADORES ARTESANALES ACUICULTORES &quot;LOS GUERREROS DE PUERTO RICO&quot;</description>
	<Style><LineStyle><color>ff0000ff</color></LineStyle><PolyStyle><fill>0</fill></PolyStyle></Style>
	<ExtendedData><SchemaData schemaUrl="#Areas_de_Derechos_Acuícolas">
		<SimpleData name="CODIGO">6557</SimpleData>
		<SimpleData name="RESOLUCION">R.D.R. Nº 118-2014-GOBIERNO REGIONAL PIURA-DRP-DR</SimpleData>
		<SimpleData name="FECHA_EMIS">2014/04/14</SimpleData>
		<SimpleData name="FECHA_VIGE">2044/04/14</SimpleData>
		<SimpleData name="AREA_TOTAL">30.70000000</SimpleData>
		<SimpleData name="NRO_ZONA">1</SimpleData>
		<SimpleData name="AREA_ZONA_">0.00000000</SimpleData>
		<SimpleData name="ESPECIE">CONCHA DE ABANICO</SimpleData>
		<SimpleData name="AMBITO">MARICULTURA</SimpleData>
		<SimpleData name="TIPO_DEREC">CONCESION</SimpleData>
		<SimpleData name="CATEGORIA_">ACUICULTURA DE MICRO Y PEQUEÑA EMPRESA (AMYPE)</SimpleData>
		<SimpleData name="ESTADO">VIGENTE</SimpleData>
		<SimpleData name="DEPARTAMEN">PIURA</SimpleData>
		<SimpleData name="PROVINCIA">SECHURA</SimpleData>
		<SimpleData name="DISTRITO">SECHURA</SimpleData>
		<SimpleData name="ZONA">LOTE 06 - PUERTO RICO - BAYOVAR, BAHIA SECHURA</SimpleData>
		<SimpleData name="RESOLUCI_1">R.D. N° 026-2025-PRODUCE/DGA</SimpleData>
		<SimpleData name="FECHA_MODI">2025/09/10</SimpleData>
		<SimpleData name="TIPO_COORD">UBICACIÓN RD</SimpleData>
		<SimpleData name="DATUM">WGS 84</SimpleData>
		<SimpleData name="LATITUD">PTO A 05°47'45.6140&quot; ,  PTO B 05°47'45.6140&quot; ,  PTO C 05°48'00.4330&quot; ,  PTO D 05°48'00.4360&quot; ,  PTO E 05°47'56.3900&quot;</SimpleData>
		<SimpleData name="LONGITUD">PTO A 81°01'54.7500&quot; ,  PTO B 81°01'32.3240&quot; ,  PTO C 81°01'32.3240&quot; ,  PTO D 81°01'51.0250&quot; ,  PTO E 81°01'54.7500&quot;</SimpleData>
		<SimpleData name="FLAG">1</SimpleData>
		<SimpleData name="Shape_STAr">0.00002506439</SimpleData>
		<SimpleData name="Shape_STLe">0.02006155918</SimpleData>
	</SchemaData></ExtendedData>
      <Polygon><outerBoundaryIs><LinearRing><coordinates>-81.025645556,-5.80012027799993 -81.030840278,-5.80012111099991 -81.031875,-5.798997222 -81.031875,-5.79600388899995 -81.025645556,-5.79600388899995 -81.025645556,-5.80012027799993</coordinates></LinearRing></outerBoundaryIs></Polygon>
  </Placemark>
  <Placemark>
	<name>ASOCIACION DE PESCADORES ARTESANALES EXTRACTORES DE MARISCOS MIGUEL GRAU DE LA BOCANA PARACHIQUE-PIU</name>
	<description>ASOCIACION DE PESCADORES ARTESANALES EXTRACTORES DE MARISCOS MIGUEL GRAU DE LA BOCANA PARACHIQUE-PIU</description>
	<Style><LineStyle><color>ff0000ff</color></LineStyle><PolyStyle><fill>0</fill></PolyStyle></Style>
	<ExtendedData><SchemaData schemaUrl="#Areas_de_Derechos_Acuícolas">
		<SimpleData name="CODIGO">5461</SimpleData>
		<SimpleData name="RESOLUCION">R.D.R. Nº 539-2010-GOBIERNO REGIONAL PIURA-DIREPRO-DR</SimpleData>
		<SimpleData name="FECHA_EMIS">2010/10/14</SimpleData>
		<SimpleData name="FECHA_VIGE">2040/10/14</SimpleData>
		<SimpleData name="AREA_TOTAL">55.00000000</SimpleData>
		<SimpleData name="NRO_ZONA">1</SimpleData>
		<SimpleData name="AREA_ZONA_">55.00000000</SimpleData>
		<SimpleData name="ESPECIE">CONCHA DE ABANICO</SimpleData>
		<SimpleData name="AMBITO">MARICULTURA</SimpleData>
		<SimpleData name="TIPO_DEREC">CONCESION</SimpleData>
		<SimpleData name="CATEGORIA_">ACUICULTURA DE MICRO Y PEQUEÑA EMPRESA (AMYPE)</SimpleData>
		<SimpleData name="ESTADO">VIGENTE</SimpleData>
		<SimpleData name="DEPARTAMEN">PIURA</SimpleData>
		<SimpleData name="PROVINCIA">SECHURA</SimpleData>
		<SimpleData name="DISTRITO">SECHURA</SimpleData>
		<SimpleData name="ZONA">LOTE 108-B - BARRANCOS</SimpleData>
		<SimpleData name="RESOLUCI_1">R.D. N° 026-2025-PRODUCE/DGA</SimpleData>
		<SimpleData name="FECHA_MODI">2025/09/10</SimpleData>
		<SimpleData name="TIPO_COORD">UBICACIÓN RD</SimpleData>
		<SimpleData name="DATUM">WGS 84</SimpleData>
		<SimpleData name="LATITUD">PTO A 05°47'09.7650&quot; ,  PTO B 05°47'09.7650&quot; ,  PTO C 05°47'27.6690&quot; ,  PTO D 05°47'27.6690&quot;</SimpleData>
		<SimpleData name="LONGITUD">PTO A 80°55'54.2230&quot; ,  PTO B 80°55'21.7070&quot; ,  PTO C 80°55'21.7070&quot; ,  PTO D 80°55'54.2230&quot;</SimpleData>
		<SimpleData name="FLAG">1</SimpleData>
		<SimpleData name="Shape_STAr">0.00004492025</SimpleData>
		<SimpleData name="Shape_STLe">0.02801111111</SimpleData>
	</SchemaData></ExtendedData>
      <Polygon><outerBoundaryIs><LinearRing><coordinates>-80.931728611,-5.78604583299998 -80.922696389,-5.78604583299998 -80.922696389,-5.79101916699999 -80.931728611,-5.79101916699999 -80.931728611,-5.78604583299998</coordinates></LinearRing></outerBoundaryIs></Polygon>
  </Placemark>
  <Placemark>
	<name>SECHURA NUEVO MUNDO SOCIEDAD ANONIMA CERRADA</name>
	<description>SECHURA NUEVO MUNDO SOCIEDAD ANONIMA CERRADA</description>
	<Style><LineStyle><color>ff0000ff</color></LineStyle><PolyStyle><fill>0</fill></PolyStyle></Style>
	<ExtendedData><SchemaData schemaUrl="#Areas_de_Derechos_Acuícolas">
		<SimpleData name="CODIGO">6544</SimpleData>
		<SimpleData name="RESOLUCION">R.D.R. Nº 078-2014-GOBIERNO REGIONAL PIURA-DRP-DR</SimpleData>
		<SimpleData name="FECHA_EMIS">2014/03/18</SimpleData>
		<SimpleData name="FECHA_VIGE">2044/03/18</SimpleData>
		<SimpleData name="AREA_TOTAL">49.50000000</SimpleData>
		<SimpleData name="NRO_ZONA">1</SimpleData>
		<SimpleData name="AREA_ZONA_">49.50000000</SimpleData>
		<SimpleData name="ESPECIE">CONCHA DE ABANICO</SimpleData>
		<SimpleData name="AMBITO">MARICULTURA</SimpleData>
		<SimpleData name="TIPO_DEREC">CONCESION</SimpleData>
		<SimpleData name="CATEGORIA_">ACUICULTURA DE MICRO Y PEQUEÑA EMPRESA (AMYPE)</SimpleData>
		<SimpleData name="ESTADO">VIGENTE</SimpleData>
		<SimpleData name="DEPARTAMEN">PIURA</SimpleData>
		<SimpleData name="PROVINCIA">SECHURA</SimpleData>
		<SimpleData name="DISTRITO">SECHURA</SimpleData>
		<SimpleData name="ZONA">LOTE 01 - CONSTANTE</SimpleData>
		<SimpleData name="RESOLUCI_1">R.D. N° 026-2025-PRODUCE/DGA</SimpleData>
		<SimpleData name="FECHA_MODI">2025/09/10</SimpleData>
		<SimpleData name="TIPO_COORD">UBICACIÓN RD</SimpleData>
		<SimpleData name="DATUM">WGS 84</SimpleData>
		<SimpleData name="LATITUD">PTO A 05°38'38.600&quot; ,  PTO B 05°38'38.600&quot; ,  PTO C 05°38'54.709&quot; ,  PTO D 05°38'54.750&quot;</SimpleData>
		<SimpleData name="LONGITUD">PTO A 80°55'20.300&quot; ,  PTO B 80°54'47.800&quot; ,  PTO C 80°54'47.802&quot; ,  PTO D 80°55'20.288&quot;</SimpleData>
		<SimpleData name="FLAG">1</SimpleData>
		<SimpleData name="Shape_STAr">0.00004043950</SimpleData>
		<SimpleData name="Shape_STLe">0.02701250846</SimpleData>
	</SchemaData></ExtendedData>
      <Polygon><outerBoundaryIs><LinearRing><coordinates>-80.9132783329999,-5.64853027799999 -80.922302222,-5.64854166699996 -80.922305556,-5.64405555599995 -80.913277778,-5.64405555599995 -80.9132783329999,-5.64853027799999</coordinates></LinearRing></outerBoundaryIs></Polygon>
  </Placemark>
  <Placemark>
	<name>ASOCIACION DE PESCADORES ARTESANALES ACUICULTORES LEUS DEO</name>
	<description>ASOCIACION DE PESCADORES ARTESANALES ACUICULTORES LEUS DEO</description>
	<Style><LineStyle><color>ff0000ff</color></LineStyle><PolyStyle><fill>0</fill></PolyStyle></Style>
	<ExtendedData><SchemaData schemaUrl="#Areas_de_Derechos_Acuícolas">
		<SimpleData name="CODIGO">6752</SimpleData>
		<SimpleData name="RESOLUCION">R.D.R. Nº 228-2014-GOBIERNO REGIONAL PIURA-DRP-DR</SimpleData>
		<SimpleData name="FECHA_EMIS">2014/08/15</SimpleData>
		<SimpleData name="FECHA_VIGE">2044/08/15</SimpleData>
		<SimpleData name="AREA_TOTAL">30.70000000</SimpleData>
		<SimpleData name="NRO_ZONA">1</SimpleData>
		<SimpleData name="AREA_ZONA_">0.00000000</SimpleData>
		<SimpleData name="ESPECIE">CONCHA DE ABANICO</SimpleData>
		<SimpleData name="AMBITO">MARICULTURA</SimpleData>
		<SimpleData name="TIPO_DEREC">CONCESION</SimpleData>
		<SimpleData name="CATEGORIA_">ACUICULTURA DE MICRO Y PEQUEÑA EMPRESA (AMYPE)</SimpleData>
		<SimpleData name="ESTADO">VIGENTE</SimpleData>
		<SimpleData name="DEPARTAMEN">PIURA</SimpleData>
		<SimpleData name="PROVINCIA">SECHURA</SimpleData>
		<SimpleData name="DISTRITO">SECHURA</SimpleData>
		<SimpleData name="ZONA">LOTE 10 - PUERTO RICO - BAYOVAR, BAHIA SECHURA</SimpleData>
		<SimpleData name="RESOLUCI_1">R.D. N° 026-2025-PRODUCE/DGA</SimpleData>
		<SimpleData name="FECHA_MODI">2025/09/10</SimpleData>
		<SimpleData name="TIPO_COORD">UBICACIÓN RD</SimpleData>
		<SimpleData name="DATUM">WGS 84</SimpleData>
		<SimpleData name="LATITUD">PTO A 5°48'05.108&quot; ,  PTO B 5°48'05.108&quot; ,  PTO C 5°48'13.641&quot; ,  PTO D 5°48'12.968&quot; ,  PTO E 5°48'04.790&quot; ,  PTO F 5°48'21.322&quot; ,  PTO G 5°48'21.322&quot;</SimpleData>
		<SimpleData name="LONGITUD">PTO A 81°00'26.518&quot; ,  PTO B 81°00'25.753&quot; ,  PTO C 81°00'19.568&quot; ,  PTO D 81°00'16.296&quot; ,  PTO E 80°59'59.220&quot; ,  PTO F 80°59'59.220&quot; ,  PTO G 81°00'26.518&quot;</SimpleData>
		<SimpleData name="FLAG">1</SimpleData>
		<SimpleData name="Shape_STAr">0.00002507932</SimpleData>
		<SimpleData name="Shape_STLe">0.02600578314</SimpleData>
	</SchemaData></ExtendedData>
      <Polygon><outerBoundaryIs><LinearRing><coordinates>-80.999783,-5.80133099999992 -80.999783,-5.80592299999999 -81.0073659999999,-5.80592299999999 -81.0073659999999,-5.80141899999992 -81.0071539999999,-5.80141899999992 -81.005436,-5.8037889999999 -81.0045269999999,-5.80360199999997 -80.999783,-5.80133099999992</coordinates></LinearRing></outerBoundaryIs></Polygon>
  </Placemark>
  <Placemark>
	<name>ACUICULTORES NAUTILIUS S.A.C.</name>
	<description>ACUICULTORES NAUTILIUS S.A.C.</description>
	<Style><LineStyle><color>ff0000ff</color></LineStyle><PolyStyle><fill>0</fill></PolyStyle></Style>
	<ExtendedData><SchemaData schemaUrl="#Areas_de_Derechos_Acuícolas">
		<SimpleData name="CODIGO">5331</SimpleData>
		<SimpleData name="RESOLUCION">R.D.R. Nº 430-2010-GOBIERNO REGIONAL PIURA-DIREPRO-DR</SimpleData>
		<SimpleData name="FECHA_EMIS">2010/08/19</SimpleData>
		<SimpleData name="FECHA_VIGE">2040/08/19</SimpleData>
		<SimpleData name="AREA_TOTAL">80.00000000</SimpleData>
		<SimpleData name="NRO_ZONA">1</SimpleData>
		<SimpleData name="AREA_ZONA_">80.00000000</SimpleData>
		<SimpleData name="ESPECIE">CONCHA DE ABANICO</SimpleData>
		<SimpleData name="AMBITO">MARICULTURA</SimpleData>
		<SimpleData name="TIPO_DEREC">CONCESION</SimpleData>
		<SimpleData name="CATEGORIA_">ACUICULTURA DE MICRO Y PEQUEÑA EMPRESA (AMYPE)</SimpleData>
		<SimpleData name="ESTADO">VIGENTE</SimpleData>
		<SimpleData name="DEPARTAMEN">PIURA</SimpleData>
		<SimpleData name="PROVINCIA">SECHURA</SimpleData>
		<SimpleData name="DISTRITO">SECHURA</SimpleData>
		<SimpleData name="ZONA">LOTE 111 - VICHAYO</SimpleData>
		<SimpleData name="RESOLUCI_1">R.D.R. N° 122-2023-GOBIERNO REGIONAL PIURA-DRP-DR</SimpleData>
		<SimpleData name="FECHA_MODI">2023/05/18</SimpleData>
		<SimpleData name="TIPO_COORD">UBICACIÓN RD</SimpleData>
		<SimpleData name="DATUM">WGS 84</SimpleData>
		<SimpleData name="LATITUD">PTO A 05°46'55.109&quot; ,  PTO B 05°46'55.109&quot; ,  PTO C 05°47'24.238&quot; ,  PTO D 05°47'24.238&quot;</SimpleData>
		<SimpleData name="LONGITUD">PTO A 80°57'34.652&quot; ,  PTO B 80°57'5.569&quot; ,  PTO C 80°57'5.569&quot; ,  PTO D 80°57'34.652&quot;</SimpleData>
		<SimpleData name="FLAG">1</SimpleData>
		<SimpleData name="Shape_STAr">0.00006537527</SimpleData>
		<SimpleData name="Shape_STLe">0.03234200000</SimpleData>
	</SchemaData></ExtendedData>
      <Polygon><outerBoundaryIs><LinearRing><coordinates>-80.951546,-5.79006599999999 -80.959625,-5.79006599999999 -80.959625,-5.78197399999996 -80.951546,-5.78197399999996 -80.951546,-5.79006599999999</coordinates></LinearRing></outerBoundaryIs></Polygon>
  </Placemark>
  <Placemark>
	<name>SECHURA NEW WORLD S.A.C.</name>
	<description>SECHURA NEW WORLD S.A.C.</description>
	<Style><LineStyle><color>ff0000ff</color></LineStyle><PolyStyle><fill>0</fill></PolyStyle></Style>
	<ExtendedData><SchemaData schemaUrl="#Areas_de_Derechos_Acuícolas">
		<SimpleData name="CODIGO">20789</SimpleData>
		<SimpleData name="RESOLUCION">R.D.R. Nº 932-2023-GOBIERNO REGIONAL PIURA-DRP-DR</SimpleData>
		<SimpleData name="FECHA_EMIS">2023/12/19</SimpleData>
		<SimpleData name="FECHA_VIGE">2053/12/19</SimpleData>
		<SimpleData name="AREA_TOTAL">23.51900000</SimpleData>
		<SimpleData name="NRO_ZONA">1</SimpleData>
		<SimpleData name="AREA_ZONA_">23.51900000</SimpleData>
		<SimpleData name="ESPECIE">CONCHA DE ABANICO</SimpleData>
		<SimpleData name="AMBITO">MARICULTURA</SimpleData>
		<SimpleData name="TIPO_DEREC">CONCESION</SimpleData>
		<SimpleData name="CATEGORIA_">ACUICULTURA DE MICRO Y PEQUEÑA EMPRESA (AMYPE)</SimpleData>
		<SimpleData name="ESTADO">VIGENTE</SimpleData>
		<SimpleData name="DEPARTAMEN">PIURA</SimpleData>
		<SimpleData name="PROVINCIA">SECHURA</SimpleData>
		<SimpleData name="DISTRITO">SECHURA</SimpleData>
		<SimpleData name="ZONA">LOTE 140-A - CONSTANTE</SimpleData>
		<SimpleData name="TIPO_COORD">UBICACIÓN RD</SimpleData>
		<SimpleData name="DATUM">WGS 84</SimpleData>
		<SimpleData name="LATITUD">PTO A 05°38'38.6000&quot; ,  PTO B 05°38'38.6210&quot; ,  PTO C 05°38'53.5660&quot; ,  PTO D 05°38'53.5660&quot;</SimpleData>
		<SimpleData name="LONGITUD">PTO A 80°54'44.5490&quot; ,  PTO B 80°54'27.8990&quot; ,  PTO C 80°54'27.8970&quot; ,  PTO D 80°54'44.5460&quot;</SimpleData>
		<SimpleData name="FLAG">1</SimpleData>
		<SimpleData name="Shape_STAr">0.00001921308</SimpleData>
		<SimpleData name="Shape_STLe">0.01755833713</SimpleData>
	</SchemaData></ExtendedData>
      <Polygon><outerBoundaryIs><LinearRing><coordinates>-80.9077491669999,-5.64821277799992 -80.912373889,-5.64821277799992 -80.912374722,-5.64405555599995 -80.9077497219999,-5.64406138899998 -80.9077491669999,-5.64821277799992</coordinates></LinearRing></outerBoundaryIs></Polygon>
  </Placemark>
  <Placemark>
	<name>ASOCIACION DE EXTRACTORES RECOLECTORES DE MARISCOS ARTESANALES QUENN MARY</name>
	<description>ASOCIACION DE EXTRACTORES RECOLECTORES DE MARISCOS ARTESANALES QUENN MARY</description>
	<Style><LineStyle><color>ff0000ff</color></LineStyle><PolyStyle><fill>0</fill></PolyStyle></Style>
	<ExtendedData><SchemaData schemaUrl="#Areas_de_Derechos_Acuícolas">
		<SimpleData name="CODIGO">5551</SimpleData>
		<SimpleData name="RESOLUCION">R.D.R. Nº 651-2010-GOBIERNO REGIONAL PIURA-DIREPRO-DR</SimpleData>
		<SimpleData name="FECHA_EMIS">2010/12/14</SimpleData>
		<SimpleData name="FECHA_VIGE">2040/12/14</SimpleData>
		<SimpleData name="AREA_TOTAL">45.00000000</SimpleData>
		<SimpleData name="NRO_ZONA">1</SimpleData>
		<SimpleData name="AREA_ZONA_">45.00000000</SimpleData>
		<SimpleData name="ESPECIE">CONCHA DE ABANICO</SimpleData>
		<SimpleData name="AMBITO">MARICULTURA</SimpleData>
		<SimpleData name="TIPO_DEREC">CONCESION</SimpleData>
		<SimpleData name="CATEGORIA_">ACUICULTURA DE MICRO Y PEQUEÑA EMPRESA (AMYPE)</SimpleData>
		<SimpleData name="ESTADO">VIGENTE</SimpleData>
		<SimpleData name="DEPARTAMEN">PIURA</SimpleData>
		<SimpleData name="PROVINCIA">SECHURA</SimpleData>
		<SimpleData name="DISTRITO">SECHURA</SimpleData>
		<SimpleData name="ZONA">LOTE 108-A - BARRANCOS</SimpleData>
		<SimpleData name="RESOLUCI_1">R.D. N° 008-2022-PRODUCE/DGA</SimpleData>
		<SimpleData name="FECHA_MODI">2022/04/01</SimpleData>
		<SimpleData name="TIPO_COORD">UBICACIÓN RD</SimpleData>
		<SimpleData name="DATUM">WGS 84</SimpleData>
		<SimpleData name="LATITUD">PTO A 05°46'55.1090&quot; ,  PTO B 05°46'55.1090&quot; ,  PTO C 05°47'09.7650&quot; ,  PTO D 05°47'09.7650&quot;</SimpleData>
		<SimpleData name="LONGITUD">PTO A 80°55'54.2230&quot; ,  PTO B 80°55'21.7070&quot; ,  PTO C 80°55'21.7070&quot; ,  PTO D 80°55'54.2230&quot;</SimpleData>
		<SimpleData name="FLAG">1</SimpleData>
		<SimpleData name="Shape_STAr">0.00003677118</SimpleData>
		<SimpleData name="Shape_STLe">0.02620666667</SimpleData>
	</SchemaData></ExtendedData>
      <Polygon><outerBoundaryIs><LinearRing><coordinates>-80.922696389,-5.78604583299998 -80.931728611,-5.78604583299998 -80.931728611,-5.78197472199994 -80.922696389,-5.78197472199994 -80.922696389,-5.78604583299998</coordinates></LinearRing></outerBoundaryIs></Polygon>
  </Placemark>
  <Placemark>
	<name>ASOCIACION DE PESCADORES ARTESANALES ACUICULTORES JESUS PRINCIPE DE PAZ I</name>
	<description>ASOCIACION DE PESCADORES ARTESANALES ACUICULTORES JESUS PRINCIPE DE PAZ I</description>
	<Style><LineStyle><color>ff0000ff</color></LineStyle><PolyStyle><fill>0</fill></PolyStyle></Style>
	<ExtendedData><SchemaData schemaUrl="#Areas_de_Derechos_Acuícolas">
		<SimpleData name="CODIGO">5559</SimpleData>
		<SimpleData name="RESOLUCION">R.D.R. Nº 685-2010-GOBIERNO REGIONAL PIURA-DIREPRO-DR</SimpleData>
		<SimpleData name="FECHA_EMIS">2010/12/23</SimpleData>
		<SimpleData name="FECHA_VIGE">2040/12/23</SimpleData>
		<SimpleData name="AREA_TOTAL">40.00000000</SimpleData>
		<SimpleData name="NRO_ZONA">1</SimpleData>
		<SimpleData name="AREA_ZONA_">0.00000000</SimpleData>
		<SimpleData name="ESPECIE">CONCHA DE ABANICO</SimpleData>
		<SimpleData name="AMBITO">MARICULTURA</SimpleData>
		<SimpleData name="TIPO_DEREC">CONCESION</SimpleData>
		<SimpleData name="CATEGORIA_">ACUICULTURA DE MICRO Y PEQUEÑA EMPRESA (AMYPE)</SimpleData>
		<SimpleData name="ESTADO">VIGENTE</SimpleData>
		<SimpleData name="DEPARTAMEN">PIURA</SimpleData>
		<SimpleData name="PROVINCIA">SECHURA</SimpleData>
		<SimpleData name="DISTRITO">SECHURA</SimpleData>
		<SimpleData name="ZONA">LOTE 56-B - LAS DELICIAS</SimpleData>
		<SimpleData name="RESOLUCI_1">R.D. N° 026-2025-PRODUCE/DGA</SimpleData>
		<SimpleData name="FECHA_MODI">2025/09/10</SimpleData>
		<SimpleData name="TIPO_COORD">UBICACIÓN RD</SimpleData>
		<SimpleData name="DATUM">WGS 84</SimpleData>
		<SimpleData name="LATITUD">PTO A 05°42'16.1110&quot; ,  PTO B 05°42'16.1110&quot; ,  PTO C 05°42'45.2390&quot; ,  PTO D 05°42'45.2390&quot;</SimpleData>
		<SimpleData name="LONGITUD">PTO A 80°54'59.3170&quot; ,  PTO B 80°54'44.7750&quot; ,  PTO C 80°54'44.7750&quot; ,  PTO D 80°54'59.3190&quot;</SimpleData>
		<SimpleData name="FLAG">1</SimpleData>
		<SimpleData name="Shape_STAr">0.00003268584</SimpleData>
		<SimpleData name="Shape_STLe">0.02426166669</SimpleData>
	</SchemaData></ExtendedData>
      <Polygon><outerBoundaryIs><LinearRing><coordinates>-80.9164769439999,-5.71256638899994 -80.9164775,-5.71256638899994 -80.9164769439999,-5.70447527799998 -80.9124374999999,-5.70447527799998 -80.9124374999999,-5.71256638899994 -80.9164769439999,-5.71256638899994</coordinates></LinearRing></outerBoundaryIs></Polygon>
  </Placemark>
  <Placemark>
	<name>ASOCIACION SEñOR DE LOS MILAGROS</name>
	<description>ASOCIACION SEñOR DE LOS MILAGROS</description>
	<Style><LineStyle><color>ff0000ff</color></LineStyle><PolyStyle><fill>0</fill></PolyStyle></Style>
	<ExtendedData><SchemaData schemaUrl="#Areas_de_Derechos_Acuícolas">
		<SimpleData name="CODIGO">5269</SimpleData>
		<SimpleData name="RESOLUCION">R.D.R. Nº 408-2010-GOBIERNO REGIONAL PIURA-DIREPRO-DR</SimpleData>
		<SimpleData name="FECHA_EMIS">2010/08/12</SimpleData>
		<SimpleData name="FECHA_VIGE">2040/08/12</SimpleData>
		<SimpleData name="AREA_TOTAL">80.00000000</SimpleData>
		<SimpleData name="NRO_ZONA">1</SimpleData>
		<SimpleData name="AREA_ZONA_">80.00000000</SimpleData>
		<SimpleData name="ESPECIE">CONCHA DE ABANICO</SimpleData>
		<SimpleData name="AMBITO">MARICULTURA</SimpleData>
		<SimpleData name="TIPO_DEREC">CONCESION</SimpleData>
		<SimpleData name="CATEGORIA_">ACUICULTURA DE MEDIANA Y GRAN EMPRESA (AMYGE)</SimpleData>
		<SimpleData name="ESTADO">VIGENTE</SimpleData>
		<SimpleData name="DEPARTAMEN">PIURA</SimpleData>
		<SimpleData name="PROVINCIA">SECHURA</SimpleData>
		<SimpleData name="DISTRITO">SECHURA</SimpleData>
		<SimpleData name="ZONA">LOTE 86 - PARACHIQUE</SimpleData>
		<SimpleData name="RESOLUCI_1">R.D. N° 006-2023-PRODUCE/DGA</SimpleData>
		<SimpleData name="FECHA_MODI">2023/07/07</SimpleData>
		<SimpleData name="TIPO_COORD">UBICACIÓN RD</SimpleData>
		<SimpleData name="DATUM">WGS 84</SimpleData>
		<SimpleData name="LATITUD">PTO A 05°44'58.0340&quot; ,  PTO B 05°44'58.0340&quot; ,  PTO C 05°45'27.1770&quot; ,  PTO D 05°45'27.1770&quot;</SimpleData>
		<SimpleData name="LONGITUD">PTO A 80°55'13.8540&quot; ,  PTO B 80°54'44.7750&quot; ,  PTO C 80°54'44.7750&quot; ,  PTO D 80°55'13.8540&quot;</SimpleData>
		<SimpleData name="FLAG">1</SimpleData>
		<SimpleData name="Shape_STAr">0.00006538961</SimpleData>
		<SimpleData name="Shape_STLe">0.03234555556</SimpleData>
	</SchemaData></ExtendedData>
      <Polygon><outerBoundaryIs><LinearRing><coordinates>-80.9124374999999,-5.75754916700001 -80.920515,-5.75754916700001 -80.920515,-5.74945388899997 -80.9124374999999,-5.74945388899997 -80.9124374999999,-5.75754916700001</coordinates></LinearRing></outerBoundaryIs></Polygon>
  </Placemark>
  <Placemark>
	<name>ASOCIACION DE PESCADORES ARTESANALES PROYECTOS DEL MAR SECHURA POR SIEMPRE</name>
	<description>ASOCIACION DE PESCADORES ARTESANALES PROYECTOS DEL MAR SECHURA POR SIEMPRE</description>
	<Style><LineStyle><color>ff0000ff</color></LineStyle><PolyStyle><fill>0</fill></PolyStyle></Style>
	<ExtendedData><SchemaData schemaUrl="#Areas_de_Derechos_Acuícolas">
		<SimpleData name="CODIGO">5261</SimpleData>
		<SimpleData name="RESOLUCION">R.D.R. Nº 400-2010-GOBIERNO REGIONAL PIURA-DIREPRO-DR</SimpleData>
		<SimpleData name="FECHA_EMIS">2010/08/12</SimpleData>
		<SimpleData name="FECHA_VIGE">2040/08/12</SimpleData>
		<SimpleData name="AREA_TOTAL">55.02000000</SimpleData>
		<SimpleData name="NRO_ZONA">1</SimpleData>
		<SimpleData name="AREA_ZONA_">55.02000000</SimpleData>
		<SimpleData name="ESPECIE">CONCHA DE ABANICO</SimpleData>
		<SimpleData name="AMBITO">MARICULTURA</SimpleData>
		<SimpleData name="TIPO_DEREC">CONCESION</SimpleData>
		<SimpleData name="CATEGORIA_">ACUICULTURA DE MEDIANA Y GRAN EMPRESA (AMYGE)</SimpleData>
		<SimpleData name="ESTADO">VIGENTE</SimpleData>
		<SimpleData name="DEPARTAMEN">PIURA</SimpleData>
		<SimpleData name="PROVINCIA">SECHURA</SimpleData>
		<SimpleData name="DISTRITO">SECHURA</SimpleData>
		<SimpleData name="ZONA">LOTE 87 - A - PARACHIQUE</SimpleData>
		<SimpleData name="RESOLUCI_1">R.D. Nº 122-2020-PRODUCE/DGA</SimpleData>
		<SimpleData name="FECHA_MODI">2020/07/30</SimpleData>
		<SimpleData name="TIPO_COORD">UBICACIÓN RD</SimpleData>
		<SimpleData name="DATUM">WGS 84</SimpleData>
		<SimpleData name="LATITUD">PTO A 05°44'58.0340&quot; ,  PTO B 05°44'58.0340&quot; ,  PTO C 05°45'27.1770&quot; ,  PTO D 05°45'27.1770&quot; ,  PTO E 05°45'16.2480&quot; ,  PTO F 05°45'16.2480&quot;</SimpleData>
		<SimpleData name="LONGITUD">PTO A 80°54'26.9855&quot; ,  PTO B 80°54'12.4450&quot; ,  PTO C 80°54'12.4450&quot; ,  PTO D 80°54'41.5240&quot; ,  PTO E 80°54'41.5240&quot; ,  PTO F 80°54'26.9855&quot;</SimpleData>
		<SimpleData name="FLAG">1</SimpleData>
		<SimpleData name="Shape_STAr">0.00004495718</SimpleData>
		<SimpleData name="Shape_STLe">0.03234555556</SimpleData>
	</SchemaData></ExtendedData>
      <Polygon><outerBoundaryIs><LinearRing><coordinates>-80.903456944,-5.75754916700001 -80.911534444,-5.75754916700001 -80.911534444,-5.754513333 -80.907495972,-5.754513333 -80.907495972,-5.74945388899997 -80.903456944,-5.74945388899997 -80.903456944,-5.75754916700001</coordinates></LinearRing></outerBoundaryIs></Polygon>
  </Placemark>
  <Placemark>
	<name>ASOCIACION DE PESCADORES ARTESANALES ACUICULTORES NUEVA ESPERANZA</name>
	<description>ASOCIACION DE PESCADORES ARTESANALES ACUICULTORES NUEVA ESPERANZA</description>
	<Style><LineStyle><color>ff0000ff</color></LineStyle><PolyStyle><fill>0</fill></PolyStyle></Style>
	<ExtendedData><SchemaData schemaUrl="#Areas_de_Derechos_Acuícolas">
		<SimpleData name="CODIGO">5456</SimpleData>
		<SimpleData name="RESOLUCION">R.D.R. Nº 534-2010-GOBIERNO REGIONAL PIURA-DIREPRO-DR</SimpleData>
		<SimpleData name="FECHA_EMIS">2010/10/14</SimpleData>
		<SimpleData name="FECHA_VIGE">2040/10/14</SimpleData>
		<SimpleData name="AREA_TOTAL">50.00000000</SimpleData>
		<SimpleData name="NRO_ZONA">1</SimpleData>
		<SimpleData name="AREA_ZONA_">0.00000000</SimpleData>
		<SimpleData name="ESPECIE">CONCHA DE ABANICO</SimpleData>
		<SimpleData name="AMBITO">MARICULTURA</SimpleData>
		<SimpleData name="TIPO_DEREC">CONCESION</SimpleData>
		<SimpleData name="CATEGORIA_">ACUICULTURA DE MEDIANA Y GRAN EMPRESA (AMYGE)</SimpleData>
		<SimpleData name="ESTADO">VIGENTE</SimpleData>
		<SimpleData name="DEPARTAMEN">PIURA</SimpleData>
		<SimpleData name="PROVINCIA">SECHURA</SimpleData>
		<SimpleData name="DISTRITO">SECHURA</SimpleData>
		<SimpleData name="ZONA">LOTE 90-B - PARACHIQUE</SimpleData>
		<SimpleData name="RESOLUCI_1">R.D. Nº 041-2020-PRODUCE/DGA</SimpleData>
		<SimpleData name="FECHA_MODI">2020/06/30</SimpleData>
		<SimpleData name="TIPO_COORD">UBICACIÓN RD</SimpleData>
		<SimpleData name="DATUM">WGS 84</SimpleData>
		<SimpleData name="LATITUD">PTO A 5°45'43.466&quot; ,  PTO B 5°45'43.466&quot; ,  PTO C 5°46'16.033&quot; ,  PTO D 5°46'16.033&quot;</SimpleData>
		<SimpleData name="LONGITUD">PTO A 80°54'26.503&quot; ,  PTO B 80°54'10.173&quot; ,  PTO C 80°54'10.173&quot; ,  PTO D 80°54'26.503&quot;</SimpleData>
		<SimpleData name="FLAG">1</SimpleData>
		<SimpleData name="Shape_STAr">0.00004103719</SimpleData>
		<SimpleData name="Shape_STLe">0.02716600000</SimpleData>
	</SchemaData></ExtendedData>
      <Polygon><outerBoundaryIs><LinearRing><coordinates>-80.907361,-5.77111999999994 -80.907361,-5.76207299999994 -80.9028249999999,-5.76207299999994 -80.9028249999999,-5.77111999999994 -80.907361,-5.77111999999994</coordinates></LinearRing></outerBoundaryIs></Polygon>
  </Placemark>
  <Placemark>
	<name>ASOCIACION DE PESCADORES ARTESANALES JESUS MI SALVADOR</name>
	<description>ASOCIACION DE PESCADORES ARTESANALES JESUS MI SALVADOR</description>
	<Style><LineStyle><color>ff0000ff</color></LineStyle><PolyStyle><fill>0</fill></PolyStyle></Style>
	<ExtendedData><SchemaData schemaUrl="#Areas_de_Derechos_Acuícolas">
		<SimpleData name="CODIGO">5606</SimpleData>
		<SimpleData name="RESOLUCION">R.D.R. Nº 002-2011-GOBIERNO REGIONAL PIURA-DIREPRO-DR</SimpleData>
		<SimpleData name="FECHA_EMIS">2011/01/06</SimpleData>
		<SimpleData name="FECHA_VIGE">2041/01/06</SimpleData>
		<SimpleData name="AREA_TOTAL">60.00000000</SimpleData>
		<SimpleData name="NRO_ZONA">1</SimpleData>
		<SimpleData name="AREA_ZONA_">60.00000000</SimpleData>
		<SimpleData name="ESPECIE">CONCHA DE ABANICO</SimpleData>
		<SimpleData name="AMBITO">MARICULTURA</SimpleData>
		<SimpleData name="TIPO_DEREC">CONCESION</SimpleData>
		<SimpleData name="CATEGORIA_">ACUICULTURA DE MEDIANA Y GRAN EMPRESA (AMYGE)</SimpleData>
		<SimpleData name="ESTADO">VIGENTE</SimpleData>
		<SimpleData name="DEPARTAMEN">PIURA</SimpleData>
		<SimpleData name="PROVINCIA">SECHURA</SimpleData>
		<SimpleData name="DISTRITO">SECHURA</SimpleData>
		<SimpleData name="ZONA">LOTE 91-B - PARACHIQUE</SimpleData>
		<SimpleData name="RESOLUCI_1">R.D. Nº 116-2020-PRODUCE/DGA</SimpleData>
		<SimpleData name="FECHA_MODI">2020/07/30</SimpleData>
		<SimpleData name="TIPO_COORD">UBICACIÓN RD</SimpleData>
		<SimpleData name="DATUM">WGS 84</SimpleData>
		<SimpleData name="LATITUD">PTO A 05°45'56.5100&quot; ,  PTO B 05°45'56.5100&quot; ,  PTO C 05°46'16.0330&quot; ,  PTO D 05°46'16.0330&quot;</SimpleData>
		<SimpleData name="LONGITUD">PTO A 80°55'18.4560&quot; ,  PTO B 80°54'45.9400&quot; ,  PTO C 80°54'45.9400&quot; ,  PTO D 80°55'18.4560&quot;</SimpleData>
		<SimpleData name="FLAG">1</SimpleData>
		<SimpleData name="Shape_STAr">0.00004898224</SimpleData>
		<SimpleData name="Shape_STLe">0.02891055556</SimpleData>
	</SchemaData></ExtendedData>
      <Polygon><outerBoundaryIs><LinearRing><coordinates>-80.921793333,-5.76569722199996 -80.918282,-5.76569722199996 -80.9173820829999,-5.76569722199996 -80.912761111,-5.76569722199996 -80.912761111,-5.77112027799996 -80.921793333,-5.77112027799996 -80.921793333,-5.76569722199996</coordinates></LinearRing></outerBoundaryIs></Polygon>
  </Placemark>
  <Placemark>
	<name>ACUICULTORES MIGUEL GRAU Y SEMINARIO S.A.C.</name>
	<description>ACUICULTORES MIGUEL GRAU Y SEMINARIO S.A.C.</description>
	<Style><LineStyle><color>ff0000ff</color></LineStyle><PolyStyle><fill>0</fill></PolyStyle></Style>
	<ExtendedData><SchemaData schemaUrl="#Areas_de_Derechos_Acuícolas">
		<SimpleData name="CODIGO">12581</SimpleData>
		<SimpleData name="RESOLUCION">R.D.R. Nº 1048-2018-GOBIERNO REGIONAL-DRP-DR</SimpleData>
		<SimpleData name="FECHA_EMIS">2018/12/31</SimpleData>
		<SimpleData name="FECHA_VIGE">2028/12/31</SimpleData>
		<SimpleData name="AREA_TOTAL">49.50000000</SimpleData>
		<SimpleData name="NRO_ZONA">1</SimpleData>
		<SimpleData name="AREA_ZONA_">49.50000000</SimpleData>
		<SimpleData name="ESPECIE">CONCHA DE ABANICO</SimpleData>
		<SimpleData name="AMBITO">MARICULTURA</SimpleData>
		<SimpleData name="TIPO_DEREC">CONCESION</SimpleData>
		<SimpleData name="CATEGORIA_">ACUICULTURA DE MICRO Y PEQUEÑA EMPRESA (AMYPE)</SimpleData>
		<SimpleData name="ESTADO">VIGENTE</SimpleData>
		<SimpleData name="DEPARTAMEN">PIURA</SimpleData>
		<SimpleData name="PROVINCIA">SECHURA</SimpleData>
		<SimpleData name="DISTRITO">SECHURA</SimpleData>
		<SimpleData name="ZONA">LOTE 03 - CONSTANTE, BAHIA SECHURA</SimpleData>
		<SimpleData name="RESOLUCI_1">R.D.R.Nº  025 -2019-GOBIERNO REGIONAL PIURA-DRP-DR</SimpleData>
		<SimpleData name="FECHA_MODI">2019/02/13</SimpleData>
		<SimpleData name="TIPO_COORD">UBICACIÓN RD</SimpleData>
		<SimpleData name="DATUM">WGS 84</SimpleData>
		<SimpleData name="LATITUD">PTO A 05°39'17.4030&quot; ,  PTO B 05°39'17.3980&quot; ,  PTO C 05°39'33.5220&quot; ,  PTO D 05°39'33.5620&quot;</SimpleData>
		<SimpleData name="LONGITUD">PTO A 80°55'20.2840&quot; ,  PTO B 80°54'47.8090&quot; ,  PTO C 80°54'47.8180&quot; ,  PTO D 80°55'20.2820&quot;</SimpleData>
		<SimpleData name="FLAG">1</SimpleData>
		<SimpleData name="Shape_STAr">0.00004044031</SimpleData>
		<SimpleData name="Shape_STLe">0.02700611880</SimpleData>
	</SchemaData></ExtendedData>
      <Polygon><outerBoundaryIs><LinearRing><coordinates>-80.913282778,-5.65931166699996 -80.922300556,-5.65932277799991 -80.922301111,-5.65483416699995 -80.9132802779999,-5.65483277799993 -80.913282778,-5.65931166699996</coordinates></LinearRing></outerBoundaryIs></Polygon>
  </Placemark>
  <Placemark>
	<name>ACUICULTORES MARINOS TRIUNFANTES CON CRISTO SOCIEDAD ANONIMA CERRADA</name>
	<description>ACUICULTORES MARINOS TRIUNFANTES CON CRISTO SOCIEDAD ANONIMA CERRADA</description>
	<Style><LineStyle><color>ff0000ff</color></LineStyle><PolyStyle><fill>0</fill></PolyStyle></Style>
	<ExtendedData><SchemaData schemaUrl="#Areas_de_Derechos_Acuícolas">
		<SimpleData name="CODIGO">6552</SimpleData>
		<SimpleData name="RESOLUCION">R.D.R. Nº 112-2014-GOBIERNO REGIONAL PIURA-DRP-DR</SimpleData>
		<SimpleData name="FECHA_EMIS">2014/04/10</SimpleData>
		<SimpleData name="FECHA_VIGE">2044/04/10</SimpleData>
		<SimpleData name="AREA_TOTAL">49.50000000</SimpleData>
		<SimpleData name="NRO_ZONA">1</SimpleData>
		<SimpleData name="AREA_ZONA_">49.50000000</SimpleData>
		<SimpleData name="ESPECIE">CONCHA DE ABANICO</SimpleData>
		<SimpleData name="AMBITO">MARICULTURA</SimpleData>
		<SimpleData name="TIPO_DEREC">CONCESION</SimpleData>
		<SimpleData name="CATEGORIA_">ACUICULTURA DE MEDIANA Y GRAN EMPRESA (AMYGE)</SimpleData>
		<SimpleData name="ESTADO">VIGENTE</SimpleData>
		<SimpleData name="DEPARTAMEN">PIURA</SimpleData>
		<SimpleData name="PROVINCIA">SECHURA</SimpleData>
		<SimpleData name="DISTRITO">SECHURA</SimpleData>
		<SimpleData name="ZONA">LOTE 07 - CONSTANTE</SimpleData>
		<SimpleData name="RESOLUCI_1">R.D. Nº 007-2024-PRODUCE/DGA</SimpleData>
		<SimpleData name="FECHA_MODI">2024/03/21</SimpleData>
		<SimpleData name="TIPO_COORD">UBICACIÓN RD</SimpleData>
		<SimpleData name="DATUM">WGS 84</SimpleData>
		<SimpleData name="LATITUD">PTO A 05°40'16.2890&quot; ,  PTO B 05°40'16.3090&quot; ,  PTO C 05°40'32.3940&quot; ,  PTO D 05°40'32.4350&quot;</SimpleData>
		<SimpleData name="LONGITUD">PTO A 80°54'44.5470&quot; ,  PTO B 80°54'12.0210&quot; ,  PTO C 80°54'12.0250&quot; ,  PTO D 80°54'44.5450&quot;</SimpleData>
		<SimpleData name="FLAG">1</SimpleData>
		<SimpleData name="Shape_STAr">0.00004044170</SimpleData>
		<SimpleData name="Shape_STLe">0.02702139795</SimpleData>
	</SchemaData></ExtendedData>
      <Polygon><outerBoundaryIs><LinearRing><coordinates>-80.9033402779999,-5.67566499999999 -80.9123736109999,-5.67567638899996 -80.9123741669999,-5.67119138899995 -80.9033391669999,-5.67119694399996 -80.9033402779999,-5.67566499999999</coordinates></LinearRing></outerBoundaryIs></Polygon>
  </Placemark>
  <Placemark>
	<name>ASOCIACION DE PESCA ARTESANAL COMUNAL DE MULTIUSOS OSTION DEL NORTE</name>
	<description>ASOCIACION DE PESCA ARTESANAL COMUNAL DE MULTIUSOS OSTION DEL NORTE</description>
	<Style><LineStyle><color>ff0000ff</color></LineStyle><PolyStyle><fill>0</fill></PolyStyle></Style>
	<ExtendedData><SchemaData schemaUrl="#Areas_de_Derechos_Acuícolas">
		<SimpleData name="CODIGO">5332</SimpleData>
		<SimpleData name="RESOLUCION">R.D.R. Nº 431-2010-GOBIERNO REGIONAL PIURA-DIREPRO-DR</SimpleData>
		<SimpleData name="FECHA_EMIS">2010/08/19</SimpleData>
		<SimpleData name="FECHA_VIGE">2040/08/19</SimpleData>
		<SimpleData name="AREA_TOTAL">80.00000000</SimpleData>
		<SimpleData name="NRO_ZONA">1</SimpleData>
		<SimpleData name="AREA_ZONA_">80.00000000</SimpleData>
		<SimpleData name="ESPECIE">CONCHA DE ABANICO</SimpleData>
		<SimpleData name="AMBITO">MARICULTURA</SimpleData>
		<SimpleData name="TIPO_DEREC">CONCESION</SimpleData>
		<SimpleData name="CATEGORIA_">ACUICULTURA DE MEDIANA Y GRAN EMPRESA (AMYGE)</SimpleData>
		<SimpleData name="ESTADO">VIGENTE</SimpleData>
		<SimpleData name="DEPARTAMEN">PIURA</SimpleData>
		<SimpleData name="PROVINCIA">SECHURA</SimpleData>
		<SimpleData name="DISTRITO">SECHURA</SimpleData>
		<SimpleData name="ZONA">LOTE 114 - VICHAYO</SimpleData>
		<SimpleData name="RESOLUCI_1">R.D. Nº 044-2020-PRODUCE/DGA</SimpleData>
		<SimpleData name="FECHA_MODI">2020/06/30</SimpleData>
		<SimpleData name="TIPO_COORD">UBICACIÓN RD</SimpleData>
		<SimpleData name="DATUM">WGS 84</SimpleData>
		<SimpleData name="LATITUD">PTO A 05°47'27.4960&quot; ,  PTO B 05°47'27.4960&quot; ,  PTO C 05°47'56.6240&quot; ,  PTO D 05°47'56.6240&quot;</SimpleData>
		<SimpleData name="LONGITUD">PTO A 80°58'06.9850&quot; ,  PTO B 80°57'37.9030&quot; ,  PTO C 80°57'37.9030&quot; ,  PTO D 80°58'06.9850&quot;</SimpleData>
		<SimpleData name="FLAG">1</SimpleData>
		<SimpleData name="Shape_STAr">0.00006536269</SimpleData>
		<SimpleData name="Shape_STLe">0.03233888889</SimpleData>
	</SchemaData></ExtendedData>
      <Polygon><outerBoundaryIs><LinearRing><coordinates>-80.9605286109999,-5.79906222199996 -80.968606944,-5.79906222199996 -80.968606944,-5.79097111100001 -80.9605286109999,-5.79097111100001 -80.9605286109999,-5.79906222199996</coordinates></LinearRing></outerBoundaryIs></Polygon>
  </Placemark>
  <Placemark>
	<name>ASOCIACION DE EXTRACTORES ARTESANALES DE MARISCOS &quot;EL NUEVO MUNDO ACUATICO DE LA BOCANA&quot;</name>
	<description>ASOCIACION DE EXTRACTORES ARTESANALES DE MARISCOS &quot;EL NUEVO MUNDO ACUATICO DE LA BOCANA&quot;</description>
	<Style><LineStyle><color>ff0000ff</color></LineStyle><PolyStyle><fill>0</fill></PolyStyle></Style>
	<ExtendedData><SchemaData schemaUrl="#Areas_de_Derechos_Acuícolas">
		<SimpleData name="CODIGO">5341</SimpleData>
		<SimpleData name="RESOLUCION">R.D.R. Nº 440-2010-GOBIERNO REGIONAL PIURA-DIREPRO-DR</SimpleData>
		<SimpleData name="FECHA_EMIS">2010/08/23</SimpleData>
		<SimpleData name="FECHA_VIGE">2040/08/23</SimpleData>
		<SimpleData name="AREA_TOTAL">63.47000000</SimpleData>
		<SimpleData name="NRO_ZONA">1</SimpleData>
		<SimpleData name="AREA_ZONA_">63.47000000</SimpleData>
		<SimpleData name="ESPECIE">CONCHA DE ABANICO</SimpleData>
		<SimpleData name="AMBITO">MARICULTURA</SimpleData>
		<SimpleData name="TIPO_DEREC">CONCESION</SimpleData>
		<SimpleData name="CATEGORIA_">ACUICULTURA DE MEDIANA Y GRAN EMPRESA (AMYGE)</SimpleData>
		<SimpleData name="ESTADO">VIGENTE</SimpleData>
		<SimpleData name="DEPARTAMEN">PIURA</SimpleData>
		<SimpleData name="PROVINCIA">SECHURA</SimpleData>
		<SimpleData name="DISTRITO">SECHURA</SimpleData>
		<SimpleData name="ZONA">LOTE 112 - VICHAYO, BAHIA SECHURA</SimpleData>
		<SimpleData name="RESOLUCI_1">R.D. Nº 042-2020-PRODUCE/DGA</SimpleData>
		<SimpleData name="FECHA_MODI">2020/06/30</SimpleData>
		<SimpleData name="TIPO_COORD">UBICACIÓN RD</SimpleData>
		<SimpleData name="DATUM">WGS 84</SimpleData>
		<SimpleData name="LATITUD">PTO A 05°46'55.1090&quot; ,  PTO B 05°46'55.1090&quot; ,  PTO C 05°47'24.2380&quot; ,  PTO D 05°47'24.238&quot; ,  PTO E 05°47'09.385&quot; ,  PTO F 05°47'00.921&quot;</SimpleData>
		<SimpleData name="LONGITUD">PTO A 80°57'49.5620&quot; ,  PTO B 80°57'37.9030&quot; ,  PTO C 80°57'37.9030&quot; ,  PTO D 80°58'06.985&quot; ,  PTO E 80°58'06.985&quot; ,  PTO F 80°57'49.562&quot;</SimpleData>
		<SimpleData name="FLAG">1</SimpleData>
		<SimpleData name="Shape_STAr">0.00005186211</SimpleData>
		<SimpleData name="Shape_STLe">0.03052919051</SimpleData>
	</SchemaData></ExtendedData>
      <Polygon><outerBoundaryIs><LinearRing><coordinates>-80.9605286109999,-5.79006611099991 -80.968606944,-5.79006611099991 -80.968606944,-5.78594027799995 -80.9637672219999,-5.78358916699993 -80.9637672219999,-5.78197472199994 -80.9605286109999,-5.78197472199994 -80.9605286109999,-5.79006611099991</coordinates></LinearRing></outerBoundaryIs></Polygon>
  </Placemark>
  <Placemark>
	<name>ASOCIACION ARTESANAL DE BUZOS EXTRACTORES CULTIVOS ACUICOLAS</name>
	<description>ASOCIACION ARTESANAL DE BUZOS EXTRACTORES CULTIVOS ACUICOLAS</description>
	<Style><LineStyle><color>ff0000ff</color></LineStyle><PolyStyle><fill>0</fill></PolyStyle></Style>
	<ExtendedData><SchemaData schemaUrl="#Areas_de_Derechos_Acuícolas">
		<SimpleData name="CODIGO">5558</SimpleData>
		<SimpleData name="RESOLUCION">R.D.R. Nº 676-2010-GOBIERNO REGIONAL PIURA-DIREPRO-DR</SimpleData>
		<SimpleData name="FECHA_EMIS">2010/12/22</SimpleData>
		<SimpleData name="FECHA_VIGE">2040/12/22</SimpleData>
		<SimpleData name="AREA_TOTAL">64.00000000</SimpleData>
		<SimpleData name="NRO_ZONA">1</SimpleData>
		<SimpleData name="AREA_ZONA_">64.00000000</SimpleData>
		<SimpleData name="ESPECIE">CONCHA DE ABANICO</SimpleData>
		<SimpleData name="AMBITO">MARICULTURA</SimpleData>
		<SimpleData name="TIPO_DEREC">CONCESION</SimpleData>
		<SimpleData name="CATEGORIA_">ACUICULTURA DE MEDIANA Y GRAN EMPRESA (AMYGE)</SimpleData>
		<SimpleData name="ESTADO">VIGENTE</SimpleData>
		<SimpleData name="DEPARTAMEN">PIURA</SimpleData>
		<SimpleData name="PROVINCIA">SECHURA</SimpleData>
		<SimpleData name="DISTRITO">SECHURA</SimpleData>
		<SimpleData name="ZONA">LOTE 113-B - VICHAYO, BAHIA SECHURA</SimpleData>
		<SimpleData name="RESOLUCI_1">R.D. Nº 019-2020-PRODUCE/DGA</SimpleData>
		<SimpleData name="FECHA_MODI">2020/06/26</SimpleData>
		<SimpleData name="TIPO_COORD">UBICACIÓN RD</SimpleData>
		<SimpleData name="DATUM">WGS 84</SimpleData>
		<SimpleData name="LATITUD">PTO A 5°47'27.496&quot; ,  PTO B 5°47'27.496&quot; ,  PTO C 5°47'56.624&quot; ,  PTO D 5°47'56.624&quot;</SimpleData>
		<SimpleData name="LONGITUD">PTO A 80°58'33.504&quot; ,  PTO B 80°58'10.236&quot; ,  PTO C 80°58'10.236&quot; ,  PTO D 80°58'33.504&quot;</SimpleData>
		<SimpleData name="FLAG">1</SimpleData>
		<SimpleData name="Shape_STAr">0.00005229213</SimpleData>
		<SimpleData name="Shape_STLe">0.02910800000</SimpleData>
	</SchemaData></ExtendedData>
      <Polygon><outerBoundaryIs><LinearRing><coordinates>-80.9695099999999,-5.79906199999994 -80.9759729999999,-5.79906199999994 -80.9759729999999,-5.790971 -80.9695099999999,-5.790971 -80.9695099999999,-5.79906199999994</coordinates></LinearRing></outerBoundaryIs></Polygon>
  </Placemark>
  <Placemark>
	<name>MARISCOS MI FELICITA SOCIEDAD ANONIMA CERRADA</name>
	<description>MARISCOS MI FELICITA SOCIEDAD ANONIMA CERRADA</description>
	<Style><LineStyle><color>ff0000ff</color></LineStyle><PolyStyle><fill>0</fill></PolyStyle></Style>
	<ExtendedData><SchemaData schemaUrl="#Areas_de_Derechos_Acuícolas">
		<SimpleData name="CODIGO">5598</SimpleData>
		<SimpleData name="RESOLUCION">R.D.R. Nº 016-2011-GOBIERNO REGIONAL PIURA-DIREPRO-DR</SimpleData>
		<SimpleData name="FECHA_EMIS">2011/01/20</SimpleData>
		<SimpleData name="FECHA_VIGE">2041/01/20</SimpleData>
		<SimpleData name="AREA_TOTAL">50.00000000</SimpleData>
		<SimpleData name="NRO_ZONA">1</SimpleData>
		<SimpleData name="AREA_ZONA_">50.00000000</SimpleData>
		<SimpleData name="ESPECIE">CONCHA DE ABANICO</SimpleData>
		<SimpleData name="AMBITO">MARICULTURA</SimpleData>
		<SimpleData name="TIPO_DEREC">CONCESION</SimpleData>
		<SimpleData name="CATEGORIA_">ACUICULTURA DE MEDIANA Y GRAN EMPRESA (AMYGE)</SimpleData>
		<SimpleData name="ESTADO">VIGENTE</SimpleData>
		<SimpleData name="DEPARTAMEN">PIURA</SimpleData>
		<SimpleData name="PROVINCIA">SECHURA</SimpleData>
		<SimpleData name="DISTRITO">SECHURA</SimpleData>
		<SimpleData name="ZONA">LOTE 83-A - PARACHIQUE, BAHIA SECHURA</SimpleData>
		<SimpleData name="RESOLUCI_1">R.D. N° 002-2022-PRODUCE/DGA</SimpleData>
		<SimpleData name="FECHA_MODI">2022/02/09</SimpleData>
		<SimpleData name="TIPO_COORD">UBICACIÓN RD</SimpleData>
		<SimpleData name="DATUM">WGS 84</SimpleData>
		<SimpleData name="LATITUD">PTO A 5°44'54.610&quot; ,  PTO B 5°44'54.610&quot; ,  PTO C 5°45'27.177&quot; ,  PTO D 5°45'27.177&quot;</SimpleData>
		<SimpleData name="LONGITUD">PTO A 80°57'01.134&quot; ,  PTO B 80°56'44.886&quot; ,  PTO C 80°56'44.886&quot; ,  PTO D 80°57'01.134&quot;</SimpleData>
		<SimpleData name="FLAG">1</SimpleData>
		<SimpleData name="Shape_STAr">0.00004083816</SimpleData>
		<SimpleData name="Shape_STLe">0.02712200000</SimpleData>
	</SchemaData></ExtendedData>
      <Polygon><outerBoundaryIs><LinearRing><coordinates>-80.9458016669999,-5.7575489999999 -80.950315,-5.7575489999999 -80.950315,-5.748502 -80.945801,-5.748502 -80.945801,-5.74850277799997 -80.945801,-5.7575489999999 -80.9458016669999,-5.7575489999999</coordinates></LinearRing></outerBoundaryIs></Polygon>
  </Placemark>
  <Placemark>
	<name>PESCADORES BUZOS EXTRACTORES DE MARISCOS DE PARACHIQUE SOCIEDAD ANONIMA CERRADA</name>
	<description>PESCADORES BUZOS EXTRACTORES DE MARISCOS DE PARACHIQUE SOCIEDAD ANONIMA CERRADA</description>
	<Style><LineStyle><color>ff0000ff</color></LineStyle><PolyStyle><fill>0</fill></PolyStyle></Style>
	<ExtendedData><SchemaData schemaUrl="#Areas_de_Derechos_Acuícolas">
		<SimpleData name="CODIGO">5464</SimpleData>
		<SimpleData name="RESOLUCION">R.D.R. Nº 542-2010-GOBIERNO REGIONAL PIURA-DIREPRO-DR</SimpleData>
		<SimpleData name="FECHA_EMIS">2010/10/14</SimpleData>
		<SimpleData name="FECHA_VIGE">2040/10/14</SimpleData>
		<SimpleData name="AREA_TOTAL">50.00000000</SimpleData>
		<SimpleData name="NRO_ZONA">1</SimpleData>
		<SimpleData name="AREA_ZONA_">50.00000000</SimpleData>
		<SimpleData name="ESPECIE">CONCHA DE ABANICO</SimpleData>
		<SimpleData name="AMBITO">MARICULTURA</SimpleData>
		<SimpleData name="TIPO_DEREC">CONCESION</SimpleData>
		<SimpleData name="CATEGORIA_">ACUICULTURA DE MEDIANA Y GRAN EMPRESA (AMYGE)</SimpleData>
		<SimpleData name="ESTADO">VIGENTE</SimpleData>
		<SimpleData name="DEPARTAMEN">PIURA</SimpleData>
		<SimpleData name="PROVINCIA">SECHURA</SimpleData>
		<SimpleData name="DISTRITO">SECHURA</SimpleData>
		<SimpleData name="ZONA">LOTE 83-B - PARACHIQUE, BAHIA SECHURA</SimpleData>
		<SimpleData name="RESOLUCI_1">R.D. Nº 005-2022-PRODUCE/DGA</SimpleData>
		<SimpleData name="FECHA_MODI">2022/03/04</SimpleData>
		<SimpleData name="TIPO_COORD">UBICACIÓN RD</SimpleData>
		<SimpleData name="DATUM">WGS 84</SimpleData>
		<SimpleData name="LATITUD">PTO A 05°44'54.6100&quot; ,  PTO B 05°44'54.6100&quot; ,  PTO C 05°45'27.1770&quot; ,  PTO D 05°45'27.1770&quot;</SimpleData>
		<SimpleData name="LONGITUD">PTO A 80°56'44.8860&quot; ,  PTO B 80°56'28.6230&quot; ,  PTO C 80°56'28.6230&quot; ,  PTO D 80°56'44.8860&quot;</SimpleData>
		<SimpleData name="FLAG">1</SimpleData>
		<SimpleData name="Shape_STAr">0.00004086706</SimpleData>
		<SimpleData name="Shape_STLe">0.02712777778</SimpleData>
	</SchemaData></ExtendedData>
      <Polygon><outerBoundaryIs><LinearRing><coordinates>-80.9412841669999,-5.75754916700001 -80.9458016669999,-5.75754916700001 -80.9458016669999,-5.7575489999999 -80.9458016669999,-5.74850277799997 -80.945801,-5.74850277799997 -80.9412841669999,-5.74850277799997 -80.9412841669999,-5.75754916700001</coordinates></LinearRing></outerBoundaryIs></Polygon>
  </Placemark>
  <Placemark>
	<name>ASOCIACION DE PESCADORES ARTESANALES ACUICULTORES AARON SMITH</name>
	<description>ASOCIACION DE PESCADORES ARTESANALES ACUICULTORES AARON SMITH</description>
	<Style><LineStyle><color>ff0000ff</color></LineStyle><PolyStyle><fill>0</fill></PolyStyle></Style>
	<ExtendedData><SchemaData schemaUrl="#Areas_de_Derechos_Acuícolas">
		<SimpleData name="CODIGO">5273</SimpleData>
		<SimpleData name="RESOLUCION">R.D.R. Nº 412-2010-GOBIERNO REGIONAL PIURA-DIREPRO-DR</SimpleData>
		<SimpleData name="FECHA_EMIS">2010/08/12</SimpleData>
		<SimpleData name="FECHA_VIGE">2040/08/12</SimpleData>
		<SimpleData name="AREA_TOTAL">80.00000000</SimpleData>
		<SimpleData name="NRO_ZONA">1</SimpleData>
		<SimpleData name="AREA_ZONA_">80.00000000</SimpleData>
		<SimpleData name="ESPECIE">CONCHA DE ABANICO</SimpleData>
		<SimpleData name="AMBITO">MARICULTURA</SimpleData>
		<SimpleData name="TIPO_DEREC">CONCESION</SimpleData>
		<SimpleData name="CATEGORIA_">ACUICULTURA DE MEDIANA Y GRAN EMPRESA (AMYGE)</SimpleData>
		<SimpleData name="ESTADO">VIGENTE</SimpleData>
		<SimpleData name="DEPARTAMEN">PIURA</SimpleData>
		<SimpleData name="PROVINCIA">SECHURA</SimpleData>
		<SimpleData name="DISTRITO">SECHURA</SimpleData>
		<SimpleData name="ZONA">LOTE 55 - LAS DELICIAS</SimpleData>
		<SimpleData name="RESOLUCI_1">R.D. Nº 112-2020-PRODUCE/DGA</SimpleData>
		<SimpleData name="FECHA_MODI">2020/07/30</SimpleData>
		<SimpleData name="TIPO_COORD">UBICACIÓN RD</SimpleData>
		<SimpleData name="DATUM">WGS 84</SimpleData>
		<SimpleData name="LATITUD">PTO A 05°42'16.1110&quot; ,  PTO B 05°42'16.1110&quot; ,  PTO C 05°42'45.2390&quot; ,  PTO D 05°42'45.2390&quot;</SimpleData>
		<SimpleData name="LONGITUD">PTO A 80°54'41.5240&quot; ,  PTO B 80°54'12.4450&quot; ,  PTO C 80°54'12.4450&quot; ,  PTO D 80°54'41.5240&quot;</SimpleData>
		<SimpleData name="FLAG">1</SimpleData>
		<SimpleData name="Shape_STAr">0.00006535595</SimpleData>
		<SimpleData name="Shape_STLe">0.03233722222</SimpleData>
	</SchemaData></ExtendedData>
      <Polygon><outerBoundaryIs><LinearRing><coordinates>-80.903456944,-5.71256638899994 -80.911534444,-5.71256638899994 -80.911534444,-5.70447527799998 -80.903456944,-5.70447527799998 -80.903456944,-5.71256638899994</coordinates></LinearRing></outerBoundaryIs></Polygon>
  </Placemark>
  <Placemark>
	<name>ASOCIACION DE PESCADORES ARTESANALES ACUICULTORES JEHOVA ES MI PROVEEDOR</name>
	<description>ASOCIACION DE PESCADORES ARTESANALES ACUICULTORES JEHOVA ES MI PROVEEDOR</description>
	<Style><LineStyle><color>ff0000ff</color></LineStyle><PolyStyle><fill>0</fill></PolyStyle></Style>
	<ExtendedData><SchemaData schemaUrl="#Areas_de_Derechos_Acuícolas">
		<SimpleData name="CODIGO">5275</SimpleData>
		<SimpleData name="RESOLUCION">R.D.R. Nº 414-2010-GOBIERNO REGIONAL PIURA-DIREPRO-DR</SimpleData>
		<SimpleData name="FECHA_EMIS">2010/08/12</SimpleData>
		<SimpleData name="FECHA_VIGE">2040/08/12</SimpleData>
		<SimpleData name="AREA_TOTAL">80.00000000</SimpleData>
		<SimpleData name="NRO_ZONA">1</SimpleData>
		<SimpleData name="AREA_ZONA_">80.00000000</SimpleData>
		<SimpleData name="ESPECIE">CONCHA DE ABANICO</SimpleData>
		<SimpleData name="AMBITO">MARICULTURA</SimpleData>
		<SimpleData name="TIPO_DEREC">CONCESION</SimpleData>
		<SimpleData name="CATEGORIA_">ACUICULTURA DE MEDIANA Y GRAN EMPRESA (AMYGE)</SimpleData>
		<SimpleData name="ESTADO">VIGENTE</SimpleData>
		<SimpleData name="DEPARTAMEN">PIURA</SimpleData>
		<SimpleData name="PROVINCIA">SECHURA</SimpleData>
		<SimpleData name="DISTRITO">SECHURA</SimpleData>
		<SimpleData name="ZONA">LOTE 49 - LAS DELICIAS</SimpleData>
		<SimpleData name="RESOLUCI_1">R.D. Nº 142-2020-PRODUCE/DGA</SimpleData>
		<SimpleData name="FECHA_MODI">2020/08/20</SimpleData>
		<SimpleData name="TIPO_COORD">UBICACIÓN RD</SimpleData>
		<SimpleData name="DATUM">WGS 84</SimpleData>
		<SimpleData name="LATITUD">PTO A 05°41'27.2840&quot; ,  PTO B 05°41'27.2840&quot; ,  PTO C 05°41'56.4120&quot; ,  PTO D 05°41'56.4120&quot;</SimpleData>
		<SimpleData name="LONGITUD">PTO A 80°55'13.5400&quot; ,  PTO B 80°54'44.4620&quot; ,  PTO C 80°54'44.4620&quot; ,  PTO D 80°55'13.5400&quot;</SimpleData>
		<SimpleData name="FLAG">1</SimpleData>
		<SimpleData name="Shape_STAr">0.00006535370</SimpleData>
		<SimpleData name="Shape_STLe">0.03233666667</SimpleData>
	</SchemaData></ExtendedData>
      <Polygon><outerBoundaryIs><LinearRing><coordinates>-80.912350556,-5.69900333299994 -80.920427778,-5.69900333299994 -80.920427778,-5.69091222199999 -80.912350556,-5.69091222199999 -80.912350556,-5.69900333299994</coordinates></LinearRing></outerBoundaryIs></Polygon>
  </Placemark>
  <Placemark>
	<name>DELICIAS DEL PACIFICO SOCIEDAD ANONIMA CERRADA</name>
	<description>DELICIAS DEL PACIFICO SOCIEDAD ANONIMA CERRADA</description>
	<Style><LineStyle><color>ff0000ff</color></LineStyle><PolyStyle><fill>0</fill></PolyStyle></Style>
	<ExtendedData><SchemaData schemaUrl="#Areas_de_Derechos_Acuícolas">
		<SimpleData name="CODIGO">5274</SimpleData>
		<SimpleData name="RESOLUCION">R.D.R. Nº 413-2010-GOBIERNO REGIONAL PIURA-DIREPRO-DR</SimpleData>
		<SimpleData name="FECHA_EMIS">2010/08/12</SimpleData>
		<SimpleData name="FECHA_VIGE">2040/08/12</SimpleData>
		<SimpleData name="AREA_TOTAL">80.00000000</SimpleData>
		<SimpleData name="NRO_ZONA">1</SimpleData>
		<SimpleData name="AREA_ZONA_">80.00000000</SimpleData>
		<SimpleData name="ESPECIE">CONCHA DE ABANICO</SimpleData>
		<SimpleData name="AMBITO">MARICULTURA</SimpleData>
		<SimpleData name="TIPO_DEREC">CONCESION</SimpleData>
		<SimpleData name="CATEGORIA_">ACUICULTURA DE MEDIANA Y GRAN EMPRESA (AMYGE)</SimpleData>
		<SimpleData name="ESTADO">VIGENTE</SimpleData>
		<SimpleData name="DEPARTAMEN">PIURA</SimpleData>
		<SimpleData name="PROVINCIA">SECHURA</SimpleData>
		<SimpleData name="DISTRITO">SECHURA</SimpleData>
		<SimpleData name="ZONA">LOTE 51 - LAS DELICIAS</SimpleData>
		<SimpleData name="RESOLUCI_1">R.D. Nº 020-2023-PRODUCE/DGA</SimpleData>
		<SimpleData name="FECHA_MODI">2023/10/16</SimpleData>
		<SimpleData name="TIPO_COORD">UBICACIÓN RD</SimpleData>
		<SimpleData name="DATUM">WGS 84</SimpleData>
		<SimpleData name="LATITUD">PTO A 05°41'27.2840&quot; ,  PTO B 05°41'27.2840&quot; ,  PTO C 05°41'56.4120&quot; ,  PTO D 05°41'56.4120&quot;</SimpleData>
		<SimpleData name="LONGITUD">PTO A 80°54'08.8820&quot; ,  PTO B 80°53'39.8050&quot; ,  PTO C 80°53'39.8050&quot; ,  PTO D 80°54'08.8820&quot;</SimpleData>
		<SimpleData name="FLAG">1</SimpleData>
		<SimpleData name="Shape_STAr">0.00006535145</SimpleData>
		<SimpleData name="Shape_STLe">0.03233611111</SimpleData>
	</SchemaData></ExtendedData>
      <Polygon><outerBoundaryIs><LinearRing><coordinates>-80.894390278,-5.69900333299994 -80.902467222,-5.69900333299994 -80.902467222,-5.69091222199999 -80.894390278,-5.69091222199999 -80.894390278,-5.69900333299994</coordinates></LinearRing></outerBoundaryIs></Polygon>
  </Placemark>
  <Placemark>
	<name>ASOCIACION LOS INSEPARABLES PESCADORES ARTESANALES</name>
	<description>ASOCIACION LOS INSEPARABLES PESCADORES ARTESANALES</description>
	<Style><LineStyle><color>ff0000ff</color></LineStyle><PolyStyle><fill>0</fill></PolyStyle></Style>
	<ExtendedData><SchemaData schemaUrl="#Areas_de_Derechos_Acuícolas">
		<SimpleData name="CODIGO">5637</SimpleData>
		<SimpleData name="RESOLUCION">R.D.R. Nº 059-2011-GOBIERNO REGIONAL PIURA-DIREPRO-DR</SimpleData>
		<SimpleData name="FECHA_EMIS">2011/02/17</SimpleData>
		<SimpleData name="FECHA_VIGE">2041/02/17</SimpleData>
		<SimpleData name="AREA_TOTAL">50.04000000</SimpleData>
		<SimpleData name="NRO_ZONA">1</SimpleData>
		<SimpleData name="AREA_ZONA_">50.04000000</SimpleData>
		<SimpleData name="ESPECIE">CONCHA DE ABANICO</SimpleData>
		<SimpleData name="AMBITO">MARICULTURA</SimpleData>
		<SimpleData name="TIPO_DEREC">CONCESION</SimpleData>
		<SimpleData name="CATEGORIA_">ACUICULTURA DE MEDIANA Y GRAN EMPRESA (AMYGE)</SimpleData>
		<SimpleData name="ESTADO">VIGENTE</SimpleData>
		<SimpleData name="DEPARTAMEN">PIURA</SimpleData>
		<SimpleData name="PROVINCIA">SECHURA</SimpleData>
		<SimpleData name="DISTRITO">SECHURA</SimpleData>
		<SimpleData name="ZONA">LOTE 52-A - LAS DELICIAS</SimpleData>
		<SimpleData name="RESOLUCI_1">R.D. Nº 053-2020-PRODUCE/DGA</SimpleData>
		<SimpleData name="FECHA_MODI">2020/06/30</SimpleData>
		<SimpleData name="TIPO_COORD">UBICACIÓN RD</SimpleData>
		<SimpleData name="DATUM">WGS 84</SimpleData>
		<SimpleData name="LATITUD">PTO A 05°41'27.2840&quot; ,  PTO B 05°41'27.2840&quot; ,  PTO C 05°41'56.4120&quot; ,  PTO D 05°41'56.4120&quot;</SimpleData>
		<SimpleData name="LONGITUD">PTO A 80°53'36.5540&quot; ,  PTO B 80°53'18.3720&quot; ,  PTO C 80°53'18.3720&quot; ,  PTO D 80°53'36.5540&quot;</SimpleData>
		<SimpleData name="FLAG">1</SimpleData>
		<SimpleData name="Shape_STAr">0.00004086461</SimpleData>
		<SimpleData name="Shape_STLe">0.02628333333</SimpleData>
	</SchemaData></ExtendedData>
      <Polygon><outerBoundaryIs><LinearRing><coordinates>-80.888436667,-5.69900333299994 -80.8934872219999,-5.69900333299994 -80.8934872219999,-5.69091222199999 -80.888436667,-5.69091222199999 -80.888436667,-5.69900333299994</coordinates></LinearRing></outerBoundaryIs></Polygon>
  </Placemark>
  <Placemark>
	<name>ARMADORES PESCADORES Y EXTRACTORES DE MARISCOS ARTESANALES GEOMAR SOCIEDAD ANONIMA CERRADA</name>
	<description>ARMADORES PESCADORES Y EXTRACTORES DE MARISCOS ARTESANALES GEOMAR SOCIEDAD ANONIMA CERRADA</description>
	<Style><LineStyle><color>ff0000ff</color></LineStyle><PolyStyle><fill>0</fill></PolyStyle></Style>
	<ExtendedData><SchemaData schemaUrl="#Areas_de_Derechos_Acuícolas">
		<SimpleData name="CODIGO">5553</SimpleData>
		<SimpleData name="RESOLUCION">R.D.R. Nº 661-2010-GOBIERNO REGIONAL PIURA-DIREPRO-DR</SimpleData>
		<SimpleData name="FECHA_EMIS">2010/12/17</SimpleData>
		<SimpleData name="FECHA_VIGE">2040/12/17</SimpleData>
		<SimpleData name="AREA_TOTAL">21.42000000</SimpleData>
		<SimpleData name="NRO_ZONA">1</SimpleData>
		<SimpleData name="AREA_ZONA_">21.42000000</SimpleData>
		<SimpleData name="ESPECIE">CONCHA DE ABANICO</SimpleData>
		<SimpleData name="AMBITO">MARICULTURA</SimpleData>
		<SimpleData name="TIPO_DEREC">CONCESION</SimpleData>
		<SimpleData name="CATEGORIA_">ACUICULTURA DE MEDIANA Y GRAN EMPRESA (AMYGE)</SimpleData>
		<SimpleData name="ESTADO">VIGENTE</SimpleData>
		<SimpleData name="DEPARTAMEN">PIURA</SimpleData>
		<SimpleData name="PROVINCIA">SECHURA</SimpleData>
		<SimpleData name="DISTRITO">SECHURA</SimpleData>
		<SimpleData name="ZONA">LOTE 52-B - LAS DELICIAS</SimpleData>
		<SimpleData name="RESOLUCI_1">R.D. N° 013-2023-PRODUCE/DGA</SimpleData>
		<SimpleData name="FECHA_MODI">2023/09/11</SimpleData>
		<SimpleData name="TIPO_COORD">UBICACIÓN RD</SimpleData>
		<SimpleData name="DATUM">WGS 84</SimpleData>
		<SimpleData name="LATITUD">PTO A 05°41'27.2840&quot; ,  PTO B 05°41'27.2840&quot; ,  PTO C 05°41'56.4120&quot; ,  PTO D 05°41'56.4120&quot;</SimpleData>
		<SimpleData name="LONGITUD">PTO A 80°53'18.3720&quot; ,  PTO B 80°53'09.7940&quot; ,  PTO C 80°53'11.3780&quot; ,  PTO D 80°53'18.3720&quot;</SimpleData>
		<SimpleData name="FLAG">1</SimpleData>
		<SimpleData name="Shape_STAr">0.00001749928</SimpleData>
		<SimpleData name="Shape_STLe">0.02051973269</SimpleData>
	</SchemaData></ExtendedData>
      <Polygon><outerBoundaryIs><LinearRing><coordinates>-80.888436667,-5.69900333299994 -80.888436667,-5.69091222199999 -80.886053889,-5.69091222199999 -80.886493889,-5.69900333299994 -80.888436667,-5.69900333299994</coordinates></LinearRing></outerBoundaryIs></Polygon>
  </Placemark>
  <Placemark>
	<name>ASOCIACION DE PESCADORES ARTESANALES Y EXTRACTORES DE MARISCOS VICTOR MANUEL</name>
	<description>ASOCIACION DE PESCADORES ARTESANALES Y EXTRACTORES DE MARISCOS VICTOR MANUEL</description>
	<Style><LineStyle><color>ff0000ff</color></LineStyle><PolyStyle><fill>0</fill></PolyStyle></Style>
	<ExtendedData><SchemaData schemaUrl="#Areas_de_Derechos_Acuícolas">
		<SimpleData name="CODIGO">5454</SimpleData>
		<SimpleData name="RESOLUCION">R.D.R. Nº 532-2010-GOBIERNO REGIONAL PIURA-DIREPRO-DR</SimpleData>
		<SimpleData name="FECHA_EMIS">2010/10/14</SimpleData>
		<SimpleData name="FECHA_VIGE">2040/10/14</SimpleData>
		<SimpleData name="AREA_TOTAL">64.53000000</SimpleData>
		<SimpleData name="NRO_ZONA">1</SimpleData>
		<SimpleData name="AREA_ZONA_">64.53000000</SimpleData>
		<SimpleData name="ESPECIE">CONCHA DE ABANICO</SimpleData>
		<SimpleData name="AMBITO">MARICULTURA</SimpleData>
		<SimpleData name="TIPO_DEREC">CONCESION</SimpleData>
		<SimpleData name="CATEGORIA_">ACUICULTURA DE MEDIANA Y GRAN EMPRESA (AMYGE)</SimpleData>
		<SimpleData name="ESTADO">VIGENTE</SimpleData>
		<SimpleData name="DEPARTAMEN">PIURA</SimpleData>
		<SimpleData name="PROVINCIA">SECHURA</SimpleData>
		<SimpleData name="DISTRITO">SECHURA</SimpleData>
		<SimpleData name="ZONA">LOTE 53 - LAS DELICIAS</SimpleData>
		<SimpleData name="RESOLUCI_1">R.D. Nº 127-2020-PRODUCE/DGA</SimpleData>
		<SimpleData name="FECHA_MODI">2020/07/30</SimpleData>
		<SimpleData name="TIPO_COORD">UBICACIÓN RD</SimpleData>
		<SimpleData name="DATUM">WGS 84</SimpleData>
		<SimpleData name="LATITUD">PTO A 05°42'16.1110&quot; ,  PTO B 05°42'16.1110&quot; ,  PTO C 05°42'45.2390&quot; ,  PTO D 05°42'45.2390&quot;</SimpleData>
		<SimpleData name="LONGITUD">PTO A 80°53'36.8640&quot; ,  PTO B 80°53'12.3360&quot; ,  PTO C 80°53'14.4790&quot; ,  PTO D 80°53'36.8640&quot;</SimpleData>
		<SimpleData name="FLAG">1</SimpleData>
		<SimpleData name="Shape_STAr">0.00005271921</SimpleData>
		<SimpleData name="Shape_STLe">0.02923547939</SimpleData>
	</SchemaData></ExtendedData>
      <Polygon><outerBoundaryIs><LinearRing><coordinates>-80.887355278,-5.71256638899994 -80.893573333,-5.71256638899994 -80.893573333,-5.70447527799998 -80.88676,-5.70447527799998 -80.887355278,-5.71256638899994</coordinates></LinearRing></outerBoundaryIs></Polygon>
  </Placemark>
  <Placemark>
	<name>ASOCIACION DE PESCADORES ARTESANALES ACUICULTORES DELICIAS DEL MAR</name>
	<description>ASOCIACION DE PESCADORES ARTESANALES ACUICULTORES DELICIAS DEL MAR</description>
	<Style><LineStyle><color>ff0000ff</color></LineStyle><PolyStyle><fill>0</fill></PolyStyle></Style>
	<ExtendedData><SchemaData schemaUrl="#Areas_de_Derechos_Acuícolas">
		<SimpleData name="CODIGO">5272</SimpleData>
		<SimpleData name="RESOLUCION">R.D.R. Nº 411-2010-GOBIERNO REGIONAL PIURA-DIREPRO-DR</SimpleData>
		<SimpleData name="FECHA_EMIS">2010/08/12</SimpleData>
		<SimpleData name="FECHA_VIGE">2040/08/12</SimpleData>
		<SimpleData name="AREA_TOTAL">80.00000000</SimpleData>
		<SimpleData name="NRO_ZONA">1</SimpleData>
		<SimpleData name="AREA_ZONA_">80.00000000</SimpleData>
		<SimpleData name="ESPECIE">CONCHA DE ABANICO</SimpleData>
		<SimpleData name="AMBITO">MARICULTURA</SimpleData>
		<SimpleData name="TIPO_DEREC">CONCESION</SimpleData>
		<SimpleData name="CATEGORIA_">ACUICULTURA DE MEDIANA Y GRAN EMPRESA (AMYGE)</SimpleData>
		<SimpleData name="ESTADO">VIGENTE</SimpleData>
		<SimpleData name="DEPARTAMEN">PIURA</SimpleData>
		<SimpleData name="PROVINCIA">SECHURA</SimpleData>
		<SimpleData name="DISTRITO">SECHURA</SimpleData>
		<SimpleData name="ZONA">LOTE 54 - LAS DELICIAS</SimpleData>
		<SimpleData name="RESOLUCI_1">R.D. Nº 108-2020-PRODUCE/DGA</SimpleData>
		<SimpleData name="FECHA_MODI">2020/07/30</SimpleData>
		<SimpleData name="TIPO_COORD">UBICACIÓN RD</SimpleData>
		<SimpleData name="DATUM">WGS 84</SimpleData>
		<SimpleData name="LATITUD">PTO A 05°42'16.1110&quot; ,  PTO B 05°42'16.1110&quot; ,  PTO C 05°42'45.2390&quot; ,  PTO D 05°42'45.2390&quot;</SimpleData>
		<SimpleData name="LONGITUD">PTO A 80°54'09.1940&quot; ,  PTO B 80°53'40.1150&quot; ,  PTO C 80°53'40.1150&quot; ,  PTO D 80°54'09.1940&quot;</SimpleData>
		<SimpleData name="FLAG">1</SimpleData>
		<SimpleData name="Shape_STAr">0.00006535595</SimpleData>
		<SimpleData name="Shape_STLe">0.03233722222</SimpleData>
	</SchemaData></ExtendedData>
      <Polygon><outerBoundaryIs><LinearRing><coordinates>-80.894476389,-5.71256638899994 -80.902553889,-5.71256638899994 -80.902553889,-5.70447527799998 -80.894476389,-5.70447527799998 -80.894476389,-5.71256638899994</coordinates></LinearRing></outerBoundaryIs></Polygon>
  </Placemark>
  <Placemark>
	<name>ASOCIACION DE PESCADORES ARTESANALES EXTRACTORES DE MARISCOS EL REY JESUS</name>
	<description>ASOCIACION DE PESCADORES ARTESANALES EXTRACTORES DE MARISCOS EL REY JESUS</description>
	<Style><LineStyle><color>ff0000ff</color></LineStyle><PolyStyle><fill>0</fill></PolyStyle></Style>
	<ExtendedData><SchemaData schemaUrl="#Areas_de_Derechos_Acuícolas">
		<SimpleData name="CODIGO">5635</SimpleData>
		<SimpleData name="RESOLUCION">R.D.R. Nº 042-2011-GOBIERNO REGIONAL PIURA-DIREPRO-DR</SimpleData>
		<SimpleData name="FECHA_EMIS">2011/02/10</SimpleData>
		<SimpleData name="FECHA_VIGE">2041/02/10</SimpleData>
		<SimpleData name="AREA_TOTAL">40.00000000</SimpleData>
		<SimpleData name="NRO_ZONA">1</SimpleData>
		<SimpleData name="AREA_ZONA_">40.00000000</SimpleData>
		<SimpleData name="ESPECIE">CONCHA DE ABANICO</SimpleData>
		<SimpleData name="AMBITO">MARICULTURA</SimpleData>
		<SimpleData name="TIPO_DEREC">CONCESION</SimpleData>
		<SimpleData name="CATEGORIA_">ACUICULTURA DE MEDIANA Y GRAN EMPRESA (AMYGE)</SimpleData>
		<SimpleData name="ESTADO">VIGENTE</SimpleData>
		<SimpleData name="DEPARTAMEN">PIURA</SimpleData>
		<SimpleData name="PROVINCIA">SECHURA</SimpleData>
		<SimpleData name="DISTRITO">SECHURA</SimpleData>
		<SimpleData name="ZONA">LOTE 56-A - LAS DELICIAS</SimpleData>
		<SimpleData name="RESOLUCI_1">R.D. Nº 047-2020-PRODUCE/DGA</SimpleData>
		<SimpleData name="FECHA_MODI">2020/06/30</SimpleData>
		<SimpleData name="TIPO_COORD">UBICACIÓN RD</SimpleData>
		<SimpleData name="DATUM">WGS 84</SimpleData>
		<SimpleData name="LATITUD">PTO A 05°42'16.1110&quot; ,  PTO B 05°42'16.1110&quot; ,  PTO C 05°42'45.2390&quot; ,  PTO D 05°42'45.2390&quot;</SimpleData>
		<SimpleData name="LONGITUD">PTO A 80°55'13.8540&quot; ,  PTO B 80°54'59.3170&quot; ,  PTO C 80°54'59.3170&quot; ,  PTO D 80°55'13.8540&quot;</SimpleData>
		<SimpleData name="FLAG">1</SimpleData>
		<SimpleData name="Shape_STAr">0.00003267236</SimpleData>
		<SimpleData name="Shape_STLe">0.02425833333</SimpleData>
	</SchemaData></ExtendedData>
      <Polygon><outerBoundaryIs><LinearRing><coordinates>-80.9164775,-5.71256638899994 -80.920515,-5.71256638899994 -80.920515,-5.70447527799998 -80.9164769439999,-5.70447527799998 -80.9164769439999,-5.71256638899994 -80.9164775,-5.71256638899994</coordinates></LinearRing></outerBoundaryIs></Polygon>
  </Placemark>
  <Placemark>
	<name>ASOCIACION DE PESCADORES ARTESANALES ACUICULTORES J-LUCERO</name>
	<description>ASOCIACION DE PESCADORES ARTESANALES ACUICULTORES J-LUCERO</description>
	<Style><LineStyle><color>ff0000ff</color></LineStyle><PolyStyle><fill>0</fill></PolyStyle></Style>
	<ExtendedData><SchemaData schemaUrl="#Areas_de_Derechos_Acuícolas">
		<SimpleData name="CODIGO">5483</SimpleData>
		<SimpleData name="RESOLUCION">R.D.R. Nº 559-2010-GOBIERNO REGIONAL PIURA-DIREPRO-DR</SimpleData>
		<SimpleData name="FECHA_EMIS">2010/10/20</SimpleData>
		<SimpleData name="FECHA_VIGE">2040/10/20</SimpleData>
		<SimpleData name="AREA_TOTAL">70.00000000</SimpleData>
		<SimpleData name="NRO_ZONA">1</SimpleData>
		<SimpleData name="AREA_ZONA_">70.00000000</SimpleData>
		<SimpleData name="ESPECIE">CONCHA DE ABANICO</SimpleData>
		<SimpleData name="AMBITO">MARICULTURA</SimpleData>
		<SimpleData name="TIPO_DEREC">CONCESION</SimpleData>
		<SimpleData name="CATEGORIA_">ACUICULTURA DE MEDIANA Y GRAN EMPRESA (AMYGE)</SimpleData>
		<SimpleData name="ESTADO">VIGENTE</SimpleData>
		<SimpleData name="DEPARTAMEN">PIURA</SimpleData>
		<SimpleData name="PROVINCIA">SECHURA</SimpleData>
		<SimpleData name="DISTRITO">SECHURA</SimpleData>
		<SimpleData name="ZONA">LOTE 57-A - LAS DELICIAS</SimpleData>
		<SimpleData name="RESOLUCI_1">R.D. Nº 111-2020-PRODUCE/DGA</SimpleData>
		<SimpleData name="FECHA_MODI">2020/07/30</SimpleData>
		<SimpleData name="TIPO_COORD">UBICACIÓN RD</SimpleData>
		<SimpleData name="DATUM">WGS 84</SimpleData>
		<SimpleData name="LATITUD">PTO A 05°42'31.3010&quot; ,  PTO B 05°42'31.3010&quot; ,  PTO C 05°42'54.1000&quot; ,  PTO D 05°42'54.1000&quot;</SimpleData>
		<SimpleData name="LONGITUD">PTO A 80°55'49.6160&quot; ,  PTO B 80°55'17.1030&quot; ,  PTO C 80°55'17.1030&quot; ,  PTO D 80°55'49.6160&quot;</SimpleData>
		<SimpleData name="FLAG">1</SimpleData>
		<SimpleData name="Shape_STAr">0.00005719629</SimpleData>
		<SimpleData name="Shape_STLe">0.03072888889</SimpleData>
	</SchemaData></ExtendedData>
      <Polygon><outerBoundaryIs><LinearRing><coordinates>-80.9214175,-5.71502777799993 -80.930448889,-5.71502777799993 -80.930448889,-5.70869472199996 -80.9214175,-5.70869472199996 -80.9214175,-5.71502777799993</coordinates></LinearRing></outerBoundaryIs></Polygon>
  </Placemark>
  <Placemark>
	<name>PESCADORES ARTESANALES ACUICULTORES PARACHIQUE S.A.C.</name>
	<description>PESCADORES ARTESANALES ACUICULTORES PARACHIQUE S.A.C.</description>
	<Style><LineStyle><color>ff0000ff</color></LineStyle><PolyStyle><fill>0</fill></PolyStyle></Style>
	<ExtendedData><SchemaData schemaUrl="#Areas_de_Derechos_Acuícolas">
		<SimpleData name="CODIGO">5797</SimpleData>
		<SimpleData name="RESOLUCION">R.D.R. Nº 261-2011-GOBIERNO REGIONAL PIURA-DIREPRO-DR</SimpleData>
		<SimpleData name="FECHA_EMIS">2011/07/18</SimpleData>
		<SimpleData name="FECHA_VIGE">2041/07/18</SimpleData>
		<SimpleData name="AREA_TOTAL">30.02000000</SimpleData>
		<SimpleData name="NRO_ZONA">1</SimpleData>
		<SimpleData name="AREA_ZONA_">30.00000000</SimpleData>
		<SimpleData name="ESPECIE">CONCHA DE ABANICO</SimpleData>
		<SimpleData name="AMBITO">MARICULTURA</SimpleData>
		<SimpleData name="TIPO_DEREC">CONCESION</SimpleData>
		<SimpleData name="CATEGORIA_">ACUICULTURA DE MEDIANA Y GRAN EMPRESA (AMYGE)</SimpleData>
		<SimpleData name="ESTADO">VIGENTE</SimpleData>
		<SimpleData name="DEPARTAMEN">PIURA</SimpleData>
		<SimpleData name="PROVINCIA">SECHURA</SimpleData>
		<SimpleData name="DISTRITO">SECHURA</SimpleData>
		<SimpleData name="ZONA">LOTE 57-B - LAS DELICIAS</SimpleData>
		<SimpleData name="RESOLUCI_1">R.D. N° 015-2023-PRODUCE/DGA</SimpleData>
		<SimpleData name="FECHA_MODI">2023/09/11</SimpleData>
		<SimpleData name="TIPO_COORD">UBICACIÓN RD</SimpleData>
		<SimpleData name="DATUM">WGS 84</SimpleData>
		<SimpleData name="LATITUD">PTO A 05°42'54.1000&quot; ,  PTO B 05°42'54.1000&quot; ,  PTO C 05°43'03.8760&quot; ,  PTO D 05°43'03.8760&quot;</SimpleData>
		<SimpleData name="LONGITUD">PTO A 80°55'49.6160&quot; ,  PTO B 80°55'17.1030&quot; ,  PTO C 80°55'17.1030&quot; ,  PTO D 80°55'49.6160&quot;</SimpleData>
		<SimpleData name="FLAG">1</SimpleData>
		<SimpleData name="Shape_STAr">0.00002452524</SimpleData>
		<SimpleData name="Shape_STLe">0.02349388889</SimpleData>
	</SchemaData></ExtendedData>
      <Polygon><outerBoundaryIs><LinearRing><coordinates>-80.930448889,-5.71502777799993 -80.9214175,-5.71502777799993 -80.9214175,-5.71774333299991 -80.930448889,-5.71774333299991 -80.930448889,-5.71502777799993</coordinates></LinearRing></outerBoundaryIs></Polygon>
  </Placemark>
  <Placemark>
	<name>ASOCIACION DE EXTRACTORES DE MARISCOS Y PESCADORES ARTESANALES DE PARACHIQUE &quot;MI IVANCITO&quot;</name>
	<description>ASOCIACION DE EXTRACTORES DE MARISCOS Y PESCADORES ARTESANALES DE PARACHIQUE &quot;MI IVANCITO&quot;</description>
	<Style><LineStyle><color>ff0000ff</color></LineStyle><PolyStyle><fill>0</fill></PolyStyle></Style>
	<ExtendedData><SchemaData schemaUrl="#Areas_de_Derechos_Acuícolas">
		<SimpleData name="CODIGO">5330</SimpleData>
		<SimpleData name="RESOLUCION">R.D.R. Nº 429-2010-GOBIERNO REGIONAL PIURA-DIREPRO-DR</SimpleData>
		<SimpleData name="FECHA_EMIS">2010/08/19</SimpleData>
		<SimpleData name="FECHA_VIGE">2040/08/19</SimpleData>
		<SimpleData name="AREA_TOTAL">100.00000000</SimpleData>
		<SimpleData name="NRO_ZONA">1</SimpleData>
		<SimpleData name="AREA_ZONA_">100.00000000</SimpleData>
		<SimpleData name="ESPECIE">CONCHA DE ABANICO</SimpleData>
		<SimpleData name="AMBITO">MARICULTURA</SimpleData>
		<SimpleData name="TIPO_DEREC">CONCESION</SimpleData>
		<SimpleData name="CATEGORIA_">ACUICULTURA DE MEDIANA Y GRAN EMPRESA (AMYGE)</SimpleData>
		<SimpleData name="ESTADO">VIGENTE</SimpleData>
		<SimpleData name="DEPARTAMEN">PIURA</SimpleData>
		<SimpleData name="PROVINCIA">SECHURA</SimpleData>
		<SimpleData name="DISTRITO">SECHURA</SimpleData>
		<SimpleData name="ZONA">LOTE 60 - LAS DELICIAS</SimpleData>
		<SimpleData name="RESOLUCI_1">R.D. N° 010-2023-PRODUCE/DGA</SimpleData>
		<SimpleData name="FECHA_MODI">2023/08/01</SimpleData>
		<SimpleData name="TIPO_COORD">UBICACIÓN RD</SimpleData>
		<SimpleData name="DATUM">WGS 84</SimpleData>
		<SimpleData name="LATITUD">PTO A 05°43'07.1330&quot; ,  PTO B 05°43'07.1330&quot; ,  PTO C 05°43'39.7000&quot; ,  PTO D 05°43'39.7000&quot;</SimpleData>
		<SimpleData name="LONGITUD">PTO A 80°55'49.6160&quot; ,  PTO B 80°55'17.1030&quot; ,  PTO C 80°55'17.1030&quot; ,  PTO D 80°55'49.6160&quot;</SimpleData>
		<SimpleData name="FLAG">1</SimpleData>
		<SimpleData name="Shape_STAr">0.00008170146</SimpleData>
		<SimpleData name="Shape_STLe">0.03615555555</SimpleData>
	</SchemaData></ExtendedData>
      <Polygon><outerBoundaryIs><LinearRing><coordinates>-80.9214175,-5.72769444399993 -80.930448889,-5.72769444399993 -80.930448889,-5.71864805599998 -80.9214175,-5.71864805599998 -80.9214175,-5.72769444399993</coordinates></LinearRing></outerBoundaryIs></Polygon>
  </Placemark>
  <Placemark>
	<name>ASOCIACION DE PESCADORES ARTESANALES Y EXTRACTORES DE MARISCOS MAR DEL NORTHE</name>
	<description>ASOCIACION DE PESCADORES ARTESANALES Y EXTRACTORES DE MARISCOS MAR DEL NORTHE</description>
	<Style><LineStyle><color>ff0000ff</color></LineStyle><PolyStyle><fill>0</fill></PolyStyle></Style>
	<ExtendedData><SchemaData schemaUrl="#Areas_de_Derechos_Acuícolas">
		<SimpleData name="CODIGO">5650</SimpleData>
		<SimpleData name="RESOLUCION">R.D.R. Nº 120-2011-GOBIERNO REGIONAL PIURA-DIREPRO-DR</SimpleData>
		<SimpleData name="FECHA_EMIS">2011/03/29</SimpleData>
		<SimpleData name="FECHA_VIGE">2041/03/29</SimpleData>
		<SimpleData name="AREA_TOTAL">52.00000000</SimpleData>
		<SimpleData name="NRO_ZONA">1</SimpleData>
		<SimpleData name="AREA_ZONA_">52.00000000</SimpleData>
		<SimpleData name="ESPECIE">CONCHA DE ABANICO</SimpleData>
		<SimpleData name="AMBITO">MARICULTURA</SimpleData>
		<SimpleData name="TIPO_DEREC">CONCESION</SimpleData>
		<SimpleData name="CATEGORIA_">ACUICULTURA DE MEDIANA Y GRAN EMPRESA (AMYGE)</SimpleData>
		<SimpleData name="ESTADO">VIGENTE</SimpleData>
		<SimpleData name="DEPARTAMEN">PIURA</SimpleData>
		<SimpleData name="PROVINCIA">SECHURA</SimpleData>
		<SimpleData name="DISTRITO">SECHURA</SimpleData>
		<SimpleData name="ZONA">LOTE 61-A - LAS DELICIAS</SimpleData>
		<SimpleData name="RESOLUCI_1">R.D. Nº 118-2020-PRODUCE/DGA</SimpleData>
		<SimpleData name="FECHA_MODI">2020/07/30</SimpleData>
		<SimpleData name="TIPO_COORD">UBICACIÓN RD</SimpleData>
		<SimpleData name="DATUM">WGS 84</SimpleData>
		<SimpleData name="LATITUD">PTO A 05°42'48.4960&quot; ,  PTO B 05°42'48.4960&quot; ,  PTO C 05°43'17.6240&quot; ,  PTO D 05°43'17.6240&quot;</SimpleData>
		<SimpleData name="LONGITUD">PTO A 80°55'13.8540&quot; ,  PTO B 80°54'54.9540&quot; ,  PTO C 80°54'54.9540&quot; ,  PTO D 80°55'13.8540&quot;</SimpleData>
		<SimpleData name="FLAG">1</SimpleData>
		<SimpleData name="Shape_STAr">0.00004247833</SimpleData>
		<SimpleData name="Shape_STLe">0.02668222222</SimpleData>
	</SchemaData></ExtendedData>
      <Polygon><outerBoundaryIs><LinearRing><coordinates>-80.915265,-5.72156222199996 -80.920515,-5.72156222199996 -80.920515,-5.71347111099992 -80.915265,-5.71347111099992 -80.915265,-5.72156222199996</coordinates></LinearRing></outerBoundaryIs></Polygon>
  </Placemark>
  <Placemark>
	<name>ACUICULTORES MARIA LUISA S.A.C.</name>
	<description>ACUICULTORES MARIA LUISA S.A.C.</description>
	<Style><LineStyle><color>ff0000ff</color></LineStyle><PolyStyle><fill>0</fill></PolyStyle></Style>
	<ExtendedData><SchemaData schemaUrl="#Areas_de_Derechos_Acuícolas">
		<SimpleData name="CODIGO">5457</SimpleData>
		<SimpleData name="RESOLUCION">R.D.R. Nº 535-2010-GOBIERNO REGIONAL PIURA-DIREPRO-DR</SimpleData>
		<SimpleData name="FECHA_EMIS">2010/10/14</SimpleData>
		<SimpleData name="FECHA_VIGE">2040/10/14</SimpleData>
		<SimpleData name="AREA_TOTAL">32.00000000</SimpleData>
		<SimpleData name="NRO_ZONA">1</SimpleData>
		<SimpleData name="AREA_ZONA_">32.00000000</SimpleData>
		<SimpleData name="ESPECIE">CONCHA DE ABANICO</SimpleData>
		<SimpleData name="AMBITO">MARICULTURA</SimpleData>
		<SimpleData name="TIPO_DEREC">CONCESION</SimpleData>
		<SimpleData name="CATEGORIA_">ACUICULTURA DE MEDIANA Y GRAN EMPRESA (AMYGE)</SimpleData>
		<SimpleData name="ESTADO">VIGENTE</SimpleData>
		<SimpleData name="DEPARTAMEN">PIURA</SimpleData>
		<SimpleData name="PROVINCIA">SECHURA</SimpleData>
		<SimpleData name="DISTRITO">SECHURA</SimpleData>
		<SimpleData name="ZONA">LOTE 62-B - LAS DELICIAS</SimpleData>
		<SimpleData name="RESOLUCI_1">R.D. Nº 138-2020-PRODUCE/DGA</SimpleData>
		<SimpleData name="FECHA_MODI">2020/08/14</SimpleData>
		<SimpleData name="TIPO_COORD">UBICACIÓN RD</SimpleData>
		<SimpleData name="DATUM">WGS 84</SimpleData>
		<SimpleData name="LATITUD">PTO A 05°42'48.4960&quot; ,  PTO B 05°42'48.4960&quot; ,  PTO C 05°43'17.6240&quot; ,  PTO D 05°43'17.6240&quot;</SimpleData>
		<SimpleData name="LONGITUD">PTO A 80°54'24.0910&quot; ,  PTO B 80°54'12.4450&quot; ,  PTO C 80°54'12.4450&quot; ,  PTO D 80°54'24.0910&quot;</SimpleData>
		<SimpleData name="FLAG">1</SimpleData>
		<SimpleData name="Shape_STAr">0.00002617474</SimpleData>
		<SimpleData name="Shape_STLe">0.02265222222</SimpleData>
	</SchemaData></ExtendedData>
      <Polygon><outerBoundaryIs><LinearRing><coordinates>-80.906691944,-5.72156222199996 -80.906691944,-5.71347111099992 -80.903456944,-5.71347111099992 -80.903456944,-5.72156222199996 -80.906691944,-5.72156222199996</coordinates></LinearRing></outerBoundaryIs></Polygon>
  </Placemark>
  <Placemark>
	<name>ASOCIACION DE PESCADORES ARTESANALES MAR AZUL</name>
	<description>ASOCIACION DE PESCADORES ARTESANALES MAR AZUL</description>
	<Style><LineStyle><color>ff0000ff</color></LineStyle><PolyStyle><fill>0</fill></PolyStyle></Style>
	<ExtendedData><SchemaData schemaUrl="#Areas_de_Derechos_Acuícolas">
		<SimpleData name="CODIGO">5336</SimpleData>
		<SimpleData name="RESOLUCION">R.D.R. Nº 435-2010-GOBIERNO REGIONAL PIURA-DIREPRO-DR</SimpleData>
		<SimpleData name="FECHA_EMIS">2010/08/19</SimpleData>
		<SimpleData name="FECHA_VIGE">2040/08/19</SimpleData>
		<SimpleData name="AREA_TOTAL">54.02000000</SimpleData>
		<SimpleData name="NRO_ZONA">1</SimpleData>
		<SimpleData name="AREA_ZONA_">54.02000000</SimpleData>
		<SimpleData name="ESPECIE">CONCHA DE ABANICO</SimpleData>
		<SimpleData name="AMBITO">MARICULTURA</SimpleData>
		<SimpleData name="TIPO_DEREC">CONCESION</SimpleData>
		<SimpleData name="CATEGORIA_">ACUICULTURA DE MEDIANA Y GRAN EMPRESA (AMYGE)</SimpleData>
		<SimpleData name="ESTADO">VIGENTE</SimpleData>
		<SimpleData name="DEPARTAMEN">PIURA</SimpleData>
		<SimpleData name="PROVINCIA">SECHURA</SimpleData>
		<SimpleData name="DISTRITO">SECHURA</SimpleData>
		<SimpleData name="ZONA">LOTE 64 - LAS DELICIAS</SimpleData>
		<SimpleData name="RESOLUCI_1">R.D. Nº 117-2020-PRODUCE/DGA</SimpleData>
		<SimpleData name="FECHA_MODI">2020/07/30</SimpleData>
		<SimpleData name="TIPO_COORD">UBICACIÓN RD</SimpleData>
		<SimpleData name="DATUM">WGS 84</SimpleData>
		<SimpleData name="LATITUD">PTO A 05°42'48.4960&quot; ,  PTO B 05°42'48.4960&quot; ,  PTO C 05°43'17.6240&quot; ,  PTO D 05°43'17.6240&quot;</SimpleData>
		<SimpleData name="LONGITUD">PTO A 80°53'36.8640&quot; ,  PTO B 80°53'14.9260&quot; ,  PTO C 80°53'19.5310&quot; ,  PTO D 80°53'36.8640&quot;</SimpleData>
		<SimpleData name="FLAG">1</SimpleData>
		<SimpleData name="Shape_STAr">0.00004413139</SimpleData>
		<SimpleData name="Shape_STLe">0.02719132441</SimpleData>
	</SchemaData></ExtendedData>
      <Polygon><outerBoundaryIs><LinearRing><coordinates>-80.8887586109999,-5.72156222199996 -80.893573333,-5.72156222199996 -80.893573333,-5.71347111099992 -80.887479444,-5.71347111099992 -80.8887586109999,-5.72156222199996</coordinates></LinearRing></outerBoundaryIs></Polygon>
  </Placemark>
  <Placemark>
	<name>ASOCIACION DE PESCADORES ARTESANALES EXTRACTORES RECOLECTORES JEHOVA ES MI PASTOR</name>
	<description>ASOCIACION DE PESCADORES ARTESANALES EXTRACTORES RECOLECTORES JEHOVA ES MI PASTOR</description>
	<Style><LineStyle><color>ff0000ff</color></LineStyle><PolyStyle><fill>0</fill></PolyStyle></Style>
	<ExtendedData><SchemaData schemaUrl="#Areas_de_Derechos_Acuícolas">
		<SimpleData name="CODIGO">5363</SimpleData>
		<SimpleData name="RESOLUCION">R.D.R. Nº 515-2010-GOBIERNO REGIONAL PIURA-DIREPRO-DR</SimpleData>
		<SimpleData name="FECHA_EMIS">2010/09/27</SimpleData>
		<SimpleData name="FECHA_VIGE">2040/09/27</SimpleData>
		<SimpleData name="AREA_TOTAL">39.54000000</SimpleData>
		<SimpleData name="NRO_ZONA">1</SimpleData>
		<SimpleData name="AREA_ZONA_">39.54000000</SimpleData>
		<SimpleData name="ESPECIE">CONCHA DE ABANICO</SimpleData>
		<SimpleData name="AMBITO">MARICULTURA</SimpleData>
		<SimpleData name="TIPO_DEREC">CONCESION</SimpleData>
		<SimpleData name="CATEGORIA_">ACUICULTURA DE MEDIANA Y GRAN EMPRESA (AMYGE)</SimpleData>
		<SimpleData name="ESTADO">VIGENTE</SimpleData>
		<SimpleData name="DEPARTAMEN">PIURA</SimpleData>
		<SimpleData name="PROVINCIA">SECHURA</SimpleData>
		<SimpleData name="DISTRITO">SECHURA</SimpleData>
		<SimpleData name="ZONA">LOTE 65 - LAS DELICIAS, BAHIA SECHURA</SimpleData>
		<SimpleData name="RESOLUCI_1">R.D. Nº 023-2020-PRODUCE/DGA</SimpleData>
		<SimpleData name="FECHA_MODI">2020/06/26</SimpleData>
		<SimpleData name="TIPO_COORD">UBICACIÓN RD</SimpleData>
		<SimpleData name="DATUM">WGS 84</SimpleData>
		<SimpleData name="LATITUD">PTO A 05°43'20.8800&quot; ,  PTO B 05°43'20.8800&quot; ,  PTO C 05°43'50.0080&quot; ,  PTO D 05°43'50.0080&quot;</SimpleData>
		<SimpleData name="LONGITUD">PTO A 80°53'36.8640&quot; ,  PTO B 80°53'20.1360&quot; ,  PTO C 80°53'24.8480&quot; ,  PTO D 80°53'36.8640&quot;</SimpleData>
		<SimpleData name="FLAG">1</SimpleData>
		<SimpleData name="Shape_STAr">0.00003230151</SimpleData>
		<SimpleData name="Shape_STLe">0.02427185162</SimpleData>
	</SchemaData></ExtendedData>
      <Polygon><outerBoundaryIs><LinearRing><coordinates>-80.8902355559999,-5.73055777799996 -80.893573333,-5.73055777799996 -80.893573333,-5.72246666699992 -80.888926667,-5.72246666699992 -80.8902355559999,-5.73055777799996</coordinates></LinearRing></outerBoundaryIs></Polygon>
  </Placemark>
  <Placemark>
	<name>ASOCIACION DE PESCADORES EXTRACTORES ARTESANALES CAJAMAR</name>
	<description>ASOCIACION DE PESCADORES EXTRACTORES ARTESANALES CAJAMAR</description>
	<Style><LineStyle><color>ff0000ff</color></LineStyle><PolyStyle><fill>0</fill></PolyStyle></Style>
	<ExtendedData><SchemaData schemaUrl="#Areas_de_Derechos_Acuícolas">
		<SimpleData name="CODIGO">5354</SimpleData>
		<SimpleData name="RESOLUCION">R.D.R. Nº 492-2010-GOBIERNO REGIONAL PIURA-DIREPRO-DR</SimpleData>
		<SimpleData name="FECHA_EMIS">2010/09/10</SimpleData>
		<SimpleData name="FECHA_VIGE">2040/09/10</SimpleData>
		<SimpleData name="AREA_TOTAL">80.00000000</SimpleData>
		<SimpleData name="NRO_ZONA">1</SimpleData>
		<SimpleData name="AREA_ZONA_">80.00000000</SimpleData>
		<SimpleData name="ESPECIE">CONCHA DE ABANICO</SimpleData>
		<SimpleData name="AMBITO">MARICULTURA</SimpleData>
		<SimpleData name="TIPO_DEREC">CONCESION</SimpleData>
		<SimpleData name="CATEGORIA_">ACUICULTURA DE MEDIANA Y GRAN EMPRESA (AMYGE)</SimpleData>
		<SimpleData name="ESTADO">VIGENTE</SimpleData>
		<SimpleData name="DEPARTAMEN">PIURA</SimpleData>
		<SimpleData name="PROVINCIA">SECHURA</SimpleData>
		<SimpleData name="DISTRITO">SECHURA</SimpleData>
		<SimpleData name="ZONA">LOTE 66 - LAS DELICIAS, BAHIA SECHURA</SimpleData>
		<SimpleData name="RESOLUCI_1">R.D. Nº 109-2020-PRODUCE/DGA</SimpleData>
		<SimpleData name="FECHA_MODI">2020/07/30</SimpleData>
		<SimpleData name="TIPO_COORD">UBICACIÓN RD</SimpleData>
		<SimpleData name="DATUM">WGS 84</SimpleData>
		<SimpleData name="LATITUD">PTO A 05°43'20.8800&quot; ,  PTO B 05°43'20.8800&quot; ,  PTO C 05°43'50.0080&quot; ,  PTO D 05°43'50.0080&quot;</SimpleData>
		<SimpleData name="LONGITUD">PTO A 80°54'09.1940&quot; ,  PTO B 80°53'40.1150&quot; ,  PTO C 80°53'40.1150&quot; ,  PTO D 80°54'09.1940&quot;</SimpleData>
		<SimpleData name="FLAG">1</SimpleData>
		<SimpleData name="Shape_STAr">0.00006535595</SimpleData>
		<SimpleData name="Shape_STLe">0.03233722222</SimpleData>
	</SchemaData></ExtendedData>
      <Polygon><outerBoundaryIs><LinearRing><coordinates>-80.894476389,-5.73055777799996 -80.902553889,-5.73055777799996 -80.902553889,-5.72246666699992 -80.894476389,-5.72246666699992 -80.894476389,-5.73055777799996</coordinates></LinearRing></outerBoundaryIs></Polygon>
  </Placemark>
  <Placemark>
	<name>ASOCIACION DE ESPECIALISTAS EN PESCA ARTESANAL Y MARICULTURA JOSE OLAYA BALANDRA LA BOCANA DE PARACHIQUE</name>
	<description>ASOCIACION DE ESPECIALISTAS EN PESCA ARTESANAL Y MARICULTURA JOSE OLAYA BALANDRA LA BOCANA DE PARACHIQUE</description>
	<Style><LineStyle><color>ff0000ff</color></LineStyle><PolyStyle><fill>0</fill></PolyStyle></Style>
	<ExtendedData><SchemaData schemaUrl="#Areas_de_Derechos_Acuícolas">
		<SimpleData name="CODIGO">5357</SimpleData>
		<SimpleData name="RESOLUCION">R.D.R. Nº 509-2010-GOBIERNO REGIONAL PIURA-DIREPRO-DR</SimpleData>
		<SimpleData name="FECHA_EMIS">2010/09/27</SimpleData>
		<SimpleData name="FECHA_VIGE">2040/09/27</SimpleData>
		<SimpleData name="AREA_TOTAL">80.00000000</SimpleData>
		<SimpleData name="NRO_ZONA">1</SimpleData>
		<SimpleData name="AREA_ZONA_">80.00000000</SimpleData>
		<SimpleData name="ESPECIE">CONCHA DE ABANICO</SimpleData>
		<SimpleData name="AMBITO">MARICULTURA</SimpleData>
		<SimpleData name="TIPO_DEREC">CONCESION</SimpleData>
		<SimpleData name="CATEGORIA_">ACUICULTURA DE MEDIANA Y GRAN EMPRESA (AMYGE)</SimpleData>
		<SimpleData name="ESTADO">VIGENTE</SimpleData>
		<SimpleData name="DEPARTAMEN">PIURA</SimpleData>
		<SimpleData name="PROVINCIA">SECHURA</SimpleData>
		<SimpleData name="DISTRITO">SECHURA</SimpleData>
		<SimpleData name="ZONA">LOTE 67 - LAS DELICIAS</SimpleData>
		<SimpleData name="RESOLUCI_1">R.D. Nº 120-2020-PRODUCE/DGA</SimpleData>
		<SimpleData name="FECHA_MODI">2020/07/30</SimpleData>
		<SimpleData name="TIPO_COORD">UBICACIÓN RD</SimpleData>
		<SimpleData name="DATUM">WGS 84</SimpleData>
		<SimpleData name="LATITUD">PTO A 05°43'20.8800&quot; ,  PTO B 05°43'20.8800&quot; ,  PTO C 05°43'50.0080&quot; ,  PTO D 05°43'50.0080&quot;</SimpleData>
		<SimpleData name="LONGITUD">PTO A 80°54'41.5240&quot; ,  PTO B 80°54'12.4450&quot; ,  PTO C 80°54'12.4450&quot; ,  PTO D 80°54'41.5240&quot;</SimpleData>
		<SimpleData name="FLAG">1</SimpleData>
		<SimpleData name="Shape_STAr">0.00006535595</SimpleData>
		<SimpleData name="Shape_STLe">0.03233722222</SimpleData>
	</SchemaData></ExtendedData>
      <Polygon><outerBoundaryIs><LinearRing><coordinates>-80.903456944,-5.73055777799996 -80.911534444,-5.73055777799996 -80.911534444,-5.72246666699992 -80.903456944,-5.72246666699992 -80.903456944,-5.73055777799996</coordinates></LinearRing></outerBoundaryIs></Polygon>
  </Placemark>
  <Placemark>
	<name>ACUICULTORES JESUS DE NAZARETH SOCIEDAD ANÓNIMA CERRADA-ACUICULTORES JESUS DE NAZARETH S.A.C.</name>
	<description>ACUICULTORES JESUS DE NAZARETH SOCIEDAD ANÓNIMA CERRADA-ACUICULTORES JESUS DE NAZARETH S.A.C.</description>
	<Style><LineStyle><color>ff0000ff</color></LineStyle><PolyStyle><fill>0</fill></PolyStyle></Style>
	<ExtendedData><SchemaData schemaUrl="#Areas_de_Derechos_Acuícolas">
		<SimpleData name="CODIGO">10968</SimpleData>
		<SimpleData name="RESOLUCION">R.D.R. Nº 421-2018-GOBIERNO REGIONAL PIURA-DRP-DR</SimpleData>
		<SimpleData name="FECHA_EMIS">2018/03/23</SimpleData>
		<SimpleData name="FECHA_VIGE">2028/03/23</SimpleData>
		<SimpleData name="AREA_TOTAL">100.00000000</SimpleData>
		<SimpleData name="NRO_ZONA">1</SimpleData>
		<SimpleData name="AREA_ZONA_">100.00000000</SimpleData>
		<SimpleData name="ESPECIE">CONCHA DE ABANICO</SimpleData>
		<SimpleData name="AMBITO">MARICULTURA</SimpleData>
		<SimpleData name="TIPO_DEREC">CONCESION</SimpleData>
		<SimpleData name="CATEGORIA_">ACUICULTURA DE MICRO Y PEQUEÑA EMPRESA (AMYPE)</SimpleData>
		<SimpleData name="ESTADO">VIGENTE</SimpleData>
		<SimpleData name="DEPARTAMEN">PIURA</SimpleData>
		<SimpleData name="PROVINCIA">SECHURA</SimpleData>
		<SimpleData name="DISTRITO">SECHURA</SimpleData>
		<SimpleData name="ZONA">LOTE 12, MATACABALLO - BAHIA SECHURA</SimpleData>
		<SimpleData name="TIPO_COORD">UBICACIÓN RD</SimpleData>
		<SimpleData name="DATUM">WGS 84</SimpleData>
		<SimpleData name="LATITUD">PTO A 05°35'26.5150&quot; ,  PTO B 05°35'26.5150&quot; ,  PTO C 05°35'59.0820&quot; ,  PTO D 05°35'59.0820&quot;</SimpleData>
		<SimpleData name="LONGITUD">PTO A 80°53'16.6180&quot; ,  PTO B 80°52'44.1120&quot; ,  PTO C 80°52'44.1120&quot; ,  PTO D 80°53'16.6180&quot;</SimpleData>
		<SimpleData name="FLAG">1</SimpleData>
		<SimpleData name="Shape_STAr">0.00008168387</SimpleData>
		<SimpleData name="Shape_STLe">0.03615166667</SimpleData>
	</SchemaData></ExtendedData>
      <Polygon><outerBoundaryIs><LinearRing><coordinates>-80.8789199999999,-5.5997449999999 -80.887949444,-5.5997449999999 -80.887949444,-5.59069861099995 -80.8789199999999,-5.59069861099995 -80.8789199999999,-5.5997449999999</coordinates></LinearRing></outerBoundaryIs></Polygon>
  </Placemark>
  <Placemark>
	<name>ASOCIACION DE PESCADORES ARTESANALES Y ACUICULTORES PARACHIQUEÑOS UNIDOS</name>
	<description>ASOCIACION DE PESCADORES ARTESANALES Y ACUICULTORES PARACHIQUEÑOS UNIDOS</description>
	<Style><LineStyle><color>ff0000ff</color></LineStyle><PolyStyle><fill>0</fill></PolyStyle></Style>
	<ExtendedData><SchemaData schemaUrl="#Areas_de_Derechos_Acuícolas">
		<SimpleData name="CODIGO">7637</SimpleData>
		<SimpleData name="RESOLUCION">R.D.R. Nº 130-2015-GOBIERNO REGIONAL PIURA-DRP-DR</SimpleData>
		<SimpleData name="FECHA_EMIS">2015/08/26</SimpleData>
		<SimpleData name="FECHA_VIGE">2045/08/26</SimpleData>
		<SimpleData name="AREA_TOTAL">73.40000000</SimpleData>
		<SimpleData name="NRO_ZONA">1</SimpleData>
		<SimpleData name="AREA_ZONA_">73.40000000</SimpleData>
		<SimpleData name="ESPECIE">CONCHA DE ABANICO</SimpleData>
		<SimpleData name="AMBITO">MARICULTURA</SimpleData>
		<SimpleData name="TIPO_DEREC">CONCESION</SimpleData>
		<SimpleData name="CATEGORIA_">ACUICULTURA DE MICRO Y PEQUEÑA EMPRESA (AMYPE)</SimpleData>
		<SimpleData name="ESTADO">VIGENTE</SimpleData>
		<SimpleData name="DEPARTAMEN">PIURA</SimpleData>
		<SimpleData name="PROVINCIA">SECHURA</SimpleData>
		<SimpleData name="DISTRITO">SECHURA</SimpleData>
		<SimpleData name="ZONA">LOTE 105 - PARACHIQUE, BAHIA SECHURA</SimpleData>
		<SimpleData name="RESOLUCI_1">R.D. N° 008-2022-PRODUCE/DGA</SimpleData>
		<SimpleData name="FECHA_MODI">2022/04/01</SimpleData>
		<SimpleData name="TIPO_COORD">UBICACIÓN RD</SimpleData>
		<SimpleData name="DATUM">WGS 84</SimpleData>
		<SimpleData name="LATITUD">PTO A 05°46'19.2850&quot; ,  PTO B 05°46'19.2850&quot; ,  PTO C 05°46'51.8520&quot; ,  PTO D 05°46'51.8520&quot;</SimpleData>
		<SimpleData name="LONGITUD">PTO A 80°54'06.9220&quot; ,  PTO B 80°53'34.4060&quot; ,  PTO C 80°53'51.7060&quot; ,  PTO D 80°54'06.9220&quot;</SimpleData>
		<SimpleData name="FLAG">1</SimpleData>
		<SimpleData name="Shape_STAr">0.00005997253</SimpleData>
		<SimpleData name="Shape_STLe">0.03254883752</SimpleData>
	</SchemaData></ExtendedData>
      <Polygon><outerBoundaryIs><LinearRing><coordinates>-80.8976961109999,-5.78106999999995 -80.901922778,-5.78106999999995 -80.901922778,-5.77202361099992 -80.892890556,-5.77202361099992 -80.8976961109999,-5.78106999999995</coordinates></LinearRing></outerBoundaryIs></Polygon>
  </Placemark>
  <Placemark>
	<name>EMPRESA RIQUEZA POR SIEMPRE SOCIEDAD ANONIMA CERRADA</name>
	<description>EMPRESA RIQUEZA POR SIEMPRE SOCIEDAD ANONIMA CERRADA</description>
	<Style><LineStyle><color>ff0000ff</color></LineStyle><PolyStyle><fill>0</fill></PolyStyle></Style>
	<ExtendedData><SchemaData schemaUrl="#Areas_de_Derechos_Acuícolas">
		<SimpleData name="CODIGO">21022</SimpleData>
		<SimpleData name="RESOLUCION">R.D.R. Nº 134-2024-GOBIERNO REGIONAL PIURA-DRP-DR</SimpleData>
		<SimpleData name="FECHA_EMIS">2024/02/26</SimpleData>
		<SimpleData name="FECHA_VIGE">2054/02/26</SimpleData>
		<SimpleData name="AREA_TOTAL">23.47700000</SimpleData>
		<SimpleData name="NRO_ZONA">1</SimpleData>
		<SimpleData name="AREA_ZONA_">23.47700000</SimpleData>
		<SimpleData name="ESPECIE">CONCHA DE ABANICO</SimpleData>
		<SimpleData name="AMBITO">MARICULTURA</SimpleData>
		<SimpleData name="TIPO_DEREC">CONCESION</SimpleData>
		<SimpleData name="CATEGORIA_">ACUICULTURA DE MICRO Y PEQUEÑA EMPRESA (AMYPE)</SimpleData>
		<SimpleData name="ESTADO">VIGENTE</SimpleData>
		<SimpleData name="DEPARTAMEN">PIURA</SimpleData>
		<SimpleData name="PROVINCIA">SECHURA</SimpleData>
		<SimpleData name="DISTRITO">SECHURA</SimpleData>
		<SimpleData name="ZONA">LOTE 140-B CONSTANTE</SimpleData>
		<SimpleData name="TIPO_COORD">UBICACIÓN RD</SimpleData>
		<SimpleData name="DATUM">WGS 84</SimpleData>
		<SimpleData name="LATITUD">PTO A 05°38'38.6250&quot; ,  PTO B 05°38'38.6450&quot; ,  PTO C 05°38'53.5660&quot; ,  PTO D 05°38'53.5660&quot;</SimpleData>
		<SimpleData name="LONGITUD">PTO A 80°54'24.6460&quot; ,  PTO B 80°54'07.9990&quot; ,  PTO C 80°54'07.9990&quot; ,  PTO D 80°54'24.6460&quot;</SimpleData>
		<SimpleData name="FLAG">1</SimpleData>
		<SimpleData name="Shape_STAr">0.00001917873</SimpleData>
		<SimpleData name="Shape_STLe">0.01754333667</SimpleData>
	</SchemaData></ExtendedData>
      <Polygon><outerBoundaryIs><LinearRing><coordinates>-80.9022219439999,-5.64821277799992 -80.9068461109999,-5.64821277799992 -80.9068461109999,-5.64406249999999 -80.9022219439999,-5.644068056 -80.9022219439999,-5.64821277799992</coordinates></LinearRing></outerBoundaryIs></Polygon>
  </Placemark>
  <Placemark>
	<name>GOLDEN SHELL SOCIEDAD ANONIMA CERRADA</name>
	<description>GOLDEN SHELL SOCIEDAD ANONIMA CERRADA</description>
	<Style><LineStyle><color>ff0000ff</color></LineStyle><PolyStyle><fill>0</fill></PolyStyle></Style>
	<ExtendedData><SchemaData schemaUrl="#Areas_de_Derechos_Acuícolas">
		<SimpleData name="CODIGO">6545</SimpleData>
		<SimpleData name="RESOLUCION">R.D.R. Nº 079-2014-GOBIERNO REGIONAL PIURA-DRP-DR</SimpleData>
		<SimpleData name="FECHA_EMIS">2014/03/18</SimpleData>
		<SimpleData name="FECHA_VIGE">2044/03/18</SimpleData>
		<SimpleData name="AREA_TOTAL">49.50000000</SimpleData>
		<SimpleData name="NRO_ZONA">1</SimpleData>
		<SimpleData name="AREA_ZONA_">49.50000000</SimpleData>
		<SimpleData name="ESPECIE">CONCHA DE ABANICO</SimpleData>
		<SimpleData name="AMBITO">MARICULTURA</SimpleData>
		<SimpleData name="TIPO_DEREC">CONCESION</SimpleData>
		<SimpleData name="CATEGORIA_">ACUICULTURA DE MEDIANA Y GRAN EMPRESA (AMYGE)</SimpleData>
		<SimpleData name="ESTADO">VIGENTE</SimpleData>
		<SimpleData name="DEPARTAMEN">PIURA</SimpleData>
		<SimpleData name="PROVINCIA">SECHURA</SimpleData>
		<SimpleData name="DISTRITO">SECHURA</SimpleData>
		<SimpleData name="ZONA">LOTE 02 - CONSTANTE</SimpleData>
		<SimpleData name="RESOLUCI_1">R.D. N° 019-2023-PRODUCE/DGA</SimpleData>
		<SimpleData name="FECHA_MODI">2023/10/16</SimpleData>
		<SimpleData name="TIPO_COORD">UBICACIÓN RD</SimpleData>
		<SimpleData name="DATUM">WGS 84</SimpleData>
		<SimpleData name="LATITUD">PTO A 05°38'57.9780&quot; ,  PTO B 05°38'57.9800&quot; ,  PTO C 05°39'14.1280&quot; ,  PTO D 05°39'14.1300&quot;</SimpleData>
		<SimpleData name="LONGITUD">PTO A 80°55'20.2780&quot; ,  PTO B 80°54'47.8000&quot; ,  PTO C 80°54'47.8590&quot; ,  PTO D 80°55'20.2850&quot;</SimpleData>
		<SimpleData name="FLAG">1</SimpleData>
		<SimpleData name="Shape_STAr">0.00004043980</SimpleData>
		<SimpleData name="Shape_STLe">0.02700114151</SimpleData>
	</SchemaData></ExtendedData>
      <Polygon><outerBoundaryIs><LinearRing><coordinates>-80.9132941669999,-5.65392444399991 -80.922301389,-5.65392499999996 -80.922299444,-5.64943833299999 -80.913277778,-5.64943888899994 -80.9132941669999,-5.65392444399991</coordinates></LinearRing></outerBoundaryIs></Polygon>
  </Placemark>
  <Placemark>
	<name>ACUICOLA CHULLIYACHI SOCIEDAD ANÓNIMA CERRADA</name>
	<description>ACUICOLA CHULLIYACHI SOCIEDAD ANÓNIMA CERRADA</description>
	<Style><LineStyle><color>ff0000ff</color></LineStyle><PolyStyle><fill>0</fill></PolyStyle></Style>
	<ExtendedData><SchemaData schemaUrl="#Areas_de_Derechos_Acuícolas">
		<SimpleData name="CODIGO">5661</SimpleData>
		<SimpleData name="RESOLUCION">R.D.R. Nº 189-2011-GOBIERNO REGIONAL PIURA-DIREPRO-DR</SimpleData>
		<SimpleData name="FECHA_EMIS">2011/05/18</SimpleData>
		<SimpleData name="FECHA_VIGE">2041/05/18</SimpleData>
		<SimpleData name="AREA_TOTAL">50.00000000</SimpleData>
		<SimpleData name="NRO_ZONA">1</SimpleData>
		<SimpleData name="AREA_ZONA_">50.00000000</SimpleData>
		<SimpleData name="ESPECIE">CONCHA DE ABANICO</SimpleData>
		<SimpleData name="AMBITO">MARICULTURA</SimpleData>
		<SimpleData name="TIPO_DEREC">CONCESION</SimpleData>
		<SimpleData name="CATEGORIA_">ACUICULTURA DE MEDIANA Y GRAN EMPRESA (AMYGE)</SimpleData>
		<SimpleData name="ESTADO">VIGENTE</SimpleData>
		<SimpleData name="DEPARTAMEN">PIURA</SimpleData>
		<SimpleData name="PROVINCIA">SECHURA</SimpleData>
		<SimpleData name="DISTRITO">SECHURA</SimpleData>
		<SimpleData name="ZONA">LOTE 130-A - VICHAYO</SimpleData>
		<SimpleData name="RESOLUCI_1">R.D. Nº 015-2022-PRODUCE/DGA</SimpleData>
		<SimpleData name="FECHA_MODI">2022/07/06</SimpleData>
		<SimpleData name="OBS_MODIFI">DEJA SIN EFECTO LA R.D.R. Nº 491-2010-GOBIERNO REGIONAL PIURA-DIREPRO-DR</SimpleData>
		<SimpleData name="TIPO_COORD">UBICACIÓN RD</SimpleData>
		<SimpleData name="DATUM">WGS 84</SimpleData>
		<SimpleData name="LATITUD">PTO A 05°48'32.2660&quot; ,  PTO B 05°48'32.2660&quot; ,  PTO C 05°48'50.4720&quot; ,  PTO D 05°48'50.4720&quot;</SimpleData>
		<SimpleData name="LONGITUD">PTO A 80°57'34.6520&quot; ,  PTO B 80°57'05.5690&quot; ,  PTO C 80°57'05.5690&quot; ,  PTO D 80°57'34.6520&quot;</SimpleData>
		<SimpleData name="FLAG">1</SimpleData>
		<SimpleData name="Shape_STAr">0.00004085533</SimpleData>
		<SimpleData name="Shape_STLe">0.02627166667</SimpleData>
	</SchemaData></ExtendedData>
      <Polygon><outerBoundaryIs><LinearRing><coordinates>-80.9515469439999,-5.81401999999998 -80.9596255559999,-5.81401999999998 -80.9596255559999,-5.80896277799997 -80.9515469439999,-5.80896277799997 -80.9515469439999,-5.81401999999998</coordinates></LinearRing></outerBoundaryIs></Polygon>
  </Placemark>
  <Placemark>
	<name>INVERSIONES HENEDSI SOCIEDAD ANONIMA CERRADA</name>
	<description>INVERSIONES HENEDSI SOCIEDAD ANONIMA CERRADA</description>
	<Style><LineStyle><color>ff0000ff</color></LineStyle><PolyStyle><fill>0</fill></PolyStyle></Style>
	<ExtendedData><SchemaData schemaUrl="#Areas_de_Derechos_Acuícolas">
		<SimpleData name="CODIGO">10979</SimpleData>
		<SimpleData name="RESOLUCION">R.D.R. Nº 427-2018-GOBIERNO REGIONAL PIURA-DRP-DR</SimpleData>
		<SimpleData name="FECHA_EMIS">2018/03/23</SimpleData>
		<SimpleData name="FECHA_VIGE">2028/03/23</SimpleData>
		<SimpleData name="AREA_TOTAL">15.80000000</SimpleData>
		<SimpleData name="NRO_ZONA">1</SimpleData>
		<SimpleData name="AREA_ZONA_">15.80400000</SimpleData>
		<SimpleData name="ESPECIE">CONCHA DE ABANICO</SimpleData>
		<SimpleData name="AMBITO">MARICULTURA</SimpleData>
		<SimpleData name="TIPO_DEREC">CONCESION</SimpleData>
		<SimpleData name="CATEGORIA_">ACUICULTURA DE MICRO Y PEQUEÑA EMPRESA (AMYPE)</SimpleData>
		<SimpleData name="ESTADO">VIGENTE</SimpleData>
		<SimpleData name="DEPARTAMEN">PIURA</SimpleData>
		<SimpleData name="PROVINCIA">SECHURA</SimpleData>
		<SimpleData name="DISTRITO">SECHURA</SimpleData>
		<SimpleData name="ZONA">LOTE 88 - PARACHIQUE, BAHIA SECHURA</SimpleData>
		<SimpleData name="TIPO_COORD">UBICACIÓN RD</SimpleData>
		<SimpleData name="DATUM">WGS 84</SimpleData>
		<SimpleData name="LATITUD">PTO A 05°45'07.0557&quot; ,  PTO B 05°45'07.0557&quot; ,  PTO C 05°45'14.2092&quot; ,  PTO D 05°45'14.2092&quot;</SimpleData>
		<SimpleData name="LONGITUD">PTO A 80°54'09.1940&quot; ,  PTO B 80°53'44.1852&quot; ,  PTO C 80°53'47.4144&quot; ,  PTO D 80°54'09.1940&quot;</SimpleData>
		<SimpleData name="FLAG">1</SimpleData>
		<SimpleData name="Shape_STAr">0.00001291284</SimpleData>
		<SimpleData name="Shape_STLe">0.01716402376</SimpleData>
	</SchemaData></ExtendedData>
      <Polygon><outerBoundaryIs><LinearRing><coordinates>-80.8965039999999,-5.75394699999995 -80.902553889,-5.75394699999995 -80.902553889,-5.75195991699993 -80.895607,-5.75195991699993 -80.8965039999999,-5.75394699999995</coordinates></LinearRing></outerBoundaryIs></Polygon>
  </Placemark>
  <Placemark>
	<name>PESCADORES ARTESANALES ACUICOLAS ALEJANDRIA S.A.C.</name>
	<description>PESCADORES ARTESANALES ACUICOLAS ALEJANDRIA S.A.C.</description>
	<Style><LineStyle><color>ff0000ff</color></LineStyle><PolyStyle><fill>0</fill></PolyStyle></Style>
	<ExtendedData><SchemaData schemaUrl="#Areas_de_Derechos_Acuícolas">
		<SimpleData name="CODIGO">5562</SimpleData>
		<SimpleData name="RESOLUCION">R.D.R. Nº 703-2010-GOBIERNO REGIONAL PIURA-DIREPRO-DR</SimpleData>
		<SimpleData name="FECHA_EMIS">2010/12/30</SimpleData>
		<SimpleData name="FECHA_VIGE">2040/12/30</SimpleData>
		<SimpleData name="AREA_TOTAL">40.00000000</SimpleData>
		<SimpleData name="NRO_ZONA">1</SimpleData>
		<SimpleData name="AREA_ZONA_">40.00000000</SimpleData>
		<SimpleData name="ESPECIE">CONCHA DE ABANICO</SimpleData>
		<SimpleData name="AMBITO">MARICULTURA</SimpleData>
		<SimpleData name="TIPO_DEREC">CONCESION</SimpleData>
		<SimpleData name="CATEGORIA_">ACUICULTURA DE MEDIANA Y GRAN EMPRESA (AMYGE)</SimpleData>
		<SimpleData name="ESTADO">VIGENTE</SimpleData>
		<SimpleData name="DEPARTAMEN">PIURA</SimpleData>
		<SimpleData name="PROVINCIA">SECHURA</SimpleData>
		<SimpleData name="DISTRITO">SECHURA</SimpleData>
		<SimpleData name="ZONA">LOTE 125-B - VICHAYO</SimpleData>
		<SimpleData name="RESOLUCI_1">R.D. N° 028-2025-PRODUCE/DGA</SimpleData>
		<SimpleData name="FECHA_MODI">2025/09/19</SimpleData>
		<SimpleData name="TIPO_COORD">UBICACIÓN RD</SimpleData>
		<SimpleData name="DATUM">WGS 84</SimpleData>
		<SimpleData name="LATITUD">PTO A 05°48'14.4430&quot; ,  PTO B 05°48'14.4430&quot; ,  PTO C 05°48'29.0090&quot; ,  PTO D 05°48'29.0090&quot;</SimpleData>
		<SimpleData name="LONGITUD">PTO A 80°57'34.6520&quot; ,  PTO B 80°57'05.5690&quot; ,  PTO C 80°57'05.5690&quot; ,  PTO D 80°57'34.6520&quot;</SimpleData>
		<SimpleData name="FLAG">1</SimpleData>
		<SimpleData name="Shape_STAr">0.00003268696</SimpleData>
		<SimpleData name="Shape_STLe">0.02424944445</SimpleData>
	</SchemaData></ExtendedData>
      <Polygon><outerBoundaryIs><LinearRing><coordinates>-80.9515469439999,-5.8080580559999 -80.9596255559999,-5.8080580559999 -80.9596255559999,-5.80401194399996 -80.9515469439999,-5.80401194399996 -80.9515469439999,-5.8080580559999</coordinates></LinearRing></outerBoundaryIs></Polygon>
  </Placemark>
  <Placemark>
	<name>ASOCIACION DE PESCADORES ARTESANALES Y EXTRACTORES DE MARISCOS COMPAÑEROS DEL MAR</name>
	<description>ASOCIACION DE PESCADORES ARTESANALES Y EXTRACTORES DE MARISCOS COMPAÑEROS DEL MAR</description>
	<Style><LineStyle><color>ff0000ff</color></LineStyle><PolyStyle><fill>0</fill></PolyStyle></Style>
	<ExtendedData><SchemaData schemaUrl="#Areas_de_Derechos_Acuícolas">
		<SimpleData name="CODIGO">5653</SimpleData>
		<SimpleData name="RESOLUCION">R.D.R. Nº 144-2011-GOBIERNO REGIONAL PIURA-DIREPRO-DR</SimpleData>
		<SimpleData name="FECHA_EMIS">2011/04/08</SimpleData>
		<SimpleData name="FECHA_VIGE">2041/04/08</SimpleData>
		<SimpleData name="AREA_TOTAL">70.00000000</SimpleData>
		<SimpleData name="NRO_ZONA">1</SimpleData>
		<SimpleData name="AREA_ZONA_">69.94900000</SimpleData>
		<SimpleData name="ESPECIE">CONCHA DE ABANICO</SimpleData>
		<SimpleData name="AMBITO">MARICULTURA</SimpleData>
		<SimpleData name="TIPO_DEREC">CONCESION</SimpleData>
		<SimpleData name="CATEGORIA_">ACUICULTURA DE MEDIANA Y GRAN EMPRESA (AMYGE)</SimpleData>
		<SimpleData name="ESTADO">VIGENTE</SimpleData>
		<SimpleData name="DEPARTAMEN">PIURA</SimpleData>
		<SimpleData name="PROVINCIA">SECHURA</SimpleData>
		<SimpleData name="DISTRITO">SECHURA</SimpleData>
		<SimpleData name="ZONA">LOTE 96-A - BARRANCOS</SimpleData>
		<SimpleData name="RESOLUCI_1">R.D. N° 028-2025-PRODUCE/DGA</SimpleData>
		<SimpleData name="FECHA_MODI">2025/09/19</SimpleData>
		<SimpleData name="TIPO_COORD">UBICACIÓN RD</SimpleData>
		<SimpleData name="DATUM">WGS 84</SimpleData>
		<SimpleData name="LATITUD">PTO A 05°45'43.466&quot; ,  PTO B 05°45'43.466&quot; ,  PTO C 05°46'06.246&quot; ,  PTO D 05°46'06.246&quot;</SimpleData>
		<SimpleData name="LONGITUD">PTO A 80°58'17.291&quot; ,  PTO B 80°57'44.775&quot; ,  PTO C 80°57'44.775&quot; ,  PTO D 80°58'17.291&quot;</SimpleData>
		<SimpleData name="FLAG">1</SimpleData>
		<SimpleData name="Shape_STAr">0.00005715390</SimpleData>
		<SimpleData name="Shape_STLe">0.03072000000</SimpleData>
	</SchemaData></ExtendedData>
      <Polygon><outerBoundaryIs><LinearRing><coordinates>-80.9624375,-5.768401667 -80.9714697219999,-5.768401667 -80.9714697219999,-5.76207388899993 -80.9624375,-5.76207388899993 -80.9624375,-5.768401667</coordinates></LinearRing></outerBoundaryIs></Polygon>
  </Placemark>
  <Placemark>
	<name>ASOCIACION DE PESCADORES EXTRACTORES ARTESANALES HUAMACHUCO DE LA CALETA LA BOCANA</name>
	<description>ASOCIACION DE PESCADORES EXTRACTORES ARTESANALES HUAMACHUCO DE LA CALETA LA BOCANA</description>
	<Style><LineStyle><color>ff0000ff</color></LineStyle><PolyStyle><fill>0</fill></PolyStyle></Style>
	<ExtendedData><SchemaData schemaUrl="#Areas_de_Derechos_Acuícolas">
		<SimpleData name="CODIGO">5276</SimpleData>
		<SimpleData name="RESOLUCION">R.D.R. Nº 415-2010-GOBIERNO REGIONAL PIURA-DIREPRO-DR</SimpleData>
		<SimpleData name="FECHA_EMIS">2010/08/12</SimpleData>
		<SimpleData name="FECHA_VIGE">2040/08/12</SimpleData>
		<SimpleData name="AREA_TOTAL">100.00000000</SimpleData>
		<SimpleData name="NRO_ZONA">1</SimpleData>
		<SimpleData name="AREA_ZONA_">100.00000000</SimpleData>
		<SimpleData name="ESPECIE">CONCHA DE ABANICO</SimpleData>
		<SimpleData name="AMBITO">MARICULTURA</SimpleData>
		<SimpleData name="TIPO_DEREC">CONCESION</SimpleData>
		<SimpleData name="CATEGORIA_">ACUICULTURA DE MEDIANA Y GRAN EMPRESA (AMYGE)</SimpleData>
		<SimpleData name="ESTADO">VIGENTE</SimpleData>
		<SimpleData name="DEPARTAMEN">PIURA</SimpleData>
		<SimpleData name="PROVINCIA">SECHURA</SimpleData>
		<SimpleData name="DISTRITO">SECHURA</SimpleData>
		<SimpleData name="ZONA">LOTE 118 - BARRANCOS</SimpleData>
		<SimpleData name="RESOLUCI_1">R.D. N° 028-2025-PRODUCE/DGA</SimpleData>
		<SimpleData name="FECHA_MODI">2025/09/19</SimpleData>
		<SimpleData name="TIPO_COORD">UBICACIÓN RD</SimpleData>
		<SimpleData name="DATUM">WGS 84</SimpleData>
		<SimpleData name="LATITUD">PTO A 05°47'30.9260&quot; ,  PTO B 05°47'30.9260&quot; ,  PTO C 05°48'03.4930&quot; ,  PTO D 05°48'03.4930&quot;</SimpleData>
		<SimpleData name="LONGITUD">PTO A 80°55'54.2230&quot; ,  PTO B 80°55'21.7070&quot; ,  PTO C 80°55'21.7070&quot; ,  PTO D 80°55'54.2230&quot;</SimpleData>
		<SimpleData name="FLAG">1</SimpleData>
		<SimpleData name="Shape_STAr">0.00008170899</SimpleData>
		<SimpleData name="Shape_STLe">0.03615722222</SimpleData>
	</SchemaData></ExtendedData>
      <Polygon><outerBoundaryIs><LinearRing><coordinates>-80.922696389,-5.800970278 -80.931728611,-5.800970278 -80.931728611,-5.79192388899997 -80.922696389,-5.79192388899997 -80.922696389,-5.800970278</coordinates></LinearRing></outerBoundaryIs></Polygon>
  </Placemark>
  <Placemark>
	<name>ASOCIACION DE PESCADORES EXTRACTORES ARTESANALES LOBOS DEL MAR</name>
	<description>ASOCIACION DE PESCADORES EXTRACTORES ARTESANALES LOBOS DEL MAR</description>
	<Style><LineStyle><color>ff0000ff</color></LineStyle><PolyStyle><fill>0</fill></PolyStyle></Style>
	<ExtendedData><SchemaData schemaUrl="#Areas_de_Derechos_Acuícolas">
		<SimpleData name="CODIGO">5463</SimpleData>
		<SimpleData name="RESOLUCION">R.D.R. Nº 541-2010-GOBIERNO REGIONAL PIURA-DIREPRO-DR</SimpleData>
		<SimpleData name="FECHA_EMIS">2010/10/14</SimpleData>
		<SimpleData name="FECHA_VIGE">2040/10/14</SimpleData>
		<SimpleData name="AREA_TOTAL">40.00000000</SimpleData>
		<SimpleData name="NRO_ZONA">1</SimpleData>
		<SimpleData name="AREA_ZONA_">40.00000000</SimpleData>
		<SimpleData name="ESPECIE">CONCHA DE ABANICO</SimpleData>
		<SimpleData name="AMBITO">MARICULTURA</SimpleData>
		<SimpleData name="TIPO_DEREC">CONCESION</SimpleData>
		<SimpleData name="CATEGORIA_">ACUICULTURA DE MEDIANA Y GRAN EMPRESA (AMYGE)</SimpleData>
		<SimpleData name="ESTADO">VIGENTE</SimpleData>
		<SimpleData name="DEPARTAMEN">PIURA</SimpleData>
		<SimpleData name="PROVINCIA">SECHURA</SimpleData>
		<SimpleData name="DISTRITO">SECHURA</SimpleData>
		<SimpleData name="ZONA">LOTE 125-A - VICHAYO</SimpleData>
		<SimpleData name="RESOLUCI_1">R.D. N° 028-2025-PRODUCE/DGA</SimpleData>
		<SimpleData name="FECHA_MODI">2025/09/19</SimpleData>
		<SimpleData name="TIPO_COORD">UBICACIÓN RD</SimpleData>
		<SimpleData name="DATUM">WGS 84</SimpleData>
		<SimpleData name="LATITUD">PTO A 5°47'59.881&quot; ,  PTO B 5°47'59.881&quot; ,  PTO C 5°48'14.443&quot; ,  PTO D 5°48'14.443&quot;</SimpleData>
		<SimpleData name="LONGITUD">PTO A 80°57'34.652&quot; ,  PTO B 80°57'5.569&quot; ,  PTO C 80°57'5.569&quot; ,  PTO D 80°57'34.652&quot;</SimpleData>
		<SimpleData name="FLAG">1</SimpleData>
		<SimpleData name="Shape_STAr">0.00003267955</SimpleData>
		<SimpleData name="Shape_STLe">0.02424800000</SimpleData>
	</SchemaData></ExtendedData>
      <Polygon><outerBoundaryIs><LinearRing><coordinates>-80.951546,-5.80401099999997 -80.959625,-5.80401099999997 -80.959625,-5.79996599999995 -80.951546,-5.79996599999995 -80.951546,-5.80401099999997</coordinates></LinearRing></outerBoundaryIs></Polygon>
  </Placemark>
  <Placemark>
	<name>PESCADORES ARTESANALES EXTRACTORES RICO CHIMBOTE SOCIEDAD ANONIMA CERRADA</name>
	<description>PESCADORES ARTESANALES EXTRACTORES RICO CHIMBOTE SOCIEDAD ANONIMA CERRADA</description>
	<Style><LineStyle><color>ff0000ff</color></LineStyle><PolyStyle><fill>0</fill></PolyStyle></Style>
	<ExtendedData><SchemaData schemaUrl="#Areas_de_Derechos_Acuícolas">
		<SimpleData name="CODIGO">5359</SimpleData>
		<SimpleData name="RESOLUCION">R.D.R. Nº 511-2010-GOBIERNO REGIONAL PIURA-DIREPRO-DR</SimpleData>
		<SimpleData name="FECHA_EMIS">2010/09/27</SimpleData>
		<SimpleData name="FECHA_VIGE">2040/09/27</SimpleData>
		<SimpleData name="AREA_TOTAL">50.00000000</SimpleData>
		<SimpleData name="NRO_ZONA">1</SimpleData>
		<SimpleData name="AREA_ZONA_">50.00000000</SimpleData>
		<SimpleData name="ESPECIE">CONCHA DE ABANICO</SimpleData>
		<SimpleData name="AMBITO">MARICULTURA</SimpleData>
		<SimpleData name="TIPO_DEREC">CONCESION</SimpleData>
		<SimpleData name="CATEGORIA_">ACUICULTURA DE MEDIANA Y GRAN EMPRESA (AMYGE)</SimpleData>
		<SimpleData name="ESTADO">VIGENTE</SimpleData>
		<SimpleData name="DEPARTAMEN">PIURA</SimpleData>
		<SimpleData name="PROVINCIA">SECHURA</SimpleData>
		<SimpleData name="DISTRITO">SECHURA</SimpleData>
		<SimpleData name="ZONA">LOTE 123-B - VICHAYO</SimpleData>
		<SimpleData name="RESOLUCI_1">R.D. N° 028-2025-PRODUCE/DGA</SimpleData>
		<SimpleData name="FECHA_MODI">2025/09/19</SimpleData>
		<SimpleData name="TIPO_COORD">UBICACIÓN RD</SimpleData>
		<SimpleData name="DATUM">WGS 84</SimpleData>
		<SimpleData name="LATITUD">PTO A 05°48'06.750&quot; ,  PTO B 05°48'06.750&quot; ,  PTO C 05°48'39.3156&quot; ,  PTO D 05°48'39.3156&quot;</SimpleData>
		<SimpleData name="LONGITUD">PTO A 80°56'13.7112&quot; ,  PTO B 80°55'57.4752&quot; ,  PTO C 80°55'57.4752&quot; ,  PTO D 80°56'13.7112&quot;</SimpleData>
		<SimpleData name="FLAG">1</SimpleData>
		<SimpleData name="Shape_STAr">0.00004079746</SimpleData>
		<SimpleData name="Shape_STLe">0.02711200000</SimpleData>
	</SchemaData></ExtendedData>
      <Polygon><outerBoundaryIs><LinearRing><coordinates>-80.9371419999999,-5.81092099999999 -80.9371419999999,-5.8018749999999 -80.932632,-5.8018749999999 -80.932632,-5.81092099999999 -80.9371419999999,-5.81092099999999</coordinates></LinearRing></outerBoundaryIs></Polygon>
  </Placemark>
  <Placemark>
	<name>PESCADORES Y EXTRACTORES ARTESANALES SAN FRANCISCO DE ASIS-SECHURA S.A.C.</name>
	<description>PESCADORES Y EXTRACTORES ARTESANALES SAN FRANCISCO DE ASIS-SECHURA S.A.C.</description>
	<Style><LineStyle><color>ff0000ff</color></LineStyle><PolyStyle><fill>0</fill></PolyStyle></Style>
	<ExtendedData><SchemaData schemaUrl="#Areas_de_Derechos_Acuícolas">
		<SimpleData name="CODIGO">5607</SimpleData>
		<SimpleData name="RESOLUCION">R.D.R. Nº 004-2011-GOBIERNO REGIONAL PIURA-DIREPRO-DR</SimpleData>
		<SimpleData name="FECHA_EMIS">2011/01/12</SimpleData>
		<SimpleData name="FECHA_VIGE">2041/01/12</SimpleData>
		<SimpleData name="AREA_TOTAL">75.00000000</SimpleData>
		<SimpleData name="NRO_ZONA">1</SimpleData>
		<SimpleData name="AREA_ZONA_">75.00000000</SimpleData>
		<SimpleData name="ESPECIE">CONCHA DE ABANICO</SimpleData>
		<SimpleData name="AMBITO">MARICULTURA</SimpleData>
		<SimpleData name="TIPO_DEREC">CONCESION</SimpleData>
		<SimpleData name="CATEGORIA_">ACUICULTURA DE MEDIANA Y GRAN EMPRESA (AMYGE)</SimpleData>
		<SimpleData name="ESTADO">VIGENTE</SimpleData>
		<SimpleData name="DEPARTAMEN">PIURA</SimpleData>
		<SimpleData name="PROVINCIA">SECHURA</SimpleData>
		<SimpleData name="DISTRITO">SECHURA</SimpleData>
		<SimpleData name="ZONA">LOTE 95-B - BARRANCOS, BAHIA SECHURA</SimpleData>
		<SimpleData name="RESOLUCI_1">R.D. N° 028-2025-PRODUCE/DGA</SimpleData>
		<SimpleData name="FECHA_MODI">2025/09/19</SimpleData>
		<SimpleData name="TIPO_COORD">UBICACIÓN RD</SimpleData>
		<SimpleData name="DATUM">WGS 84</SimpleData>
		<SimpleData name="LATITUD">PTO A 05°45'43.4660&quot; ,  PTO B 05°45'43.4660&quot; ,  PTO C 05°46'16.0330&quot; ,  PTO D 05°46'16.0330&quot;</SimpleData>
		<SimpleData name="LONGITUD">PTO A 80°57'33.4220&quot; ,  PTO B 80°57'09.0080&quot; ,  PTO C 80°57'09.0080&quot; ,  PTO D 80°57'33.4220&quot;</SimpleData>
		<SimpleData name="FLAG">1</SimpleData>
		<SimpleData name="Shape_STAr">0.00006134959</SimpleData>
		<SimpleData name="Shape_STLe">0.03165611111</SimpleData>
	</SchemaData></ExtendedData>
      <Polygon><outerBoundaryIs><LinearRing><coordinates>-80.959283889,-5.77112027799996 -80.959283889,-5.76207388899993 -80.9525022219999,-5.76207388899993 -80.9525022219999,-5.77112027799996 -80.959283889,-5.77112027799996</coordinates></LinearRing></outerBoundaryIs></Polygon>
  </Placemark>
  <Placemark>
	<name>ASEMYPA HERMANOS CHUNGA ANTON S.A.C.</name>
	<description>ASEMYPA HERMANOS CHUNGA ANTON S.A.C.</description>
	<Style><LineStyle><color>ff0000ff</color></LineStyle><PolyStyle><fill>0</fill></PolyStyle></Style>
	<ExtendedData><SchemaData schemaUrl="#Areas_de_Derechos_Acuícolas">
		<SimpleData name="CODIGO">5349</SimpleData>
		<SimpleData name="RESOLUCION">R.D.R. Nº 487-2010-GOBIERNO REGIONAL PIURA-DIREPRO-DR</SimpleData>
		<SimpleData name="FECHA_EMIS">2010/09/10</SimpleData>
		<SimpleData name="FECHA_VIGE">2040/09/10</SimpleData>
		<SimpleData name="AREA_TOTAL">50.00000000</SimpleData>
		<SimpleData name="NRO_ZONA">1</SimpleData>
		<SimpleData name="AREA_ZONA_">50.00000000</SimpleData>
		<SimpleData name="ESPECIE">CONCHA DE ABANICO</SimpleData>
		<SimpleData name="AMBITO">MARICULTURA</SimpleData>
		<SimpleData name="TIPO_DEREC">CONCESION</SimpleData>
		<SimpleData name="CATEGORIA_">ACUICULTURA DE MEDIANA Y GRAN EMPRESA (AMYGE)</SimpleData>
		<SimpleData name="ESTADO">VIGENTE</SimpleData>
		<SimpleData name="DEPARTAMEN">PIURA</SimpleData>
		<SimpleData name="PROVINCIA">SECHURA</SimpleData>
		<SimpleData name="DISTRITO">SECHURA</SimpleData>
		<SimpleData name="ZONA">LOTE 123-A - VICHAYO</SimpleData>
		<SimpleData name="RESOLUCI_1">R.D. N° 029-2025-PRODUCE/DGA</SimpleData>
		<SimpleData name="FECHA_MODI">2025/09/19</SimpleData>
		<SimpleData name="TIPO_COORD">UBICACIÓN RD</SimpleData>
		<SimpleData name="DATUM">WGS 84</SimpleData>
		<SimpleData name="LATITUD">PTO A 05°48'06.750&quot; ,  PTO B 05°48'06.750&quot; ,  PTO C 05°48'39.3156&quot; ,  PTO D 05°48'39.3156&quot;</SimpleData>
		<SimpleData name="LONGITUD">PTO A 80°56'29.9904&quot; ,  PTO B 80°56'13.7112&quot; ,  PTO C 80°56'13.7112&quot; ,  PTO D 80°56'29.9904&quot;</SimpleData>
		<SimpleData name="FLAG">1</SimpleData>
		<SimpleData name="Shape_STAr">0.00004090601</SimpleData>
		<SimpleData name="Shape_STLe">0.02713600000</SimpleData>
	</SchemaData></ExtendedData>
      <Polygon><outerBoundaryIs><LinearRing><coordinates>-80.9371419999999,-5.81092099999999 -80.941664,-5.81092099999999 -80.941664,-5.8018749999999 -80.9371419999999,-5.8018749999999 -80.9371419999999,-5.81092099999999</coordinates></LinearRing></outerBoundaryIs></Polygon>
  </Placemark>
  <Placemark>
	<name>MARISQUEROS ARTESANALES MERCEDITAS DE SECHURA S.A.C.</name>
	<description>MARISQUEROS ARTESANALES MERCEDITAS DE SECHURA S.A.C.</description>
	<Style><LineStyle><color>ff0000ff</color></LineStyle><PolyStyle><fill>0</fill></PolyStyle></Style>
	<ExtendedData><SchemaData schemaUrl="#Areas_de_Derechos_Acuícolas">
		<SimpleData name="CODIGO">5890</SimpleData>
		<SimpleData name="RESOLUCION">R.D.R. Nº 023-2012-GOBIERNO REGIONAL PIURA-DIREPRO-DR</SimpleData>
		<SimpleData name="FECHA_EMIS">2012/01/11</SimpleData>
		<SimpleData name="FECHA_VIGE">2042/01/11</SimpleData>
		<SimpleData name="AREA_TOTAL">70.00000000</SimpleData>
		<SimpleData name="NRO_ZONA">1</SimpleData>
		<SimpleData name="AREA_ZONA_">70.00000000</SimpleData>
		<SimpleData name="ESPECIE">CONCHA DE ABANICO</SimpleData>
		<SimpleData name="AMBITO">MARICULTURA</SimpleData>
		<SimpleData name="TIPO_DEREC">CONCESION</SimpleData>
		<SimpleData name="CATEGORIA_">ACUICULTURA DE MEDIANA Y GRAN EMPRESA (AMYGE)</SimpleData>
		<SimpleData name="ESTADO">VIGENTE</SimpleData>
		<SimpleData name="DEPARTAMEN">PIURA</SimpleData>
		<SimpleData name="PROVINCIA">SECHURA</SimpleData>
		<SimpleData name="DISTRITO">SECHURA</SimpleData>
		<SimpleData name="ZONA">LOTE 94-A - BARRANCOS</SimpleData>
		<SimpleData name="RESOLUCI_1">R.D. N° 029-2025-PRODUCE/DGA</SimpleData>
		<SimpleData name="FECHA_MODI">2025/09/19</SimpleData>
		<SimpleData name="TIPO_COORD">UBICACIÓN RD</SimpleData>
		<SimpleData name="DATUM">WGS 84</SimpleData>
		<SimpleData name="LATITUD">PTO A 5°45'43.466&quot; ,  PTO B 5°45'43.466&quot; ,  PTO C 5°46'6.280&quot; ,  PTO D 5°46'6.285&quot;</SimpleData>
		<SimpleData name="LONGITUD">PTO A 80°57'5.756&quot; ,  PTO B 80°56'33.241&quot; ,  PTO C 80°56'33.257&quot; ,  PTO D 80°57'5.734&quot;</SimpleData>
		<SimpleData name="FLAG">1</SimpleData>
		<SimpleData name="Shape_STAr">0.00005721447</SimpleData>
		<SimpleData name="Shape_STLe">0.03073000487</SimpleData>
	</SchemaData></ExtendedData>
      <Polygon><outerBoundaryIs><LinearRing><coordinates>-80.942571,-5.76841099999997 -80.9515919999999,-5.76841199999996 -80.951598,-5.76207299999994 -80.9425659999999,-5.76207299999994 -80.942571,-5.76841099999997</coordinates></LinearRing></outerBoundaryIs></Polygon>
  </Placemark>
  <Placemark>
	<name>ASOCIACION DE PESCADORES ARTESANALES BUZO EXTRACTORES DE MARISCOS &quot;MARVIAR&quot; DE LA BOCANA-PARACHIQUE</name>
	<description>ASOCIACION DE PESCADORES ARTESANALES BUZO EXTRACTORES DE MARISCOS &quot;MARVIAR&quot; DE LA BOCANA-PARACHIQUE</description>
	<Style><LineStyle><color>ff0000ff</color></LineStyle><PolyStyle><fill>0</fill></PolyStyle></Style>
	<ExtendedData><SchemaData schemaUrl="#Areas_de_Derechos_Acuícolas">
		<SimpleData name="CODIGO">5452</SimpleData>
		<SimpleData name="RESOLUCION">R.D.R. Nº 531-2010-GOBIERNO REGIONAL PIURA-DIREPRO-DR</SimpleData>
		<SimpleData name="FECHA_EMIS">2010/10/14</SimpleData>
		<SimpleData name="FECHA_VIGE">2040/10/14</SimpleData>
		<SimpleData name="AREA_TOTAL">48.00000000</SimpleData>
		<SimpleData name="NRO_ZONA">1</SimpleData>
		<SimpleData name="AREA_ZONA_">48.00000000</SimpleData>
		<SimpleData name="ESPECIE">CONCHA DE ABANICO</SimpleData>
		<SimpleData name="AMBITO">MARICULTURA</SimpleData>
		<SimpleData name="TIPO_DEREC">CONCESION</SimpleData>
		<SimpleData name="CATEGORIA_">ACUICULTURA DE MEDIANA Y GRAN EMPRESA (AMYGE)</SimpleData>
		<SimpleData name="ESTADO">VIGENTE</SimpleData>
		<SimpleData name="DEPARTAMEN">PIURA</SimpleData>
		<SimpleData name="PROVINCIA">SECHURA</SimpleData>
		<SimpleData name="DISTRITO">SECHURA</SimpleData>
		<SimpleData name="ZONA">LOTE 62-A - LAS DELICIAS</SimpleData>
		<SimpleData name="RESOLUCI_1">R.D. N° 029-2025-PRODUCE/DGA</SimpleData>
		<SimpleData name="FECHA_MODI">2025/09/19</SimpleData>
		<SimpleData name="TIPO_COORD">UBICACIÓN RD</SimpleData>
		<SimpleData name="DATUM">WGS 84</SimpleData>
		<SimpleData name="LATITUD">PTO A 05°42'48.4960&quot; ,  PTO B 05°42'48.4960&quot; ,  PTO C 05°43'17.6240&quot; ,  PTO D 05°43'17.6240&quot;</SimpleData>
		<SimpleData name="LONGITUD">PTO A 80°54'41.5240&quot; ,  PTO B 80°54'24.0910&quot; ,  PTO C 80°54'24.0910&quot; ,  PTO D 80°54'41.5240&quot;</SimpleData>
		<SimpleData name="FLAG">1</SimpleData>
		<SimpleData name="Shape_STAr">0.00003918121</SimpleData>
		<SimpleData name="Shape_STLe">0.02586722222</SimpleData>
	</SchemaData></ExtendedData>
      <Polygon><outerBoundaryIs><LinearRing><coordinates>-80.906691944,-5.72156222199996 -80.911534444,-5.72156222199996 -80.911534444,-5.71347111099992 -80.906691944,-5.71347111099992 -80.906691944,-5.72156222199996</coordinates></LinearRing></outerBoundaryIs></Polygon>
  </Placemark>
  <Placemark>
	<name>ASOCIACION DE PESCADORES EXTRACTORES ARTESANALES VICHAYO LAYQUE - APEA VICHAYO LAYQUE</name>
	<description>ASOCIACION DE PESCADORES EXTRACTORES ARTESANALES VICHAYO LAYQUE - APEA VICHAYO LAYQUE</description>
	<Style><LineStyle><color>ff0000ff</color></LineStyle><PolyStyle><fill>0</fill></PolyStyle></Style>
	<ExtendedData><SchemaData schemaUrl="#Areas_de_Derechos_Acuícolas">
		<SimpleData name="CODIGO">5481</SimpleData>
		<SimpleData name="RESOLUCION">R.D.R. Nº 557-2010-GOBIERNO REGIONAL PIURA-DIREPRO-DR</SimpleData>
		<SimpleData name="FECHA_EMIS">2010/10/20</SimpleData>
		<SimpleData name="FECHA_VIGE">2040/10/20</SimpleData>
		<SimpleData name="AREA_TOTAL">38.84000000</SimpleData>
		<SimpleData name="NRO_ZONA">1</SimpleData>
		<SimpleData name="AREA_ZONA_">38.84000000</SimpleData>
		<SimpleData name="ESPECIE">CONCHA DE ABANICO</SimpleData>
		<SimpleData name="AMBITO">MARICULTURA</SimpleData>
		<SimpleData name="TIPO_DEREC">CONCESION</SimpleData>
		<SimpleData name="CATEGORIA_">ACUICULTURA DE MEDIANA Y GRAN EMPRESA (AMYGE)</SimpleData>
		<SimpleData name="ESTADO">VIGENTE</SimpleData>
		<SimpleData name="DEPARTAMEN">PIURA</SimpleData>
		<SimpleData name="PROVINCIA">SECHURA</SimpleData>
		<SimpleData name="DISTRITO">SECHURA</SimpleData>
		<SimpleData name="ZONA">LOTE 135-A - VICHAYO, BAHIA SECHURA</SimpleData>
		<SimpleData name="RESOLUCI_1">R.D. N° 029-2025-PRODUCE/DGA</SimpleData>
		<SimpleData name="FECHA_MODI">2025/09/19</SimpleData>
		<SimpleData name="TIPO_COORD">UBICACIÓN RD</SimpleData>
		<SimpleData name="DATUM">WGS 84</SimpleData>
		<SimpleData name="LATITUD">PTO A 05°49'04.6500&quot; ,  PTO B 05°49'04.6500&quot; ,  PTO C 05°49'18.7900&quot; ,  PTO D 05°49'18.7900&quot;</SimpleData>
		<SimpleData name="LONGITUD">PTO A 80°57'34.6520&quot; ,  PTO B 80°57'05.5690&quot; ,  PTO C 80°57'05.5690&quot; ,  PTO D 80°57'34.6520&quot;</SimpleData>
		<SimpleData name="FLAG">1</SimpleData>
		<SimpleData name="Shape_STAr">0.00003173099</SimpleData>
		<SimpleData name="Shape_STLe">0.02401277778</SimpleData>
	</SchemaData></ExtendedData>
      <Polygon><outerBoundaryIs><LinearRing><coordinates>-80.9515469439999,-5.82188611099997 -80.9596255559999,-5.82188611099997 -80.9596255559999,-5.81795833299997 -80.9515469439999,-5.81795833299997 -80.9515469439999,-5.82188611099997</coordinates></LinearRing></outerBoundaryIs></Polygon>
  </Placemark>
  <Placemark>
	<name>ASOCIACION DE PESCADORES ARTESANALES Y ACUICULTORES VIRGEN DE FATIMA - SECHURA</name>
	<description>ASOCIACION DE PESCADORES ARTESANALES Y ACUICULTORES VIRGEN DE FATIMA - SECHURA</description>
	<Style><LineStyle><color>ff0000ff</color></LineStyle><PolyStyle><fill>0</fill></PolyStyle></Style>
	<ExtendedData><SchemaData schemaUrl="#Areas_de_Derechos_Acuícolas">
		<SimpleData name="CODIGO">7217</SimpleData>
		<SimpleData name="RESOLUCION">R.D.R. Nº  050-2015-GOBIERNO REGIONAL PIURA-DRP-DR</SimpleData>
		<SimpleData name="FECHA_EMIS">2015/04/28</SimpleData>
		<SimpleData name="FECHA_VIGE">2045/04/28</SimpleData>
		<SimpleData name="AREA_TOTAL">30.70000000</SimpleData>
		<SimpleData name="NRO_ZONA">1</SimpleData>
		<SimpleData name="AREA_ZONA_">30.70000000</SimpleData>
		<SimpleData name="ESPECIE">CONCHA DE ABANICO</SimpleData>
		<SimpleData name="AMBITO">MARICULTURA</SimpleData>
		<SimpleData name="TIPO_DEREC">CONCESION</SimpleData>
		<SimpleData name="CATEGORIA_">ACUICULTURA DE MEDIANA Y GRAN EMPRESA (AMYGE)</SimpleData>
		<SimpleData name="ESTADO">VIGENTE</SimpleData>
		<SimpleData name="DEPARTAMEN">PIURA</SimpleData>
		<SimpleData name="PROVINCIA">SECHURA</SimpleData>
		<SimpleData name="DISTRITO">SECHURA</SimpleData>
		<SimpleData name="ZONA">LOTE 04 - PUERTO RICO - BAHIA DE SECHURA</SimpleData>
		<SimpleData name="RESOLUCI_1">R.D. N° 029-2025-PRODUCE/DGA</SimpleData>
		<SimpleData name="FECHA_MODI">2025/09/19</SimpleData>
		<SimpleData name="TIPO_COORD">UBICACIÓN RD</SimpleData>
		<SimpleData name="DATUM">WGS 84</SimpleData>
		<SimpleData name="LATITUD">PTO A 05°48'05.2850&quot; ,  PTO B 05°47'48.2800&quot; ,  PTO C 05°48'07.2410&quot; ,  PTO D 05°48'07.2410&quot;</SimpleData>
		<SimpleData name="LONGITUD">PTO A 80°59'55.9340&quot; ,  PTO B 80°59'24.8500&quot; ,  PTO C 80°59'24.8500&quot; ,  PTO D 80°59'55.9340&quot;</SimpleData>
		<SimpleData name="FLAG">1</SimpleData>
		<SimpleData name="Shape_STAr">0.00002508426</SimpleData>
		<SimpleData name="Shape_STLe">0.02428678160</SimpleData>
	</SchemaData></ExtendedData>
      <Polygon><outerBoundaryIs><LinearRing><coordinates>-80.9902361109999,-5.80201138899999 -80.998870556,-5.80201138899999 -80.998870556,-5.80146805599998 -80.9902361109999,-5.79674444399994 -80.9902361109999,-5.80201138899999</coordinates></LinearRing></outerBoundaryIs></Polygon>
  </Placemark>
  <Placemark>
	<name>ASOCIACION DE PESCADORES ARTESANALES Y EXTRACTORES DE MARISCOS LUCIMAR - SECHURA</name>
	<description>ASOCIACION DE PESCADORES ARTESANALES Y EXTRACTORES DE MARISCOS LUCIMAR - SECHURA</description>
	<Style><LineStyle><color>ff0000ff</color></LineStyle><PolyStyle><fill>0</fill></PolyStyle></Style>
	<ExtendedData><SchemaData schemaUrl="#Areas_de_Derechos_Acuícolas">
		<SimpleData name="CODIGO">5343</SimpleData>
		<SimpleData name="RESOLUCION">R.D.R. Nº 452-2010-GOBIERNO REGIONAL PIURA-DIREPRO-DR</SimpleData>
		<SimpleData name="FECHA_EMIS">2010/09/03</SimpleData>
		<SimpleData name="FECHA_VIGE">2040/09/03</SimpleData>
		<SimpleData name="AREA_TOTAL">26.09000000</SimpleData>
		<SimpleData name="NRO_ZONA">1</SimpleData>
		<SimpleData name="AREA_ZONA_">26.09000000</SimpleData>
		<SimpleData name="ESPECIE">CONCHA DE ABANICO</SimpleData>
		<SimpleData name="AMBITO">MARICULTURA</SimpleData>
		<SimpleData name="TIPO_DEREC">CONCESION</SimpleData>
		<SimpleData name="CATEGORIA_">ACUICULTURA DE MEDIANA Y GRAN EMPRESA (AMYGE)</SimpleData>
		<SimpleData name="ESTADO">VIGENTE</SimpleData>
		<SimpleData name="DEPARTAMEN">PIURA</SimpleData>
		<SimpleData name="PROVINCIA">SECHURA</SimpleData>
		<SimpleData name="DISTRITO">SECHURA</SimpleData>
		<SimpleData name="ZONA">LOTE 137, VICHAYO - BAHIA DE SECHURA</SimpleData>
		<SimpleData name="RESOLUCI_1">R.D. N° 029-2025-PRODUCE/DGA</SimpleData>
		<SimpleData name="FECHA_MODI">2025/09/19</SimpleData>
		<SimpleData name="TIPO_COORD">UBICACIÓN RD</SimpleData>
		<SimpleData name="DATUM">WGS 84</SimpleData>
		<SimpleData name="LATITUD">PTO A 05°49'04.6500&quot; ,  PTO B 05°49'04.6500&quot; ,  PTO C 05°49'18.6790&quot; ,  PTO D 05°49'09.6190&quot;</SimpleData>
		<SimpleData name="LONGITUD">PTO A 80°58'39.3190&quot; ,  PTO B 80°58'10.2360&quot; ,  PTO C 80°58'10.2360&quot; ,  PTO D 80°58'39.3190&quot;</SimpleData>
		<SimpleData name="FLAG">1</SimpleData>
		<SimpleData name="Shape_STAr">0.00002131631</SimpleData>
		<SimpleData name="Shape_STLe">0.02181736798</SimpleData>
	</SchemaData></ExtendedData>
      <Polygon><outerBoundaryIs><LinearRing><coordinates>-80.9695099999999,-5.81795833299997 -80.9695099999999,-5.82185527799991 -80.977588611,-5.81933861099995 -80.977588611,-5.81795833299997 -80.9695099999999,-5.81795833299997</coordinates></LinearRing></outerBoundaryIs></Polygon>
  </Placemark>
  <Placemark>
	<name>ASOCIACION DE PESCADORES ARTESANALES ACUICULTORES MARADONA EXPORT</name>
	<description>ASOCIACION DE PESCADORES ARTESANALES ACUICULTORES MARADONA EXPORT</description>
	<Style><LineStyle><color>ff0000ff</color></LineStyle><PolyStyle><fill>0</fill></PolyStyle></Style>
	<ExtendedData><SchemaData schemaUrl="#Areas_de_Derechos_Acuícolas">
		<SimpleData name="CODIGO">5277</SimpleData>
		<SimpleData name="RESOLUCION">R.D.R. Nº 416-2010-GOBIERNO REGIONAL PIURA-DIREPRO-DR</SimpleData>
		<SimpleData name="FECHA_EMIS">2010/08/12</SimpleData>
		<SimpleData name="FECHA_VIGE">2040/08/12</SimpleData>
		<SimpleData name="AREA_TOTAL">72.61000000</SimpleData>
		<SimpleData name="NRO_ZONA">1</SimpleData>
		<SimpleData name="AREA_ZONA_">72.61000000</SimpleData>
		<SimpleData name="ESPECIE">CONCHA DE ABANICO</SimpleData>
		<SimpleData name="AMBITO">MARICULTURA</SimpleData>
		<SimpleData name="TIPO_DEREC">CONCESION</SimpleData>
		<SimpleData name="CATEGORIA_">ACUICULTURA DE MEDIANA Y GRAN EMPRESA (AMYGE)</SimpleData>
		<SimpleData name="ESTADO">VIGENTE</SimpleData>
		<SimpleData name="DEPARTAMEN">PIURA</SimpleData>
		<SimpleData name="PROVINCIA">SECHURA</SimpleData>
		<SimpleData name="DISTRITO">SECHURA</SimpleData>
		<SimpleData name="ZONA">LOTE 47 - CONSTANTE</SimpleData>
		<SimpleData name="RESOLUCI_1">R.D. N° 029-2025-PRODUCE/DGA</SimpleData>
		<SimpleData name="FECHA_MODI">2025/09/19</SimpleData>
		<SimpleData name="TIPO_COORD">UBICACIÓN RD</SimpleData>
		<SimpleData name="DATUM">WGS 84</SimpleData>
		<SimpleData name="LATITUD">PTO A 05°40'54.8990&quot; ,  PTO B 05°40'54.8990&quot; ,  PTO C 05°41'24.0270&quot; ,  PTO D 05°41'24.0270&quot;</SimpleData>
		<SimpleData name="LONGITUD">PTO A 80°55'41.0280&quot; ,  PTO B 80°55'16.7910&quot; ,  PTO C 80°55'16.7910&quot; ,  PTO D 80°55'45.3440&quot;</SimpleData>
		<SimpleData name="FLAG">1</SimpleData>
		<SimpleData name="Shape_STAr">0.00005932358</SimpleData>
		<SimpleData name="Shape_STLe">0.03093445069</SimpleData>
	</SchemaData></ExtendedData>
      <Polygon><outerBoundaryIs><LinearRing><coordinates>-80.921330833,-5.6900075 -80.9292622219999,-5.6900075 -80.928063333,-5.68191638899996 -80.921330833,-5.68191638899996 -80.921330833,-5.6900075</coordinates></LinearRing></outerBoundaryIs></Polygon>
  </Placemark>
  <Placemark>
	<name>NOR PARACHIQUE S.A.C</name>
	<description>NOR PARACHIQUE S.A.C</description>
	<Style><LineStyle><color>ff0000ff</color></LineStyle><PolyStyle><fill>0</fill></PolyStyle></Style>
	<ExtendedData><SchemaData schemaUrl="#Areas_de_Derechos_Acuícolas">
		<SimpleData name="CODIGO">5355</SimpleData>
		<SimpleData name="RESOLUCION">R.D.R. Nº 493-2010-GOBIERNO REGIONAL PIURA-DIREPRO-DR</SimpleData>
		<SimpleData name="FECHA_EMIS">2010/09/10</SimpleData>
		<SimpleData name="FECHA_VIGE">2040/09/10</SimpleData>
		<SimpleData name="AREA_TOTAL">80.00000000</SimpleData>
		<SimpleData name="NRO_ZONA">1</SimpleData>
		<SimpleData name="AREA_ZONA_">80.00000000</SimpleData>
		<SimpleData name="ESPECIE">CONCHA DE ABANICO</SimpleData>
		<SimpleData name="AMBITO">MARICULTURA</SimpleData>
		<SimpleData name="TIPO_DEREC">CONCESION</SimpleData>
		<SimpleData name="CATEGORIA_">ACUICULTURA DE MEDIANA Y GRAN EMPRESA (AMYGE)</SimpleData>
		<SimpleData name="ESTADO">VIGENTE</SimpleData>
		<SimpleData name="DEPARTAMEN">PIURA</SimpleData>
		<SimpleData name="PROVINCIA">SECHURA</SimpleData>
		<SimpleData name="DISTRITO">SECHURA</SimpleData>
		<SimpleData name="ZONA">LOTE 63 - LAS DELICIAS</SimpleData>
		<SimpleData name="RESOLUCI_1">R.D. N° 032-2025-PRODUCE/DGA</SimpleData>
		<SimpleData name="FECHA_MODI">2025/10/22</SimpleData>
		<SimpleData name="TIPO_COORD">UBICACIÓN RD</SimpleData>
		<SimpleData name="DATUM">WGS 84</SimpleData>
		<SimpleData name="LATITUD">PTO A 05°42'48.4960&quot; ,  PTO B 05°42'48.4960&quot; ,  PTO C 05°43'17.6240&quot; ,  PTO D 05°43'17.6240&quot;</SimpleData>
		<SimpleData name="LONGITUD">PTO A 80°54'09.1940&quot; ,  PTO B 80°53'40.1150&quot; ,  PTO C 80°53'40.1150&quot; ,  PTO D 80°54'09.1940&quot;</SimpleData>
		<SimpleData name="FLAG">1</SimpleData>
		<SimpleData name="Shape_STAr">0.00006535595</SimpleData>
		<SimpleData name="Shape_STLe">0.03233722222</SimpleData>
	</SchemaData></ExtendedData>
      <Polygon><outerBoundaryIs><LinearRing><coordinates>-80.894476389,-5.72156222199996 -80.902553889,-5.72156222199996 -80.902553889,-5.71347111099992 -80.894476389,-5.71347111099992 -80.894476389,-5.72156222199996</coordinates></LinearRing></outerBoundaryIs></Polygon>
  </Placemark>
  <Placemark>
	<name>ASOCIACION DE PESCADORES ARTESANALES, EXTRACTORES DE MARISCOS PAZYAR</name>
	<description>ASOCIACION DE PESCADORES ARTESANALES, EXTRACTORES DE MARISCOS PAZYAR</description>
	<Style><LineStyle><color>ff0000ff</color></LineStyle><PolyStyle><fill>0</fill></PolyStyle></Style>
	<ExtendedData><SchemaData schemaUrl="#Areas_de_Derechos_Acuícolas">
		<SimpleData name="CODIGO">6616</SimpleData>
		<SimpleData name="RESOLUCION">R.D.R. Nº 222-2014-GOBIERNO REGIONAL PIURA-DRP-DR</SimpleData>
		<SimpleData name="FECHA_EMIS">2014/08/06</SimpleData>
		<SimpleData name="FECHA_VIGE">2044/08/06</SimpleData>
		<SimpleData name="AREA_TOTAL">30.70000000</SimpleData>
		<SimpleData name="NRO_ZONA">1</SimpleData>
		<SimpleData name="AREA_ZONA_">30.70000000</SimpleData>
		<SimpleData name="ESPECIE">CONCHA DE ABANICO</SimpleData>
		<SimpleData name="AMBITO">MARICULTURA</SimpleData>
		<SimpleData name="TIPO_DEREC">CONCESION</SimpleData>
		<SimpleData name="CATEGORIA_">ACUICULTURA DE MICRO Y PEQUEÑA EMPRESA (AMYPE)</SimpleData>
		<SimpleData name="ESTADO">VIGENTE</SimpleData>
		<SimpleData name="DEPARTAMEN">PIURA</SimpleData>
		<SimpleData name="PROVINCIA">SECHURA</SimpleData>
		<SimpleData name="DISTRITO">SECHURA</SimpleData>
		<SimpleData name="ZONA">LOTE 05 - PUERTO RICO - BAYOVAR, BAHIA SECHURA</SimpleData>
		<SimpleData name="RESOLUCI_1">R.D.R. Nº 029-2021-GOBIERNO REGIONAL PIURA-DRP-DR</SimpleData>
		<SimpleData name="FECHA_MODI">2021/02/16</SimpleData>
		<SimpleData name="TIPO_COORD">UBICACIÓN RD</SimpleData>
		<SimpleData name="DATUM">WGS 84</SimpleData>
		<SimpleData name="LATITUD">PTO A 05°47'45.6680&quot; ,  PTO B 05°47'45.6680&quot; ,  PTO C 05°47'42.2720&quot; ,  PTO D 05°47'42.2720&quot; ,  PTO E 05°47'52.2480&quot; ,  PTO F 05°47'52.2480&quot;</SimpleData>
		<SimpleData name="LONGITUD">PTO A 81°01'27.8600&quot; ,  PTO B 81°01'22.3880&quot; ,  PTO C 81°01'22.3880&quot; ,  PTO D 81°00'53.3910&quot; ,  PTO E 81°00'53.3910&quot; ,  PTO F 81°01'27.8600&quot;</SimpleData>
		<SimpleData name="FLAG">1</SimpleData>
		<SimpleData name="Shape_STAr">0.00002509875</SimpleData>
		<SimpleData name="Shape_STLe">0.02469166667</SimpleData>
	</SchemaData></ExtendedData>
      <Polygon><outerBoundaryIs><LinearRing><coordinates>-81.014830833,-5.79784666699993 -81.024405556,-5.79784666699993 -81.024405556,-5.79601888899995 -81.022885556,-5.79601888899995 -81.022885556,-5.79507555599997 -81.014830833,-5.79507555599997 -81.014830833,-5.79784666699993</coordinates></LinearRing></outerBoundaryIs></Polygon>
  </Placemark>
  <Placemark>
	<name>ACUICULTORES EL FAIQUE S.A.C.</name>
	<description>ACUICULTORES EL FAIQUE S.A.C.</description>
	<Style><LineStyle><color>ff0000ff</color></LineStyle><PolyStyle><fill>0</fill></PolyStyle></Style>
	<ExtendedData><SchemaData schemaUrl="#Areas_de_Derechos_Acuícolas">
		<SimpleData name="CODIGO">21657</SimpleData>
		<SimpleData name="RESOLUCION">R.D.R. Nº 407-2025-GOBIERNO REGIONAL PIURA-DRP-DR</SimpleData>
		<SimpleData name="FECHA_EMIS">2025/06/12</SimpleData>
		<SimpleData name="FECHA_VIGE">2055/06/12</SimpleData>
		<SimpleData name="AREA_TOTAL">17.99900000</SimpleData>
		<SimpleData name="NRO_ZONA">1</SimpleData>
		<SimpleData name="AREA_ZONA_">17.99900000</SimpleData>
		<SimpleData name="ESPECIE">CONCHA DE ABANICO</SimpleData>
		<SimpleData name="AMBITO">MARICULTURA</SimpleData>
		<SimpleData name="TIPO_DEREC">CONCESION</SimpleData>
		<SimpleData name="CATEGORIA_">ACUICULTURA DE MICRO Y PEQUEÑA EMPRESA (AMYPE)</SimpleData>
		<SimpleData name="ESTADO">VIGENTE</SimpleData>
		<SimpleData name="DEPARTAMEN">PIURA</SimpleData>
		<SimpleData name="PROVINCIA">SECHURA</SimpleData>
		<SimpleData name="DISTRITO">SECHURA</SimpleData>
		<SimpleData name="ZONA">LOTE 97-B2 - BARRANCOS</SimpleData>
		<SimpleData name="TIPO_COORD">UBICACIÓN RD</SimpleData>
		<SimpleData name="DATUM">WGS 84</SimpleData>
		<SimpleData name="LATITUD">PTO A 05°46'01.3790&quot; ,  PTO B 05°46'01.3780&quot; ,  PTO C 05°46'16.0330&quot; ,  PTO D 05°46'16.0340&quot;</SimpleData>
		<SimpleData name="LONGITUD">PTO A 80°58'33.5480&quot; ,  PTO B 80°58'20.5420&quot; ,  PTO C 80°58'20.5420&quot; ,  PTO D 80°58'33.5470&quot;</SimpleData>
		<SimpleData name="FLAG">1</SimpleData>
		<SimpleData name="Shape_STAr">0.00001470645</SimpleData>
		<SimpleData name="Shape_STLe">0.01536694448</SimpleData>
	</SchemaData></ExtendedData>
      <Polygon><outerBoundaryIs><LinearRing><coordinates>-80.9723727779999,-5.77112027799996 -80.975985278,-5.77112055599998 -80.975985556,-5.76704972199996 -80.9723727779999,-5.76704944399994 -80.9723727779999,-5.77112027799996</coordinates></LinearRing></outerBoundaryIs></Polygon>
  </Placemark>
  <Placemark>
	<name>ASOCIACION DE PESCADORES ARTESANALES CRUZ DE MOTUPE</name>
	<description>ASOCIACION DE PESCADORES ARTESANALES CRUZ DE MOTUPE</description>
	<Style><LineStyle><color>ff0000ff</color></LineStyle><PolyStyle><fill>0</fill></PolyStyle></Style>
	<ExtendedData><SchemaData schemaUrl="#Areas_de_Derechos_Acuícolas">
		<SimpleData name="CODIGO">5344</SimpleData>
		<SimpleData name="RESOLUCION">R.D.R. Nº 453-2010-GOBIERNO REGIONAL PIURA-DIREPRO-DR</SimpleData>
		<SimpleData name="FECHA_EMIS">2010/09/03</SimpleData>
		<SimpleData name="FECHA_VIGE">2040/09/03</SimpleData>
		<SimpleData name="AREA_TOTAL">99.68000000</SimpleData>
		<SimpleData name="NRO_ZONA">1</SimpleData>
		<SimpleData name="AREA_ZONA_">0.00000000</SimpleData>
		<SimpleData name="ESPECIE">CONCHA DE ABANICO</SimpleData>
		<SimpleData name="AMBITO">MARICULTURA</SimpleData>
		<SimpleData name="TIPO_DEREC">CONCESION</SimpleData>
		<SimpleData name="CATEGORIA_">ACUICULTURA DE MICRO Y PEQUEÑA EMPRESA (AMYPE)</SimpleData>
		<SimpleData name="ESTADO">VIGENTE</SimpleData>
		<SimpleData name="DEPARTAMEN">PIURA</SimpleData>
		<SimpleData name="PROVINCIA">SECHURA</SimpleData>
		<SimpleData name="DISTRITO">SECHURA</SimpleData>
		<SimpleData name="ZONA">LOTE 70 - PARACHIQUE, BAHIA SECHURA</SimpleData>
		<SimpleData name="RESOLUCI_1">R.D.R. N° 016-2025-GOBIERNO REGIONAL PIURA-DRP-DR</SimpleData>
		<SimpleData name="FECHA_MODI">2025/01/16</SimpleData>
		<SimpleData name="TIPO_COORD">UBICACIÓN RD</SimpleData>
		<SimpleData name="DATUM">WGS 84</SimpleData>
		<SimpleData name="LATITUD">PTO A 5°43'42.957&quot; ,  PTO B 5°43'42.957&quot; ,  PTO C 5°44'06.425&quot; ,  PTO D 5°44'08.664&quot; ,  PTO E 5°44'15.527&quot; ,  PTO F 5°44'15.527&quot;</SimpleData>
		<SimpleData name="LONGITUD">PTO A 80°56'25.375&quot; ,  PTO B 80°55'52.867&quot; ,  PTO C 80°55'52.856&quot; ,  PTO D 80°55'53.629&quot; ,  PTO E 80°55'52.867&quot; ,  PTO F 80°56'25.375&quot;</SimpleData>
		<SimpleData name="FLAG">1</SimpleData>
		<SimpleData name="Shape_STAr">0.00008143715</SimpleData>
		<SimpleData name="Shape_STLe">0.03620186476</SimpleData>
	</SchemaData></ExtendedData>
      <Polygon><outerBoundaryIs><LinearRing><coordinates>-80.9313509999999,-5.73764599999989 -80.9403809999999,-5.73764599999989 -80.9403809999999,-5.72859899999999 -80.9313509999999,-5.72859899999999 -80.931348,-5.73511799999998 -80.931563,-5.73573999999993 -80.9313509999999,-5.73764599999989</coordinates></LinearRing></outerBoundaryIs></Polygon>
  </Placemark>
  <Placemark>
	<name>ASOCIACION DE PESCADORES ARTESANALES Y ACUICULTORES DIOS ES MI GUIA - PLAYA BLANCA</name>
	<description>ASOCIACION DE PESCADORES ARTESANALES Y ACUICULTORES DIOS ES MI GUIA - PLAYA BLANCA</description>
	<Style><LineStyle><color>ff0000ff</color></LineStyle><PolyStyle><fill>0</fill></PolyStyle></Style>
	<ExtendedData><SchemaData schemaUrl="#Areas_de_Derechos_Acuícolas">
		<SimpleData name="CODIGO">22013</SimpleData>
		<SimpleData name="RESOLUCION">R.D.R. Nº 1091-2025-GOBIERNO REGIONAL PIURA-DRP-DR</SimpleData>
		<SimpleData name="FECHA_EMIS">2025/12/19</SimpleData>
		<SimpleData name="FECHA_VIGE">2055/12/19</SimpleData>
		<SimpleData name="AREA_TOTAL">15.62000000</SimpleData>
		<SimpleData name="NRO_ZONA">1</SimpleData>
		<SimpleData name="AREA_ZONA_">15.62000000</SimpleData>
		<SimpleData name="ESPECIE">CONCHA DE ABANICO</SimpleData>
		<SimpleData name="AMBITO">MARICULTURA</SimpleData>
		<SimpleData name="TIPO_DEREC">CONCESION</SimpleData>
		<SimpleData name="CATEGORIA_">ACUICULTURA DE MICRO Y PEQUEÑA EMPRESA (AMYPE)</SimpleData>
		<SimpleData name="ESTADO">VIGENTE</SimpleData>
		<SimpleData name="DEPARTAMEN">PIURA</SimpleData>
		<SimpleData name="PROVINCIA">SECHURA</SimpleData>
		<SimpleData name="DISTRITO">SECHURA</SimpleData>
		<SimpleData name="ZONA">LOTE 02 - PUERTO RICO</SimpleData>
		<SimpleData name="TIPO_COORD">UBICACIÓN RD</SimpleData>
		<SimpleData name="DATUM">WGS 84</SimpleData>
		<SimpleData name="LATITUD">PTO A 05°47'33.7770&quot; ,  PTO B 05°47'25.6340&quot; ,  PTO C 05°47'39.5130&quot; ,  PTO D 05°47'39.5130&quot;</SimpleData>
		<SimpleData name="LONGITUD">PTO A 80°58'59.4340&quot; ,  PTO B 80°58'42.5660&quot; ,  PTO C 80°58'42.5680&quot; ,  PTO D 80°58'59.4340&quot;</SimpleData>
		<SimpleData name="FLAG">1</SimpleData>
		<SimpleData name="Shape_STAr">0.00001276381</SimpleData>
		<SimpleData name="Shape_STLe">0.01533657411</SimpleData>
	</SchemaData></ExtendedData>
      <Polygon><outerBoundaryIs><LinearRing><coordinates>-80.978491111,-5.79430916699997 -80.9831761109999,-5.79430916699997 -80.9831761109999,-5.79271583299995 -80.9784905559999,-5.79045388899993 -80.978491111,-5.79430916699997</coordinates></LinearRing></outerBoundaryIs></Polygon>
  </Placemark>
  <Placemark>
	<name>SEA LAB S.A.C.</name>
	<description>SEA LAB S.A.C.</description>
	<Style><LineStyle><color>ff0000ff</color></LineStyle><PolyStyle><fill>0</fill></PolyStyle></Style>
	<ExtendedData><SchemaData schemaUrl="#Areas_de_Derechos_Acuícolas">
		<SimpleData name="CODIGO">10797</SimpleData>
		<SimpleData name="RESOLUCION">R.D.R. Nº 387-2018-GOBIERNO REGIONAL PIURA-DRP-DR</SimpleData>
		<SimpleData name="FECHA_EMIS">2018/03/07</SimpleData>
		<SimpleData name="FECHA_VIGE">2028/03/07</SimpleData>
		<SimpleData name="AREA_TOTAL">1.03350000</SimpleData>
		<SimpleData name="NRO_ZONA">1</SimpleData>
		<SimpleData name="AREA_ZONA_">1.03350000</SimpleData>
		<SimpleData name="ESPECIE">CONCHA DE ABANICO</SimpleData>
		<SimpleData name="AMBITO">MARICULTURA</SimpleData>
		<SimpleData name="TIPO_DEREC">AUTORIZACION</SimpleData>
		<SimpleData name="CATEGORIA_">ACUICULTURA DE MICRO Y PEQUEÑA EMPRESA (AMYPE)</SimpleData>
		<SimpleData name="ESTADO">VIGENTE</SimpleData>
		<SimpleData name="DEPARTAMEN">PIURA</SimpleData>
		<SimpleData name="PROVINCIA">SECHURA</SimpleData>
		<SimpleData name="DISTRITO">SECHURA</SimpleData>
		<SimpleData name="ZONA">KM. 18.1, CARRETERA SECHURA-BAYOVAR, CALETA CONSTANTE</SimpleData>
		<SimpleData name="OBS_MODIFI">PRODUCCIÓN ANUAL PROYECTADA 1'200,000 MANOJOS DE SEMILLA</SimpleData>
		<SimpleData name="TIPO_COORD">UBICACIÓN RD</SimpleData>
		<SimpleData name="DATUM">WGS 84</SimpleData>
		<SimpleData name="LATITUD">PTO A 05°40'49.5000&quot; ,  PTO B 05°40'49.8000&quot; ,  PTO C 05°40'51.5000&quot; ,  PTO D 05°40'51.4000&quot; ,  PTO E 05°40'53.1000&quot; ,  PTO F 05°40'53.0000&quot;</SimpleData>
		<SimpleData name="LONGITUD">PTO A 80°51'03.6000&quot; ,  PTO B 80°50'59.0000&quot; ,  PTO C 80°50'59.1000&quot; ,  PTO D 80°51'02.1000&quot; ,  PTO E 80°51'02.2000&quot; ,  PTO F 80°51'03.6000&quot;</SimpleData>
		<SimpleData name="FLAG">1</SimpleData>
		<SimpleData name="Shape_STAr">0.00000081173</SimpleData>
		<SimpleData name="Shape_STLe">0.00442246739</SimpleData>
	</SchemaData></ExtendedData>
      <Polygon><outerBoundaryIs><LinearRing><coordinates>-80.849722222,-5.68049999999992 -80.84975,-5.680972222 -80.8505833329999,-5.68094444400001 -80.850611111,-5.68141666699991 -80.851,-5.68138888899992 -80.851,-5.68041666699995 -80.849722222,-5.68049999999992</coordinates></LinearRing></outerBoundaryIs></Polygon>
  </Placemark>
  <Placemark>
	<name>ASOCIACION DE PESCADORES ECO ACUICOLA ARTESANAL BAYOBAR</name>
	<description>ASOCIACION DE PESCADORES ECO ACUICOLA ARTESANAL BAYOBAR</description>
	<Style><LineStyle><color>ff0000ff</color></LineStyle><PolyStyle><fill>0</fill></PolyStyle></Style>
	<ExtendedData><SchemaData schemaUrl="#Areas_de_Derechos_Acuícolas">
		<SimpleData name="CODIGO">6751</SimpleData>
		<SimpleData name="RESOLUCION">R.D.R. Nº 227-2014-GOBIERNO REGIONAL PIURA-DRP-DR</SimpleData>
		<SimpleData name="FECHA_EMIS">2014/08/15</SimpleData>
		<SimpleData name="FECHA_VIGE">2044/08/15</SimpleData>
		<SimpleData name="AREA_TOTAL">30.70000000</SimpleData>
		<SimpleData name="NRO_ZONA">1</SimpleData>
		<SimpleData name="AREA_ZONA_">30.70000000</SimpleData>
		<SimpleData name="ESPECIE">CONCHA DE ABANICO</SimpleData>
		<SimpleData name="AMBITO">MARICULTURA</SimpleData>
		<SimpleData name="TIPO_DEREC">CONCESION</SimpleData>
		<SimpleData name="CATEGORIA_">ACUICULTURA DE MICRO Y PEQUEÑA EMPRESA (AMYPE)</SimpleData>
		<SimpleData name="ESTADO">VIGENTE</SimpleData>
		<SimpleData name="DEPARTAMEN">PIURA</SimpleData>
		<SimpleData name="PROVINCIA">SECHURA</SimpleData>
		<SimpleData name="DISTRITO">SECHURA</SimpleData>
		<SimpleData name="ZONA">LOTE 22 - PUERTO RICO - BAYOVAR, BAHIA SECHURA</SimpleData>
		<SimpleData name="RESOLUCI_1">R.D.R. Nº 719-2024-GOBIERNO REGIONAL PIURA-DRP-DR</SimpleData>
		<SimpleData name="FECHA_MODI">2024/10/14</SimpleData>
		<SimpleData name="TIPO_COORD">UBICACIÓN RD</SimpleData>
		<SimpleData name="DATUM">WGS 84</SimpleData>
		<SimpleData name="LATITUD">PTO A 05°48'38.9660&quot; ,  PTO B 05°48'38.9660&quot; ,  PTO C 05°48'58.3820&quot; ,  PTO D 05°48'58.3820&quot;</SimpleData>
		<SimpleData name="LONGITUD">PTO A 80°58'59.4130&quot; ,  PTO B 80°58'42.6670&quot; ,  PTO C 80°58'42.6670&quot; ,  PTO D 80°58'59.4130&quot;</SimpleData>
		<SimpleData name="FLAG">1</SimpleData>
		<SimpleData name="Shape_STAr">0.00002508799</SimpleData>
		<SimpleData name="Shape_STLe">0.02009000000</SimpleData>
	</SchemaData></ExtendedData>
      <Polygon><outerBoundaryIs><LinearRing><coordinates>-80.978518611,-5.81621722199997 -80.983170278,-5.81621722199997 -80.983170278,-5.81082388899995 -80.978518611,-5.81082388899995 -80.978518611,-5.81621722199997</coordinates></LinearRing></outerBoundaryIs></Polygon>
  </Placemark>
  <Placemark>
	<name>ADEAPEMA S.A.C.</name>
	<description>ADEAPEMA S.A.C.</description>
	<Style><LineStyle><color>ff0000ff</color></LineStyle><PolyStyle><fill>0</fill></PolyStyle></Style>
	<ExtendedData><SchemaData schemaUrl="#Areas_de_Derechos_Acuícolas">
		<SimpleData name="CODIGO">6636</SimpleData>
		<SimpleData name="RESOLUCION">R.D.R. Nº 223-2014-GOBIERNO REGIONAL PIURA-DRP-DR</SimpleData>
		<SimpleData name="FECHA_EMIS">2014/08/07</SimpleData>
		<SimpleData name="FECHA_VIGE">2044/08/07</SimpleData>
		<SimpleData name="AREA_TOTAL">30.70000000</SimpleData>
		<SimpleData name="NRO_ZONA">1</SimpleData>
		<SimpleData name="AREA_ZONA_">30.70000000</SimpleData>
		<SimpleData name="ESPECIE">CONCHA DE ABANICO</SimpleData>
		<SimpleData name="AMBITO">MARICULTURA</SimpleData>
		<SimpleData name="TIPO_DEREC">CONCESION</SimpleData>
		<SimpleData name="CATEGORIA_">ACUICULTURA DE MEDIANA Y GRAN EMPRESA (AMYGE)</SimpleData>
		<SimpleData name="ESTADO">VIGENTE</SimpleData>
		<SimpleData name="DEPARTAMEN">PIURA</SimpleData>
		<SimpleData name="PROVINCIA">SECHURA</SimpleData>
		<SimpleData name="DISTRITO">SECHURA</SimpleData>
		<SimpleData name="ZONA">LOTE 07 - PUERTO RICO - BAYOVAR, BAHIA SECHURA</SimpleData>
		<SimpleData name="RESOLUCI_1">R.D. N° 029-2025-PRODUCE/DGA</SimpleData>
		<SimpleData name="FECHA_MODI">2025/09/19</SimpleData>
		<SimpleData name="TIPO_COORD">UBICACIÓN RD</SimpleData>
		<SimpleData name="DATUM">WGS 84</SimpleData>
		<SimpleData name="LATITUD">PTO A 05°47'55.6980&quot; ,  PTO B 05°47'55.6980&quot; ,  PTO C 05°48'06.8710&quot; ,  PTO D 05°48'06.8710&quot;</SimpleData>
		<SimpleData name="LONGITUD">PTO A 81°01'22.3970&quot; ,  PTO B 81°00'53.3140&quot; ,  PTO C 81°00'53.3140&quot; ,  PTO D 81°01'22.3970&quot;</SimpleData>
		<SimpleData name="FLAG">1</SimpleData>
		<SimpleData name="Shape_STAr">0.00002507287</SimpleData>
		<SimpleData name="Shape_STLe">0.02236444445</SimpleData>
	</SchemaData></ExtendedData>
      <Polygon><outerBoundaryIs><LinearRing><coordinates>-81.014809444,-5.80190861099993 -81.0228880559999,-5.80190861099993 -81.0228880559999,-5.79880499999999 -81.014809444,-5.79880499999999 -81.014809444,-5.80190861099993</coordinates></LinearRing></outerBoundaryIs></Polygon>
  </Placemark>
  <Placemark>
	<name>ASOCIACION DE PESCADORES ARTESANALES ACUICULTORES &quot;MADRE MIA-LA BOCANA&quot;</name>
	<description>ASOCIACION DE PESCADORES ARTESANALES ACUICULTORES &quot;MADRE MIA-LA BOCANA&quot;</description>
	<Style><LineStyle><color>ff0000ff</color></LineStyle><PolyStyle><fill>0</fill></PolyStyle></Style>
	<ExtendedData><SchemaData schemaUrl="#Areas_de_Derechos_Acuícolas">
		<SimpleData name="CODIGO">5660</SimpleData>
		<SimpleData name="RESOLUCION">R.D.R. Nº 170-2011-GOBIERNO REGIONAL PIURA-DIREPRO-DR</SimpleData>
		<SimpleData name="FECHA_EMIS">2011/04/28</SimpleData>
		<SimpleData name="FECHA_VIGE">2041/04/28</SimpleData>
		<SimpleData name="AREA_TOTAL">28.00000000</SimpleData>
		<SimpleData name="NRO_ZONA">1</SimpleData>
		<SimpleData name="AREA_ZONA_">28.00000000</SimpleData>
		<SimpleData name="ESPECIE">CONCHA DE ABANICO</SimpleData>
		<SimpleData name="AMBITO">MARICULTURA</SimpleData>
		<SimpleData name="TIPO_DEREC">CONCESION</SimpleData>
		<SimpleData name="CATEGORIA_">ACUICULTURA DE MEDIANA Y GRAN EMPRESA (AMYGE)</SimpleData>
		<SimpleData name="ESTADO">VIGENTE</SimpleData>
		<SimpleData name="DEPARTAMEN">PIURA</SimpleData>
		<SimpleData name="PROVINCIA">SECHURA</SimpleData>
		<SimpleData name="DISTRITO">SECHURA</SimpleData>
		<SimpleData name="ZONA">LOTE 61-B - LAS DELICIAS</SimpleData>
		<SimpleData name="RESOLUCI_1">R.D. N° 039-2025-PRODUCE/DGA</SimpleData>
		<SimpleData name="FECHA_MODI">2025/11/27</SimpleData>
		<SimpleData name="TIPO_COORD">UBICACIÓN RD</SimpleData>
		<SimpleData name="DATUM">WGS 84</SimpleData>
		<SimpleData name="LATITUD">PTO A 05°42'48.4960&quot; ,  PTO B 05°42'48.4960&quot; ,  PTO C 05°43'17.6240&quot; ,  PTO D 05°43'17.6240&quot;</SimpleData>
		<SimpleData name="LONGITUD">PTO A 80°54'54.9540&quot; ,  PTO B 80°54'44.7750&quot; ,  PTO C 80°54'44.7750&quot; ,  PTO D 80°54'54.9540&quot;</SimpleData>
		<SimpleData name="FLAG">1</SimpleData>
		<SimpleData name="Shape_STAr">0.00002287762</SimpleData>
		<SimpleData name="Shape_STLe">0.02183722222</SimpleData>
	</SchemaData></ExtendedData>
      <Polygon><outerBoundaryIs><LinearRing><coordinates>-80.915265,-5.72156222199996 -80.915265,-5.71347111099992 -80.9124374999999,-5.71347111099992 -80.9124374999999,-5.72156222199996 -80.915265,-5.72156222199996</coordinates></LinearRing></outerBoundaryIs></Polygon>
  </Placemark>
  <Placemark>
	<name>ACUICULTORES EMANUEL CONSTANTE SOCIEDAD ANONIMA CERRADA</name>
	<description>ACUICULTORES EMANUEL CONSTANTE SOCIEDAD ANONIMA CERRADA</description>
	<Style><LineStyle><color>ff0000ff</color></LineStyle><PolyStyle><fill>0</fill></PolyStyle></Style>
	<ExtendedData><SchemaData schemaUrl="#Areas_de_Derechos_Acuícolas">
		<SimpleData name="CODIGO">20804</SimpleData>
		<SimpleData name="RESOLUCION">R.D.R. Nº 08-2024-GOBIERNO REGIONAL PIURA-DRP-DR</SimpleData>
		<SimpleData name="FECHA_EMIS">2024/01/12</SimpleData>
		<SimpleData name="FECHA_VIGE">2054/01/12</SimpleData>
		<SimpleData name="AREA_TOTAL">20.41300000</SimpleData>
		<SimpleData name="NRO_ZONA">1</SimpleData>
		<SimpleData name="AREA_ZONA_">20.41300000</SimpleData>
		<SimpleData name="ESPECIE">CONCHA DE ABANICO</SimpleData>
		<SimpleData name="AMBITO">MARICULTURA</SimpleData>
		<SimpleData name="TIPO_DEREC">CONCESION</SimpleData>
		<SimpleData name="CATEGORIA_">ACUICULTURA DE MICRO Y PEQUEÑA EMPRESA (AMYPE)</SimpleData>
		<SimpleData name="ESTADO">VIGENTE</SimpleData>
		<SimpleData name="DEPARTAMEN">PIURA</SimpleData>
		<SimpleData name="PROVINCIA">SECHURA</SimpleData>
		<SimpleData name="DISTRITO">SECHURA</SimpleData>
		<SimpleData name="ZONA">LOTE 140-G - CONSTANTE</SimpleData>
		<SimpleData name="RESOLUCI_1">R.D.R. N° 622-2024-GOBIERNO REGIONAL PIURA-DRP-DR</SimpleData>
		<SimpleData name="FECHA_MODI">2024/08/27</SimpleData>
		<SimpleData name="TIPO_COORD">UBICACIÓN RD</SimpleData>
		<SimpleData name="DATUM">WGS 84</SimpleData>
		<SimpleData name="LATITUD">PTO A 05°39'35.4970&quot; ,  PTO B 05°39'35.4950&quot; ,  PTO C 05°39'52.6340&quot; ,  PTO D 05°39'52.6360&quot;</SimpleData>
		<SimpleData name="LONGITUD">PTO A 80°54'44.5400&quot; ,  PTO B 80°54'31.9300&quot; ,  PTO C 80°54'31.9280&quot; ,  PTO D 80°54'44.5380&quot;</SimpleData>
		<SimpleData name="FLAG">1</SimpleData>
		<SimpleData name="Shape_STAr">0.00001667614</SimpleData>
		<SimpleData name="Shape_STLe">0.01652722238</SimpleData>
	</SchemaData></ExtendedData>
      <Polygon><outerBoundaryIs><LinearRing><coordinates>-80.908868889,-5.66462055599993 -80.912371667,-5.66462111099998 -80.912372222,-5.65986027799997 -80.9088694439999,-5.65985972199992 -80.908868889,-5.66462055599993</coordinates></LinearRing></outerBoundaryIs></Polygon>
  </Placemark>
  <Placemark>
	<name>ASOCIACION DE PESCADORES EXTRACTORES DE MARISCOS DE LA UNION</name>
	<description>ASOCIACION DE PESCADORES EXTRACTORES DE MARISCOS DE LA UNION</description>
	<Style><LineStyle><color>ff0000ff</color></LineStyle><PolyStyle><fill>0</fill></PolyStyle></Style>
	<ExtendedData><SchemaData schemaUrl="#Areas_de_Derechos_Acuícolas">
		<SimpleData name="CODIGO">21311</SimpleData>
		<SimpleData name="RESOLUCION">R.D.R. Nº 763-2024-GOBIERNO REGIONAL PIURA-DRP-DR</SimpleData>
		<SimpleData name="FECHA_EMIS">2024/11/05</SimpleData>
		<SimpleData name="FECHA_VIGE">2054/11/05</SimpleData>
		<SimpleData name="AREA_TOTAL">30.70000000</SimpleData>
		<SimpleData name="NRO_ZONA">1</SimpleData>
		<SimpleData name="AREA_ZONA_">30.70000000</SimpleData>
		<SimpleData name="ESPECIE">CONCHA DE ABANICO</SimpleData>
		<SimpleData name="AMBITO">MARICULTURA</SimpleData>
		<SimpleData name="TIPO_DEREC">CONCESION</SimpleData>
		<SimpleData name="CATEGORIA_">ACUICULTURA DE MICRO Y PEQUEÑA EMPRESA (AMYPE)</SimpleData>
		<SimpleData name="ESTADO">VIGENTE</SimpleData>
		<SimpleData name="DEPARTAMEN">PIURA</SimpleData>
		<SimpleData name="PROVINCIA">SECHURA</SimpleData>
		<SimpleData name="DISTRITO">SECHURA</SimpleData>
		<SimpleData name="ZONA">LOTE 20-PUERTO RICO</SimpleData>
		<SimpleData name="TIPO_COORD">UBICACIÓN RD</SimpleData>
		<SimpleData name="DATUM">WGS 84</SimpleData>
		<SimpleData name="LATITUD">PTO A 05°48'37.8960&quot; ,  PTO B 05°48'37.8960&quot; ,  PTO C 05°48'57.2900&quot; ,  PTO D 05°48'52.5420&quot;</SimpleData>
		<SimpleData name="LONGITUD">PTO A 80°59'43.9590&quot; ,  PTO B 80°59'24.8540&quot; ,  PTO C 80°59'24.8540&quot; ,  PTO D 80°59'43.9590&quot;</SimpleData>
		<SimpleData name="FLAG">1</SimpleData>
		<SimpleData name="Shape_STAr">0.00002509005</SimpleData>
		<SimpleData name="Shape_STLe">0.02023087519</SimpleData>
	</SchemaData></ExtendedData>
      <Polygon><outerBoundaryIs><LinearRing><coordinates>-80.9902372219999,-5.81052666699996 -80.9902372219999,-5.81591388899992 -80.9955441669999,-5.81459499999995 -80.9955441669999,-5.81052666699996 -80.9902372219999,-5.81052666699996</coordinates></LinearRing></outerBoundaryIs></Polygon>
  </Placemark>
  <Placemark>
	<name>ECO SOLUCIONES DEL NORTE S.A.C.</name>
	<description>ECO SOLUCIONES DEL NORTE S.A.C.</description>
	<Style><LineStyle><color>ff0000ff</color></LineStyle><PolyStyle><fill>0</fill></PolyStyle></Style>
	<ExtendedData><SchemaData schemaUrl="#Areas_de_Derechos_Acuícolas">
		<SimpleData name="CODIGO">20749</SimpleData>
		<SimpleData name="RESOLUCION">R.D.R. Nº 821-2023-GOBIERNO REGIONAL PIURA-DRP-DR</SimpleData>
		<SimpleData name="FECHA_EMIS">2023/11/09</SimpleData>
		<SimpleData name="FECHA_VIGE">2053/11/09</SimpleData>
		<SimpleData name="AREA_TOTAL">20.26900000</SimpleData>
		<SimpleData name="NRO_ZONA">1</SimpleData>
		<SimpleData name="AREA_ZONA_">20.26900000</SimpleData>
		<SimpleData name="ESPECIE">CONCHA DE ABANICO</SimpleData>
		<SimpleData name="AMBITO">MARICULTURA</SimpleData>
		<SimpleData name="TIPO_DEREC">CONCESION</SimpleData>
		<SimpleData name="CATEGORIA_">ACUICULTURA DE MICRO Y PEQUEÑA EMPRESA (AMYPE)</SimpleData>
		<SimpleData name="ESTADO">VIGENTE</SimpleData>
		<SimpleData name="DEPARTAMEN">PIURA</SimpleData>
		<SimpleData name="PROVINCIA">SECHURA</SimpleData>
		<SimpleData name="DISTRITO">SECHURA</SimpleData>
		<SimpleData name="ZONA">LOTE 117-D - BARRANCOS</SimpleData>
		<SimpleData name="TIPO_COORD">UBICACIÓN REFERENCIAL</SimpleData>
		<SimpleData name="DATUM">WGS 84</SimpleData>
		<SimpleData name="LATITUD">PTO A 05°47'48.8290&quot; ,  PTO B 05°47'48.8290&quot; ,  PTO C 05°48'03.4930&quot; ,  PTO D 05°48'03.4930&quot;</SimpleData>
		<SimpleData name="LONGITUD">PTO A 80°56'29.9900&quot; ,  PTO B 80°56'15.3520&quot; ,  PTO C 80°56'15.3520&quot; ,  PTO D 80°56'29.9900&quot;</SimpleData>
		<SimpleData name="FLAG">1</SimpleData>
		<SimpleData name="Shape_STAr">0.00001656263</SimpleData>
		<SimpleData name="Shape_STLe">0.01627888889</SimpleData>
	</SchemaData></ExtendedData>
      <Polygon><outerBoundaryIs><LinearRing><coordinates>-80.937597778,-5.800970278 -80.941663889,-5.800970278 -80.941663889,-5.79689694399995 -80.937597778,-5.79689694399995 -80.937597778,-5.800970278</coordinates></LinearRing></outerBoundaryIs></Polygon>
  </Placemark>
  <Placemark>
	<name>ASOCIACION DE PESCADORES Y EXTRACTORES DE MARISCOS MIRA-MHAR</name>
	<description>ASOCIACION DE PESCADORES Y EXTRACTORES DE MARISCOS MIRA-MHAR</description>
	<Style><LineStyle><color>ff0000ff</color></LineStyle><PolyStyle><fill>0</fill></PolyStyle></Style>
	<ExtendedData><SchemaData schemaUrl="#Areas_de_Derechos_Acuícolas">
		<SimpleData name="CODIGO">21658</SimpleData>
		<SimpleData name="RESOLUCION">R.D.R. Nº 432-2025-GOBIERNO REGIONAL PIURA-DRP-DR</SimpleData>
		<SimpleData name="FECHA_EMIS">2025/06/19</SimpleData>
		<SimpleData name="FECHA_VIGE">2055/06/19</SimpleData>
		<SimpleData name="AREA_TOTAL">32.70500000</SimpleData>
		<SimpleData name="NRO_ZONA">1</SimpleData>
		<SimpleData name="AREA_ZONA_">32.70500000</SimpleData>
		<SimpleData name="ESPECIE">CONCHA DE ABANICO</SimpleData>
		<SimpleData name="AMBITO">MARICULTURA</SimpleData>
		<SimpleData name="TIPO_DEREC">CONCESION</SimpleData>
		<SimpleData name="CATEGORIA_">ACUICULTURA DE MICRO Y PEQUEÑA EMPRESA (AMYPE)</SimpleData>
		<SimpleData name="ESTADO">VIGENTE</SimpleData>
		<SimpleData name="DEPARTAMEN">PIURA</SimpleData>
		<SimpleData name="PROVINCIA">SECHURA</SimpleData>
		<SimpleData name="DISTRITO">SECHURA</SimpleData>
		<SimpleData name="ZONA">LOTE N° 143 - PARACHIQUE</SimpleData>
		<SimpleData name="TIPO_COORD">UBICACIÓN RD</SimpleData>
		<SimpleData name="DATUM">WGS 84</SimpleData>
		<SimpleData name="LATITUD">PTO A 05°43'53.2630&quot; ,  PTO B 05°43'53.2600&quot; ,  PTO C 05°44'07.4700&quot; ,  PTO D 05°44'30.5580&quot; ,  PTO E 05°44'49.9920&quot; ,  PTO F 05°44'50.6020&quot;</SimpleData>
		<SimpleData name="LONGITUD">PTO A 80°53'36.8620&quot; ,  PTO B 80°53'25.3010&quot; ,  PTO C 80°53'27.5920&quot; ,  PTO D 80°53'32.6890&quot; ,  PTO E 80°53'36.5760&quot; ,  PTO F 80°53'36.8520&quot;</SimpleData>
		<SimpleData name="FLAG">1</SimpleData>
		<SimpleData name="Shape_STAr">0.00002672103</SimpleData>
		<SimpleData name="Shape_STLe">0.03539607383</SimpleData>
	</SchemaData></ExtendedData>
      <Polygon><outerBoundaryIs><LinearRing><coordinates>-80.893493333,-5.74721999999997 -80.89357,-5.74738944399996 -80.8935727779999,-5.7314619439999 -80.8903613889999,-5.73146111099992 -80.8909977779999,-5.73540833299993 -80.8924136109999,-5.74182166699998 -80.893493333,-5.74721999999997</coordinates></LinearRing></outerBoundaryIs></Polygon>
  </Placemark>
  <Placemark>
	<name>&quot;ASOCIACION DE PESCADORES Y EXTRACTORES ARTESANALES BAHIA AZUL - SECHURA</name>
	<description>&quot;ASOCIACION DE PESCADORES Y EXTRACTORES ARTESANALES BAHIA AZUL - SECHURA</description>
	<Style><LineStyle><color>ff0000ff</color></LineStyle><PolyStyle><fill>0</fill></PolyStyle></Style>
	<ExtendedData><SchemaData schemaUrl="#Areas_de_Derechos_Acuícolas">
		<SimpleData name="CODIGO">5632</SimpleData>
		<SimpleData name="RESOLUCION">R.D.R. Nº 030-2011-GOBIERNO REGIONAL PIURA-DIREPRO-DR</SimpleData>
		<SimpleData name="FECHA_EMIS">2011/02/03</SimpleData>
		<SimpleData name="FECHA_VIGE">2041/02/03</SimpleData>
		<SimpleData name="AREA_TOTAL">100.00000000</SimpleData>
		<SimpleData name="NRO_ZONA">1</SimpleData>
		<SimpleData name="AREA_ZONA_">100.00000000</SimpleData>
		<SimpleData name="ESPECIE">CONCHA DE ABANICO</SimpleData>
		<SimpleData name="AMBITO">MARICULTURA</SimpleData>
		<SimpleData name="TIPO_DEREC">CONCESION</SimpleData>
		<SimpleData name="CATEGORIA_">ACUICULTURA DE MICRO Y PEQUEÑA EMPRESA (AMYPE)</SimpleData>
		<SimpleData name="ESTADO">VIGENTE</SimpleData>
		<SimpleData name="DEPARTAMEN">PIURA</SimpleData>
		<SimpleData name="PROVINCIA">SECHURA</SimpleData>
		<SimpleData name="DISTRITO">SECHURA</SimpleData>
		<SimpleData name="ZONA">LOTE 33 - MATACABALLO, BAHIA SECHURA</SimpleData>
		<SimpleData name="RESOLUCI_1">R.D. N° 008-2022-PRODUCE/DGA</SimpleData>
		<SimpleData name="FECHA_MODI">2022/04/01</SimpleData>
		<SimpleData name="TIPO_COORD">UBICACIÓN RD</SimpleData>
		<SimpleData name="DATUM">WGS 84</SimpleData>
		<SimpleData name="LATITUD">PTO A 5°37'49.810&quot; ,  PTO B 5°37'49.810&quot; ,  PTO C 5°38'22.377&quot; ,  PTO D 5°38'22.377&quot;</SimpleData>
		<SimpleData name="LONGITUD">PTO A 80°55'4.872&quot; ,  PTO B 80°54'32.362&quot; ,  PTO C 80°54'32.362&quot; ,  PTO D 80°55'4.872&quot;</SimpleData>
		<SimpleData name="FLAG">1</SimpleData>
		<SimpleData name="Shape_STAr">0.00008170346</SimpleData>
		<SimpleData name="Shape_STLe">0.03615600000</SimpleData>
	</SchemaData></ExtendedData>
      <Polygon><outerBoundaryIs><LinearRing><coordinates>-80.9089889999999,-5.63954899999993 -80.91802,-5.63954899999993 -80.91802,-5.63050199999993 -80.9089889999999,-5.63050199999993 -80.9089889999999,-5.63954899999993</coordinates></LinearRing></outerBoundaryIs></Polygon>
  </Placemark>
  <Placemark>
	<name>ACUICOLA MARCER S.A.C.</name>
	<description>ACUICOLA MARCER S.A.C.</description>
	<Style><LineStyle><color>ff0000ff</color></LineStyle><PolyStyle><fill>0</fill></PolyStyle></Style>
	<ExtendedData><SchemaData schemaUrl="#Areas_de_Derechos_Acuícolas">
		<SimpleData name="CODIGO">20786</SimpleData>
		<SimpleData name="RESOLUCION">R.D.R. Nº 931-2023-GOBIERNO REGIONAL PIURA-DRP-DR</SimpleData>
		<SimpleData name="FECHA_EMIS">2023/12/19</SimpleData>
		<SimpleData name="FECHA_VIGE">2053/12/19</SimpleData>
		<SimpleData name="AREA_TOTAL">19.23200000</SimpleData>
		<SimpleData name="NRO_ZONA">1</SimpleData>
		<SimpleData name="AREA_ZONA_">19.23200000</SimpleData>
		<SimpleData name="ESPECIE">CONCHA DE ABANICO</SimpleData>
		<SimpleData name="AMBITO">MARICULTURA</SimpleData>
		<SimpleData name="TIPO_DEREC">CONCESION</SimpleData>
		<SimpleData name="CATEGORIA_">ACUICULTURA DE MICRO Y PEQUEÑA EMPRESA (AMYPE)</SimpleData>
		<SimpleData name="ESTADO">VIGENTE</SimpleData>
		<SimpleData name="DEPARTAMEN">PIURA</SimpleData>
		<SimpleData name="PROVINCIA">SECHURA</SimpleData>
		<SimpleData name="DISTRITO">SECHURA</SimpleData>
		<SimpleData name="ZONA">LOTE N° 139-J - CHULLIYACHI</SimpleData>
		<SimpleData name="TIPO_COORD">UBICACIÓN RD</SimpleData>
		<SimpleData name="DATUM">WGS 84</SimpleData>
		<SimpleData name="LATITUD">PTO A 05°35'47.8650&quot; ,  PTO B 05°35'47.8630&quot; ,  PTO C 05°36'05.9590&quot; ,  PTO D 05°36'05.9610&quot;</SimpleData>
		<SimpleData name="LONGITUD">PTO A 80°54'29.0950&quot; ,  PTO B 80°54'17.8500&quot; ,  PTO C 80°54'17.8360&quot; ,  PTO D 80°54'29.0930&quot;</SimpleData>
		<SimpleData name="FLAG">1</SimpleData>
		<SimpleData name="Shape_STAr">0.00001570973</SimpleData>
		<SimpleData name="Shape_STLe">0.01630389052</SimpleData>
	</SchemaData></ExtendedData>
      <Polygon><outerBoundaryIs><LinearRing><coordinates>-80.9049544439999,-5.60165527799995 -80.908081389,-5.6016558329999 -80.908081944,-5.59662916699993 -80.904958333,-5.59662861099997 -80.9049544439999,-5.60165527799995</coordinates></LinearRing></outerBoundaryIs></Polygon>
  </Placemark>
  <Placemark>
	<name>MULTICULTIVOS MARINOS SOCIEDAD ANONINA CERRADA - MULTICULTIVOS MARINOS S.A.C.</name>
	<description>MULTICULTIVOS MARINOS SOCIEDAD ANONINA CERRADA - MULTICULTIVOS MARINOS S.A.C.</description>
	<Style><LineStyle><color>ff0000ff</color></LineStyle><PolyStyle><fill>0</fill></PolyStyle></Style>
	<ExtendedData><SchemaData schemaUrl="#Areas_de_Derechos_Acuícolas">
		<SimpleData name="CODIGO">5462</SimpleData>
		<SimpleData name="RESOLUCION">R.D.R. Nº 540-2010-GOBIERNO REGIONAL PIURA-DIREPRO-DR</SimpleData>
		<SimpleData name="FECHA_EMIS">2010/10/14</SimpleData>
		<SimpleData name="FECHA_VIGE">2040/10/14</SimpleData>
		<SimpleData name="AREA_TOTAL">45.46500000</SimpleData>
		<SimpleData name="NRO_ZONA">1</SimpleData>
		<SimpleData name="AREA_ZONA_">45.46500000</SimpleData>
		<SimpleData name="ESPECIE">CONCHA DE ABANICO</SimpleData>
		<SimpleData name="AMBITO">MARICULTURA</SimpleData>
		<SimpleData name="TIPO_DEREC">CONCESION</SimpleData>
		<SimpleData name="CATEGORIA_">ACUICULTURA DE MICRO Y PEQUEÑA EMPRESA (AMYPE)</SimpleData>
		<SimpleData name="ESTADO">VIGENTE</SimpleData>
		<SimpleData name="DEPARTAMEN">PIURA</SimpleData>
		<SimpleData name="PROVINCIA">SECHURA</SimpleData>
		<SimpleData name="DISTRITO">SECHURA</SimpleData>
		<SimpleData name="ZONA">LOTE 121-B - BARRANCOS</SimpleData>
		<SimpleData name="RESOLUCI_1">R.D.R. N° 1122-2025-GOBIERNO REGIONAL PIURA-DRP-DR</SimpleData>
		<SimpleData name="FECHA_MODI">2025/12/31</SimpleData>
		<SimpleData name="TIPO_COORD">UBICACIÓN RD</SimpleData>
		<SimpleData name="DATUM">WGS 84</SimpleData>
		<SimpleData name="LATITUD">PTO A 05°48'21.5570&quot; ,  PTO B 05°48'21.5570&quot; ,  PTO C 05°48'25.8080&quot; ,  PTO D 05°48'39.3170&quot; ,  PTO E 05°48'39.3170&quot;</SimpleData>
		<SimpleData name="LONGITUD">PTO A 80°55'18.4560&quot; ,  PTO B 80°54'45.9400&quot; ,  PTO C 80°54'45.9400&quot; ,  PTO D 80°55'00.1550&quot; ,  PTO E 80°55'18.4560&quot;</SimpleData>
		<SimpleData name="FLAG">1</SimpleData>
		<SimpleData name="Shape_STAr">0.00003715038</SimpleData>
		<SimpleData name="Shape_STLe">0.02567727326</SimpleData>
	</SchemaData></ExtendedData>
      <Polygon><outerBoundaryIs><LinearRing><coordinates>-80.916709722,-5.81092138899993 -80.921793333,-5.81092138899993 -80.921793333,-5.80598805599995 -80.912761111,-5.80598805599995 -80.912761111,-5.80716888899996 -80.916709722,-5.81092138899993</coordinates></LinearRing></outerBoundaryIs></Polygon>
  </Placemark>
  <Placemark>
	<name>PESCA Y ACUICULTURA LA SIRENITA DE VICHAYO SOCIEDAD ANONIMA CERRADA</name>
	<description>PESCA Y ACUICULTURA LA SIRENITA DE VICHAYO SOCIEDAD ANONIMA CERRADA</description>
	<Style><LineStyle><color>ff0000ff</color></LineStyle><PolyStyle><fill>0</fill></PolyStyle></Style>
	<ExtendedData><SchemaData schemaUrl="#Areas_de_Derechos_Acuícolas">
		<SimpleData name="CODIGO">21159</SimpleData>
		<SimpleData name="RESOLUCION">R.D.R. Nº 599-2024-GOBIERNO REGIONAL PIURA-DRP-DR</SimpleData>
		<SimpleData name="FECHA_EMIS">2024/08/14</SimpleData>
		<SimpleData name="FECHA_VIGE">2054/08/14</SimpleData>
		<SimpleData name="AREA_TOTAL">20.81000000</SimpleData>
		<SimpleData name="NRO_ZONA">1</SimpleData>
		<SimpleData name="AREA_ZONA_">20.81000000</SimpleData>
		<SimpleData name="ESPECIE">CONCHA DE ABANICO</SimpleData>
		<SimpleData name="AMBITO">MARICULTURA</SimpleData>
		<SimpleData name="TIPO_DEREC">CONCESION</SimpleData>
		<SimpleData name="CATEGORIA_">ACUICULTURA DE MICRO Y PEQUEÑA EMPRESA (AMYPE)</SimpleData>
		<SimpleData name="ESTADO">VIGENTE</SimpleData>
		<SimpleData name="DEPARTAMEN">PIURA</SimpleData>
		<SimpleData name="PROVINCIA">SECHURA</SimpleData>
		<SimpleData name="DISTRITO">SECHURA</SimpleData>
		<SimpleData name="ZONA">LOTE 147 - VICHAYO</SimpleData>
		<SimpleData name="TIPO_COORD">UBICACIÓN RD</SimpleData>
		<SimpleData name="DATUM">WGS 84</SimpleData>
		<SimpleData name="LATITUD">PTO A 05°49'18.3960&quot; ,  PTO B 05°49'18.3930&quot; ,  PTO C 05°49'33.5270&quot;</SimpleData>
		<SimpleData name="LONGITUD">PTO A 80°56'29.9860&quot; ,  PTO B 80°56'00.8560&quot; ,  PTO C 80°56'29.9850&quot;</SimpleData>
		<SimpleData name="FLAG">1</SimpleData>
		<SimpleData name="Shape_STAr">0.00001700486</SimpleData>
		<SimpleData name="Shape_STLe">0.02141301465</SimpleData>
	</SchemaData></ExtendedData>
      <Polygon><outerBoundaryIs><LinearRing><coordinates>-80.933571111,-5.82177583299991 -80.9416624999999,-5.82597972199993 -80.941662778,-5.82177666699998 -80.933571111,-5.82177583299991</coordinates></LinearRing></outerBoundaryIs></Polygon>
  </Placemark>
</Folder>
</Document></kml>
